album_id,album_name,album_total_tracks,album_type,album_release_date,album_genres,album_label,album_popularity
66OKdF2UFS4TC5FToHWL5Y,Džanum,1,single,2023-03-22,[],Režim & Južni Vetar,72
6nlUFeFAPjaDTA7A0VVwnO,Spider-Man: Across the Spider-Verse (Original Score),34,album,2023-06-02,[],Sony Classical,76
0HSQaKxWwZCSU4PnUW1RnY,"They think you are a monster, prove them right",1,single,2023-03-18,[],8inch meyus,35
1d6zYSMdMycQgpdwNUsORs,MENACE TO SOCIETY,11,album,2023-05-26,[],25/7 Records LLC.,59
7u8aAYprJucEFRmH2l6tJJ,Ora (Deluxe Version),25,album,2011-01-25,[],Universal Music Italia srL.,43
0wseGI0Yw53Ys8W7QGX36a,10,11,album,2023-06-29,[],Universal Music Italia srL.,80
4ir7AIjfrMVHTxZhnfzhWl,La Divina Commedia,16,album,2023-06-02,[],Epic,83
3KmE6jhg7fEXffy7F5XIMn,"Call of Duty: Black Ops II Zombies – ""Mob of the Dead"" Soundtrack",26,album,2013-04-23,[],Activision,47
5Ktys9SYMY2DeqyhGLzQBn,Call of Duty Black Ops II (Original Game Soundtrack),49,album,2012-11-13,[],Activision,49
5xMwhSAkKVHgBAmS8ApZkO,Atlas and the Cruel World,10,album,2020-10-23,[],Owsey,32
1kTlYbs28MXw7hwO0NLYif,Encore (Deluxe Version),23,album,2004-11-12,[],Aftermath,83
1vU1ePx8IOwsYRo5nh63nn,VETRI NERI,1,single,2023-05-19,[],Warner Music,75
5rFZcoCvmCaJ1gxTMU4JTm,Master Of Puppets (Deluxe Box Set / Remastered),137,album,1986-03-03,[],Blackened Recordings / Universal Music,57
1QYPAEk2Ksj3WPv3mvoDnL,LET GO,1,single,2022-12-15,[],Central Cee,74
1bwbZJ6khPJyVpOaqgKsoZ,METRO BOOMIN PRESENTS SPIDER-MAN: ACROSS THE SPIDER-VERSE (SOUNDTRACK FROM AND INSPIRED BY THE MOTION PICTURE),13,album,2023-06-02,[],Republic Records,91
3vre3MqEPBqqUvIQMUMpXF,"Memphis Cult Greatest Hits Speed UP, Vol. 1",18,compilation,2023-03-10,[],Memphis Cult,46
4B3FsNFguOEJ4TWEsct83B,Romantic Homicide,1,single,2022-07-20,[],Darkroom/Interscope Records,80
1wJ0LO5PnMZDTrWR2C7qQ8,"Shell Shocked (feat. Kill the Noise & Madsonik) [From ""Teenage Mutant Ninja Turtles""]",1,single,2014-07-22,[],Atlantic Records,56
2na9riat7uwn9pax75cJue,MATHEMATICAL DISRESPECT,1,single,2023-05-05,[],Lil Mabu,74
7KPvATOyLVFbV6UR6DujF8,Je te laisserai des mots,1,single,2010-09-10,[],Secret City Records,75
1qsQOC4Jn0fnaUZLAbs4dz,SKINS,10,album,2018-12-07,[],Bad Vibes Forever / EMPIRE,74
5KP2NReDL2Bv0QLzHSvUwM,Spider-Man: Into the Spider-Verse (Original Score),44,album,2018-12-17,[],Sony Classical,66
4SJhZBuuLYlwUJGxWf8Pj0,The Fast And The Furious: Tokyo Drift (Original Motion Picture Soundtrack),12,compilation,2006-06-20,[],Universal (MT),71
7AVvQhnDEUidKyJsXmQ7ju,i think you think too much of me,7,album,2016-08-19,[],MCMXCV (EDEN),64
2F4YVNFy52kTEGDXdeYiZX,Mowgli,14,album,2018-03-02,[],Epic,58
3IO8IPjwXuzPJnoaqkwYrj,NOT ALL HEROES WEAR CAPES (Deluxe),26,album,2018-11-06,[],Republic Records,81
19T6aEPV8OSTUiydQNzwrT,Love Me,1,single,2020-09-01,[],Dwayne Terore,9
5SQrlPanuIhyEZXxsPRa35,Salmo Unplugged,10,album,2023-05-29,[],Columbia,58
3Qq4kVfHPrs8xPKIYKmctl,Mansion,12,album,2015-03-31,[],Capitol CMG Label Group,70
75fT8UQEDnekHNhRnbdpNI,Therapy Session,14,album,2016-04-22,[],Capitol CMG Label Group,70
0zPSvQqWCWIjuzvn29GhUK,"Angel Pt. 1 (feat. Jimin of BTS, JVKE & Muni Long / FAST X Soundtrack)",1,single,2023-05-18,[],APG Inc – FF10,69
35buL8a4iwrV0k2uRs8UIO,See You Again (Epic Orchestral Version) [Cover],1,single,2020-02-03,[],Samuel Kim Music,37
0GL6lCvlthFyutRxrdNMn2,Odi et Amo,1,single,2020-02-03,[],YR Music Group,49
0AojoVzBdBg4QVtjuW9Gm1,P 404,1,single,2023-01-23,[],CxS,23
1HB351VvjOoqp1zb2xNKxj,100 Myles Per Hour,6,single,2022-07-29,[],KT.$PAZZIN,22
2iOJEUCKJaYseov1qA8ot8,Does This Look Infected?,12,album,2002-01-01,[],Island Records,69
2UCWsnmZEVg9HhnMeKTsim,"All Killer, No Filler",13,album,2001-01-01,[],Island Records,73
15Id9Jrqab8IwHFirdrrLp,MUDBOY,14,album,2018-10-05,[],Cactus Jack Records/ G.O.O.D. Music/ Interscope Records,71
11oR0ZuqB3ucZwb5TGbZxb,Licensed To Ill,13,album,1986-11-15,[],Def Jam Recordings,72
1DfDXWmnmfnqHmPbvgPhWc,"Let's Ride (feat. YG, Ty Dolla $ign, Lambo4oe) [Trailer Anthem / Extended Version]",2,single,2023-02-10,[],APG Inc – FF10,47
2v7KXdLrb81rGL9G7jwcjF,SIRIO,17,album,2022-04-07,[],Universal Music Italia srL.,74
4g8wjXYcbeXhg6J8UuNFuW,"The Illest, Vol. 1",11,album,2015,[],Honiro,43
7e7t0MCrNDcJZsPwUKjmOc,Shoot For The Stars Aim For The Moon,19,album,2020-07-03,[],Victor Victor Worldwide,82
2gtzhUrfhH4VsoiWeQqSmX,"Let's Ride (feat. YG, Ty Dolla $ign, Lambo4oe) [Trailer Anthem]",2,single,2023-02-10,[],APG Inc – FF10,51
6NcI39WPu4kY6Tul11nhSv,Daylight,1,single,2023-04-14,[],"Miserable Music Group, LLC",86
0aGXQkS5LTFhYswwXJ8vJ6,IL CORAGGIO DEI BAMBINI - ATTO II,24,album,2023-04-07,[],Columbia,75
17uLOXoJlq9g5N4xJNlfFp,AK77,1,single,2019-03-29,[],Universal Music Italia srL.,32
1wJzZnuHrGTt6xkG0AmHlV,Notre-Dame de Paris (Italian Platinum Edition),16,album,2002-01-04,[],Onze-Pomme Music,33
2QQRt0wNQI4hN0pyFAfqxK,WE THE SQUAD Vol. 1,15,album,2022-01-28,[],Columbia,61
3RMj8WqlfEVRIMLhw4lL7q,Fast & Furious 6,12,compilation,2013-01-01,[],Def Jam/Universal Pictures,42
1wU3MS8trhxKeTvrQXIXzI,Silhouette,1,single,2013-07-09,[],Pastel Ghost,63
202T8cUT1c3oQarCOJBy6m,Milano Demons,18,album,2022-11-25,[],Milano Ovest,74
2lPz7qiqG7TfvKr3S1Lv6p,Black Panther: Wakanda Forever (Original Score),26,album,2022-11-11,[],Hollywood Records,58
0TZNgMbhqhmcD6GUW8aGbM,John Wick: Chapter 4 (Original Motion Picture Soundtrack),35,album,2023-03-24,[],Lakeshore Records,29
6lO2S6MuTs0fZMLhWAExHd,Supervillain (Exclusive),3,single,2023-01-01,[],Downtown Music LLC,14
4UaK6NEj4Y9zp4o14u8Nuc,September,7,single,2022-08-01,[],CMDV,35
7pH86nj2gFvJjw0u86zXOQ,Amami,11,album,2012-02-15,[],WM Italy,47
5ZfcRxuYtOIt4CWCqRLMIe,Deep Thoughts,2,single,2022-12-02,[],ofSoft,39
0qQy8Go8njStQdH92jsSrb,Lo-fi For U,1,single,2022-12-06,[],Epic,51
0wqNe0EDDKNpJ9SYMEVyLr,DOOM,12,album,2021-10-29,[],Columbia,57
417xbxLCqpAckgc6Kk1zg0,John Wick: Chapter 2 (Original Motion Picture Soundtrack),23,album,2017-02-10,[],Varese Sarabande,56
6BZkhYCGp75O2R4oX25nve,Déjenme Llorar,14,album,2012-03-27,[],Cosmica Artists,74
0XC7jYCEXjyK9Skl7ydilK,ZONDA,1,single,2023-03-30,[],Universal Music Italia srL.,52
7txGsnDSqVMoRl6RQ9XyZP,HEROES & VILLAINS,15,album,2022-12-02,[],Republic Records,93
0VliboIrLzdC2Qgjdm5V4S,Eclissi,13,album,2022-05-12,[],Universal Music Italia srL.,63
6Vl1FiigNmVpKDMXpRVUCA,CREED: Original Motion Picture Soundtrack,18,compilation,2015-11-20,[],Atlantic Records,60
2thP70nudcFpvmRl3AsYRa,The Light,1,single,2023-03-23,[],Grade A Productions/Interscope Records,63
181OeCuzmanoWJ8z1ShCTH,Self Talk,1,single,2022-03-11,[],Parker Jack Records,55
0OQjYkxlKHsQwYLJziIQrI,5LBS OF PRESSURE,5,single,2022-10-20,[],Superstar Pride under exclusive license to UnitedMasters LLC,67
6Hiq8Kib7YXbDsUPNMNpTe,Below Zero,1,single,2019-11-15,[],Mystic Plug Records,42
282p191UnQOp3i5NREMfYL,ORIGAMI ALL'ALBA,2,single,2023-02-24,[],Flamingo Management,65
7vXiklrUeffx5o2F8VYwm3,"How to: Friend, Love, Freefall",13,album,2018-04-06,[],Elektra (NEK),74
5s0rmjP8XOPhP6HhqOhuyC,Stoney (Deluxe),18,album,2016-12-09,[],Universal Records,84
78bpIziExqiI9qztvNFlQu,AM,12,album,2013-09-09,[],Domino Recording Co,91
00hCNOuhFfKYCeLgRRRAT6,Creed III: The Soundtrack,18,album,2023-03-03,[],Dreamville/Interscope Records,60
5MoByp7KkxmWqP0qTICrTV,"Blood, Sweat & Tears (with Bas & Black Sherif feat. Kel-P)",1,single,2023-02-22,[],Dreamville/Interscope Records,43
7hO0SatbllbcKx7aaOEnHd,Re Mida (Piano Solo),8,album,2019-10-01,[],Universal Music Italia srL.,53
3VYKlqWS3zOv1jli94RFKW,HOPE,1,single,2023-02-16,[],NF Real Music II,65
63uFfOZpC7jrV7wfuBY2lX,The Dark Knight (Original Motion Picture Soundtrack),14,album,2008-07-14,[],Warner Sunset/Warner Records,58
7Et3bSTLLqdABO1qCxUplS,Oxymoron (Deluxe),15,album,2014-01-01,[],Schoolboy Q,73
019ERszfRN6R7kR1XC9dJz,Wake up to Reality,1,single,2022-11-02,[],Indiefy,18
24TAupSNVWSAHL0R7n71vm,Bad 25th Anniversary,24,album,2012-09-18,[],Epic/Legacy,75
2ZytN2cY4Zjrr9ukb2rqTP,Off the Wall,10,album,1979-08-10,[],Epic,74
3Us57CjssWnHjTUIXBuIeH,Bad (Remastered),11,album,1987-08-31,[],Epic/Legacy,70
2ANVost0y2y52ema1E9xAZ,Thriller,9,album,1982-11-30,[],Epic,78
2FW0uQ4WL25umm5p2VrZO7,"The Best Of Earth, Wind & Fire Vol. 1",10,compilation,1978-11-23,[],Columbia/Legacy,69
3fQgV59rik8qhrdYOeJS7l,Homesick,8,single,2022-11-18,[],NSF Productions LLC,56
7FK1855C3n1Q0RKbmvl7ll,Strictly 4 My N.I.G.G.A.Z...,16,album,1993-02-16,[],Interscope,67
5IBNSiR9VYaGIxOfcOJ2LB,Jesus Piece (Deluxe),15,album,2012-01-01,[],Aftermath/The Game,59
21aHeeZe4eCanYhoAPuiaX,MOSTRO,1,single,2023-02-08,[],Epic,46
4z0nL9bblVphvhmt8o15yO,METAMORPHOSIS (Slowed + Reverb),1,single,2022-06-24,[],INTERWORLD,64
3jbwWq0IsEUjrQ6wBUqYzh,CENERE,1,single,2023-02-09,[],Universal Music Italia srL.,66
59N9BoP9P35nwB7j7pYVHX,Egoista,1,single,2023-02-09,[],Lebonski 360,40
5QvM8XR1GooXrA7TgIr6Ok,I No Longer Fear the Razor Guarding My Heel,3,single,2015-08-01,[],G59 Records,68
49NVOF8cRsKJtl38a9AGo0,Volare,14,album,2022-05-18,[],Coez licensed to Carosello Records,60
5EMWV3wcySNCCLpSvNWUyx,under the weather,1,single,2023-02-03,[],CORPSE,56
3omkMn8vbTKOebb9ABbqyb,Escapism. / The Thrill Is Gone.,4,single,2022-10-12,[],Human Re Sources,42
5ybXQxAUPKDyPxP69xmf6y,Gravitational Forces (Remix),1,single,2023-01-27,[],mechvibes,0
1qfURwkRukKvemVbObKJXy,"NOI, LORO, GLI ALTRI (Deluxe)",30,album,2022-12-09,[],Universal Music Italia srL.,55
3ZOt77e63uMgJXU7xcFpqu,Persona,17,album,2020-03-27,[],Universal Music Italia srL.,63
0gvVrhmhgrzTQpewucnPBf,"Running Up That Hill - Epic Version (from ""Stranger Things) [Cover]",1,single,2022-06-30,[],Samuel Kim Music,43
59i1dzyF8wpUTk3KJ5zNXq,"Status (Inediti, Rarità & Live)",35,album,2016-01-22,[],Universal Music Italia srL.,53
7DvK67C21i6go7olhjvLgT,FLOP,17,album,2021-10-01,[],Columbia,62
3LZwptqhhFxHpURRLmtVxI,WOAW - feat. Salmo,1,single,2021-12-17,[],Lebonski 360,35
1D92WOHWUI2AGQCCdplcXL,Young And Beautiful,1,single,2013-01-01,[],Polydor Records,76
4VODNHZZp8qxuMLJQK2G4u,Creed II (Score & Music from the Original Motion Picture),17,album,2018-11-16,[],Sony Classical,56
4zRjyCx4wMu480J7tac2Gm,NEON BLADE,1,single,2022-06-01,[],MoonDeity,70
2lQQ5xfJwzELcecvu8gZN5,Shootout,1,single,2022-06-30,[],Izzamuzzic / Kurate Music,65
79ONNoS4M9tfIA1mYLBYVX,Mr. Morale & The Big Steppers,19,album,2022-05-13,[],pgLang/Top Dawg Entertainment/Aftermath/Interscope Records,84
5Nwsra93UQYJ6xxcjcE10x,Nine Track Mind,13,album,2016-01-29,[],Artist Partner,79
4o9NExZng35wpV7pLKvuW0,HEROES & VILLAINS (Heroes Version),30,album,2022-12-05,[],Republic Records,65
5kSUsy5FU3Wcxd4DBvXFm4,Blade Runner 2049 (Original Motion Picture Soundtrack),24,album,2017-10-05,[],Epic,56
2XurGuugADHAwF8gEYjtMA,SPIT IN MY FACE!,1,single,2022-12-20,[],Elektra (NEK),75
2av2ZSHlvD7rvLSsMvtYCG,xx,11,album,2009-08-16,[],Young,71
3yKGB4IYu6MeLkhFJFn9eI,DISORDER,12,album,2021-10-29,[],KILL! / EMPIRE,73
4M2Mf4pmARKGVT9MLCe3HA,Avatar: The Way of Water (Original Motion Picture Soundtrack),22,album,2022-12-15,[],Hollywood Records,64
0JHPsrLQ9rl7SKlHJt7cgN,BEAT MÁGICO QUE MEXE COM A SUA MENTE,1,single,2022-04-15,[],DJ GUDOG,67
35s58BRTGAEWztPo9WqCIs,Spider-Man: Into the Spider-Verse (Soundtrack From & Inspired by the Motion Picture),13,compilation,2018-12-14,[],Universal Records,85
35PCmPg25pADGnMa8K4SzM,Sunset,1,single,2020-01-09,[],One Side Entertainment,0
20MEFs6buBQ3d9rsncp2zY,R.E.P,1,single,2022-06-03,[],Reynold Beats,14
2wart5Qjnvx1fd7LPdQxgJ,Drones,12,album,2015-06-04,[],Warner Records,65
0aIy6J8M9yHTnjtRu81Nr9,STAR WALKIN' (League of Legends Worlds Anthem),1,single,2022-09-22,[],Columbia,72
5D6d0m5tYnBz0wowzfLlQ6,Extasi,1,single,2022-06-17,[],WM Italy,61
6LmhYmD5q0vflzqQhkfeN1,Hustle Mixtape,12,album,2022-06-03,[],Atlantic/WM Italy,66
1dHOdb8VUv8RBGrsS5yyaR,Luxury Fashion,19,album,2021-02-08,[],Itg Studios,46
3VZiexdNV9MFUGDg2gFakT,So High,1,single,2014-03-11,[],MAU Records,65
3B61kSKTxlY36cYgzvf3cP,Interstellar (Original Motion Picture Soundtrack) [Expanded Edition],30,album,2014-11-18,[],WaterTower Music,74
7agIpPnZXBhJQcWHAvdQFx,Paradise EP,5,single,2016-12-20,[],Chase Atlantic Records,73
3cZPj6lCLw8aia3nAiNKo8,TAXI DRIVER (MTV Unplugged),17,album,2021-09-23,[],Universal Music Italia srL.,32
6tIohwgXp3d1VmiHV38KpT,Set Fire To The Rain x Another Love (Remix),1,single,2022-11-26,[],Xanemusic,0
7kecFtrnb8dZ101bSYIjXG,Level One,7,album,2022-07-15,[],Columbia,37
0kR24t9SfPdMWr0WS5M5XP,another love,1,single,2022-04-09,[],AWL Lacosta,29
7EOvtHDxbltA0GNC4mvLAC,The Definition,11,album,2014-09-23,[],Capitol Records (CAP),54
7LmeRZOi905AochW9J9FAA,God of War Ragnarök (Original Soundtrack),28,album,2022-11-09,[],Sony Classical,62
37Uw7gtrH9lXRS8FWC3j2p,Love & Feelings,7,album,2016-03-18,[],Rugbeats Plus,1
73X5q7MSq6w1dmyEtmtxIb,Love Me (ecstazzz Remix),1,single,2021-07-15,[],А+,25
1kNIyEnOjfLZ0DMSMRXVXV,Love Me,1,single,2021-05-25,[],А+,27
0oozY5vsoDRBVnAaStpBGI,WORTH NOTHING (Fast & Furious: Drift Tape/Phonk Vol 1),1,single,2022-09-28,[],APG Inc – FF10,37
6FGs7C78QM5zwoiQdZAzAC,XO Tour Life (Remix),1,single,2018-05-08,[],Equinox Studios,12
2u1cNLRLVF515VMPNTLtAz,Afterdark (Slowed),1,single,2021-07-10,[],Synthellar,22
3coLNlyStg9h7f8CZ103Rl,Ladies And Gentlemen... The Best Of George Michael,29,compilation,1998-11-09,[],Sony Music Entertainment,75
69vhjxexIUpJCbYGsWdTzD,I Left My Home,1,single,2021-09-24,[],MJHanks Studios,12
1fOF7wQgufrellrCLSiw81,Suicidal Thoughts,1,single,2022-07-17,[],Nartuok,0
3fMHmtOJf2KK3HThKh9ZNX,Scialla Semper,8,album,2019-04-12,[],Pluggers,56
0Wyn0fD9sZIu00xTyXF4eK,Black Panther: Wakanda Forever - Music From and Inspired By,19,compilation,2022-11-04,[],Roc Nation/Def Jam/Hollywood,1
66nX0SGMQ7DrGiMrZlMkqS,Logico,11,album,2014-01-01,[],Universal Music Italia srL.,52
0hiyVukTWwoABzyyzq03fN,Caroline,1,single,2020-03-27,[],WM Canada,50
0CafPkGhvLKbSwto8FQJq1,Give Me a Kiss,1,single,2022-07-22,[],WM Canada,58
2ZfHkwHuoAZrlz7RMj0PDz,Blinding Lights,1,single,2019-11-29,[],Republic Records,10
32G4vFNwLJQjpzkOoGEUUo,Miss You,1,single,2022-08-05,[],Atlantic Records,75
1TGT83DEhv2ovTITDUQA2q,Never Forget,2,single,2022-06-28,[],Loma Vista Recordings,31
1VE1SYRNN6bjR1NAoJupok,Rozzi,1,single,2019-09-11,[],White_Trap,53
2rfsAvUblFue3fk5aYgoSh,Osg16,1,single,2017-01-26,[],Honiro Ent,29
7HsWWsuQm54lWmgCVt2jYM,Ogni maledetto giorno (Deluxe Edition),16,album,2017-09-01,[],Honiro,50
0gX9tkL5njRax8ymWcXARi,Unholy (feat. Kim Petras),1,single,2022-09-22,[],Capitol Records UK / EMI,78
5NE8n9E4dMUFvOUZo0tv6p,Feel Something (Deluxe),15,album,2022-01-28,[],Please Rewind/Atlantic,67
5fNgtPuw6QFGW7M9FdOX5x,Royalty,1,single,2021-04-22,[],NCS,71
4ogDiddFmcxnT4PC9lVEoV,In The End,3,single,2019-03-22,[],Tommee Profitt Studios,63
7y6bJIdkErdSMqG2fRt5CS,Cinematic Songs (Vol. 7),13,album,2021-06-18,[],Tommee Profitt Studios,41
2uiQo0DIcriQKVm5ivXuDO,this is what falling in love feels like (554Hz),3,single,2022-10-03,[],JVKE,74
1j4IuwSKVaC4Nr8kybQgoo,Tree - Roots & Crown [New Edition],20,album,2018-03-23,[],The Wolf,0
7oRzNo0PkoRJlvI9Eocyf2,The Golden Age,14,album,2013-01-01,[],Island Records,64
7nDSuDHGJMKFtUTEEVJvUS,c@ra++ere s?ec!@le,20,album,2022-09-30,[],Thasup s.r.l.,27
0LhlJioZ7wZAlhD1XbBH6p,2640,13,album,2018-01-12,[],RCA Records Label,45
5G5rgQHzdQnw32SI0WjIo5,Get Rich Or Die Tryin',20,album,2003-02-06,[],Shady Records,82
6hPkbAV3ZXpGZBGUvL6jVM,Hybrid Theory (Bonus Edition),15,album,2000-10-24,[],Warner Records,84
386PuaIwJSmvEYhwgSKJoF,The Devil You Know,1,single,2017-06-06,[],Kid Ina Korner / Interscope,44
3XbU5jsLBBQ0dGixr1vqFH,Dark Days (Remixes),3,single,2017-01-27,[],Loma Vista,33
5AF0uxDdW2IKi3r8jqVgmq,Made in the Manor,15,album,2016-03-04,[],Parlophone UK,49
5ddpf5pxYjw9ob4DjPLuiz,Every Where Is Some Where,12,album,2017-04-07,[],Dan Reynolds PS,62
0fv4eCmZ59AffuC7kyN93P,FAM,1,single,2020-12-11,[],YOLOWN LABEL,32
348voXN0JXIBWZRp9JsTDa,In essence X We'll show them all,1,single,2022-08-29,[],4299319 Records DK,0
1UAkQ5bV8GvKrSMA4Vd1MV,"Red Bull 64 Bars, The Album",14,compilation,2021-05-27,[],Universal Music Italia srL.,59
6t7956yu5zYf5A829XRiHC,The Marshall Mathers LP,18,album,2000-05-23,[],Interscope,84
2q47KnbMYvOIRK4gIjdj3g,Silenzio,15,album,2013-05-07,[],Arcadia Records,34
72qrnM4yUNMDDlWiqKc8iY,Aftermath,11,album,1966-04-15,[],"ABKCO Music and Records, Inc.",75
2hAi0yG2MGIucH8P08hRFZ,MISA MISA!,1,single,2022-08-26,[],CORPSE,1
0z3SFl34YWiKMXwsTNPdVp,Money Rain (Phonk Remix),1,single,2021-06-14,[],SAVAGE$TATION,64
6o2ipzLDelm6yXU0v4ZOIK,Hellvisback,13,album,2016-02-05,[],Epic,55
3HGwojRJPHyV60qOZ1t44H,"In the house, in a heartbeat",1,single,2021-10-22,[],2000522 Records DK,32
1o6bsMz4Zj1S1eLC4y5uaJ,Enemy,15,album,2018-04-13,[],Universal Music Italia srL.,55
3FtwiRgtcCLAiKHDvoj7bO,Arms Around You (feat. Maluma & Swae Lee),1,single,2018-10-25,[],Warner Records,61
2JnZQM70jbT0J1Xq0qgl24,The Perfect Girl,1,single,2021-12-08,[],Revolution Records,71
1gjwWKqjQMhi5OvWG38ZEW,Midnite (Deluxe Version),15,album,2013-04-02,[],Universal Music Italia srL.,57
20r762YmB5HeofjMCiPMLv,My Beautiful Dark Twisted Fantasy,13,album,2010-11-22,[],Roc-A-Fella,82
3StmlOv5fGGcEYCFCbmZ6y,The Island Chainsaw Massacre,17,album,2011-02-01,[],Kick Off! Recordz,52
4z4zCeqiEjTTBI0a8Uyl0S,FSK TRAPSHIT REVENGE,18,album,2019-12-05,[],Universal Music Italia srL.,52
2PjyVGPJwYRg9GbNXlicKM,Potere,16,album,2018-06-29,[],Universal Music Italia srL.,64
4oB0i1S43BE1uM7eopeurT,BM (London View),1,single,2021-07-23,[],Touch Paper Records,32
52JymrguPgkmmwLaWIusst,"Come Over When You're Sober, Pt. 2",13,album,2018-11-09,[],Columbia,77
5TjtyQAqwclzC1NqclBIAP,Signore del bosco,1,single,2022-04-15,[],Masterworks,41
3je4pZvIvrynVSnbaOnMWg,Desperate (For) Humanity,11,album,2020-07-24,[],187 Collective,47
6UMKao3ady9sgSr5VJvLvo,I Win,1,single,2017-04-12,[],Dench Records,32
6qarDmB5GzLM0JLOgFVL0a,Burning Man,1,single,2017-01-18,[],John Varvatos/Republic Records,44
4PBXjrqtjZmYtt37kB7px5,CASTLES II,5,single,2021-07-02,[],Lil Peep,1
3REFrRc7Ydhl9H5M1cuD2D,Gipsy Prince,11,album,2018-11-16,[],Shut Up,42
5RKbLMLVSzm7fl8cYG4bNE,Sweet Dreams,1,single,2022-02-02,[],Ravens Rock,37
0LHWAAN1t9MHgpkPjdXrkW,Bravo Ragazzo (Royal Edition),28,album,2013-01-01,[],Universal Music Italia srL.,59
6wewhHwggMbYLo3FRzS2wv,Lucifer: Seasons 1-5 (Original Television Soundtrack),13,album,2020-08-21,[],WaterTower Music,53
4mugszxpE45gV3mObOBlpN,Love Story,18,album,2015-04-21,[],Slumerican/DGC,63
3kEtdS2pH6hKcMU9Wioob1,Illmatic,10,album,1994-04-19,[],Columbia,73
5wrmfMK1O0xCjlVff6lSRF,My Demons,1,single,2021-04-30,[],ONLAP,32
6ZZvx0aefZV3LKa053fn71,Glimpse of Us,1,single,2022-06-10,[],88rising Music/Warner Records,75
3XRIludkVBu3gebPogPMvW,Underworld,1,single,2019-07-15,[],UAV Records.,58
7vNqlfthayItIbI0Ssmfoa,LOOK AT ME: THE ALBUM,25,album,2022-06-10,[],Columbia,68
0w7mvWZKNnIvIAnbzXoJbQ,Fragments,19,album,2018-09-28,[],Unleashed Records,42
3v3XnEkDxBDcRQhXy02e2Q,life waster,1,single,2022-06-03,[],CORPSE,52
7HgP8UpL3pItKEG3T3RoUy,Duel of The Fates - Epic Version (Remastered),1,single,2022-06-02,[],Samuel Kim Music,0
1HeGenNhHCIMcnFsSlvprd,ULTRA SOLO,1,single,2022-02-14,[],Sony Music Entertainment Chile S.A,66
5BWl0bB1q0TqyFmkBEupZy,Hounds Of Love,12,album,1985,[],Parlophone UK,26
60up5WdoThgFRGkyZVIlIq,CASA,1,single,2021-04-16,[],Epic,50
70whKym9nRCZ8BKgLbUc8u,RASETSU (Remix),1,single,2021-02-09,[],Musicality,19
0LvjRRFJxjZpzlJ8QOwwhm,2K FREESTYLE,1,single,2020-02-16,[],Lazy3x,56
4q9w9mgW7AvTuc0A3Ta4vk,Take Me Away,1,single,2017-01-11,[],723535 Records DK,54
6RNDvDchWZVkOLSowvm22d,Unravel,1,single,2022-05-13,[],Yung Anime,0
5nRwiGsiEtrFN847UULpzL,Bloodborne Original Soundtrack,25,album,2015-04-22,[],TEAM Entertainment,56
7jfOGP1vsNecfYTcwN3AyH,BLOCCO 181 – ORIGINAL SOUNDTRACK,11,album,2022-05-27,[],Columbia,56
6bOKRuocPC83OuQDrRIklj,BABY GODDAMN,1,single,2021-03-26,[],Universal Music Italia srL.,55
0q62V6NN0EWwRTEtyFCsGQ,Nonostante Tutto,16,album,2016-01-22,[],Universal Music Italia srL.,59
5GlPAy2PRJW06GVFhKwGTl,Evolve,11,album,2017-06-23,[],Universal Music Group,15
58ufpQsJ1DS5kq4hhzQDiI,Unorthodox Jukebox,10,album,2012-12-07,[],Atlantic Records,86
2o2GBOfy2GG9oKYZgfZkur,Civilisation,15,album,2021-11-19,[],Wagram Music / 3ème Bureau,68
131aQBAJ9vKlYgFlIp4t3h,Fed Up,1,single,2022-04-02,[],Burak Media,0
2pbQZkbPls1BTbG2DPUXKA,Hoist The Colours,1,single,2022-05-07,[],Samuel Kim Music,0
6twKQ0EsUJHVlAr6XBylrj,Death of a Bachelor,11,album,2016-01-15,[],Decaydance/Fueled By Ramen,77
2ePFIvZKMe8zefATp9ofFA,Get Lucky (Radio Edit) [feat. Pharrell Williams and Nile Rodgers],1,single,2013-04-19,[],Columbia,73
4mnXv0H8F6V8TiVYenlksE,Blood Is Rebel,6,single,2019-05-17,[],Position Music,1
7sXufweikTP0DcDSBGwpoD,...Squérez?,12,album,1999-11-30,[],Universal Music Italia srL.,62
3hniFWgi51F8MpXrACCLGY,Storm at Sea / Yggdrasill (from The Northman),1,single,2022-04-12,[],Back Lot Music,8
6BYwH7XRUN5foD9RcDYaQE,The Northman (Original Motion Picture Soundtrack),43,album,2022-04-22,[],Back Lot Music,55
0nyUIJbb1bEIRCTpD2sQ2R,tell me your feelings and i won't tell you mine,5,single,2021-10-08,[],Columbia,53
43a5RQrpBE4bEMCMdpxvUA,Nigdy albo zawsze,1,single,2021-08-03,[],DOPEHOUSE,0
3sGDniFo4e5r0bwmSL2upZ,The Dark Knight Rises,15,album,2012-08-29,[],Sony Classical,0
5xrOcCoO3jkXRjHQjfESM6,Mad Love The Prequel,9,album,2018-06-29,[],Universal-Island Records Ltd.,74
4p8NsPV7XvthUqAGrGb5qM,Light's Theme Rude,1,single,2022-03-27,[],Withzera,0
6mfO07ZmVJ5W9Jh7HASPmS,R.K. Huskers,1,single,2022-04-08,[],"Strange Music, Inc",31
0FSsRH1jeZqKbGcHwq3UO0,Imagination & the Misfit Kid,15,album,2019-11-22,[],Syco Music,73
0wfne2JijoxJm0qzJd3V5h,ARDIPITHECUS,15,album,2015-01-11,[],Roc Nation W Smith P&D,72
1yMwxEqksmM4WBe09wPdkb,Death Rattle,17,album,2019-09-27,[],The Ayems,54
2UJcKiJxNryhL050F5Z1Fk,Nevermind (Remastered),13,album,1991-09-26,[],Geffen,81
0rgggvSYGSms079nUlcAGX,"NOI, LORO, GLI ALTRI",14,album,2021-11-19,[],Universal Music Italia srL.,67
5DkR7Wn2rUWY5Hw9csN0ui,Fight Back: The Collection,12,album,2018-11-30,[],Burning Boat,69
4RiSh2jF23Dwbpvlt7pjO9,TVアニメ「進撃の巨人」 The Final Season Original Soundtrack,23,album,2021-06-23,[],ポニーキャニオン,33
0nhW0W9F4YxBoI8TvyJwrv,Can You Feel My Heart (TAR0T Remix),1,single,2021-07-04,[],Point Blank recordings,0
07cARcxd2ZMyo5oNgtq758,The Search (Edit),1,single,2019-06-07,[],NF Real Music,63
4s701HWLl2s5LNFT5Z1CNm,The Batman - Main Trailer (Cover Version),1,single,2021-10-20,[],Chapel Music,27
2JMedUxrsr2TUENJla152W,Deadwood,1,single,2021-04-09,[],Really Slow Motion,56
4D04TN7Kw7Bq98kfDjUmgh,TAXI DRIVER,15,album,2021-11-30,[],Universal Music Italia srL.,69
0sA635LABffZau7TRydPdQ,Star Shopping,1,single,2021-06-26,[],Megami,0
0Nzff60OICCUBrtr980elH,City of Gods,1,single,2022-02-11,[],RichFish/Columbia,55
4EqS8DzyT9RIrlGJREM9TO,This Letter I Write,2,single,2021-09-17,[],Verum,32
6dx8kRfhUFETCGphaiwR9z,The Pale Emperor (Deluxe Version),13,album,2014-01-01,[],Vertigo Berlin,39
6jYDx9P1IYmFohlBnDOzyF,Solas,1,single,2022-02-04,[],Rubyworks Records,0
2mZcixmz3DBL28uBKVc9Oq,TAXI DRIVER,35,album,2022-02-02,[],Universal Music Italia srL.,0
06ZMpecsvvoHGWJHlc2St7,Brividi,1,single,2022-02-02,[],Universal Music Italia srL.,56
4eXKTG7ZyhKuN5Y4oNsrnG,Up In Flames (Single from “Time Is Up” Soundtrack),1,single,2021-09-24,[],WM Italy,33
7bPPEnIPRKGOYuMQ7RaOVK,Quiet Storm,1,single,2020-11-03,[],Den Haku Lofi,55
0ZfMM8FzMhHGffOGdew5R1,Giovane e triste,1,single,2021-02-12,[],Ventidiciotto,37
0UMMIkurRUmkruZ3KGBLtG,2014 Forest Hills Drive,13,album,2014-12-09,[],Roc Nation Records LLC,85
1C9KIpgrisvGtCxTfNBBaJ,Faded,3,single,2021-09-10,[],BoyWithUke,0
1Qx09ptZVNxVekeMaK9Rs2,Acquagym (feat. Rkomi),1,single,2019-07-05,[],Subside Records,37
70uNWLPkbci5L1bZI1Mzp6,TO THE MOON,1,single,2021-11-06,[],Jnr Choi/Epic,63
2JFiCRthCdXKwqZBbVulT7,Paraocchi,1,single,2021-02-25,[],Universal Music Italia srL.,42
1fqibtpI0bwD73uQGeEnhn,Transformers: Revenge Of The Fallen The Album,13,compilation,2009-06-12,[],Reprise,63
759rXZG1Xj0c7MQXRFwZmi,In Da Club,1,single,2021-11-05,[],Trap Town Records,0
770K56IBM8v1T41fntlB4E,Dark Country 4,16,compilation,2019-06-05,[],Extreme Music,52
76t16YuHCms66GRJbmh94A,Smells Like Drill Spirit,1,single,2021-05-11,[],Sensational Records,36
0aPzug6VeXcedSM4yJyqId,right here,1,single,2021-11-15,[],Lil Peep / AUTNMY,0
0j5TwvQkHVoLX2n7iERVOl,ALL GIRLS ARE THE SAME,1,single,2020-04-30,[],RØNIN,0
1oQNR5BeygfHcPOEKjkPU6,Eleanor Rigby,1,single,2021-09-17,[],Cody Fry,0
3pXNnx5yR3ozsjmHXnMDav,North Memphis,1,single,2019-08-07,[],1586150 Records DK,0
700MviIgFKNTldTXmOAFOr,"Alone, Pt. II",1,single,2019-12-27,[],MER Recordings,66
4iyJ8i3eKbez8JXDbsHIdZ,Bored,1,single,2017-03-30,[],Darkroom,73
7ISpaCPwl7NxVSonsUrJTn,Game Day Motivation,17,album,2016-01-01,[],T. Powell,52
7rKmLxCFlmtIxGpX4HYgs4,Stop Staring At the Shadows,12,album,2020-02-14,[],G59 Records,76
60tzyfHtJFQxHBS4So4t8J,Spectrum,15,album,2017-10-26,[],629243 Records DK,60
4MZnolldq7ciKKlbVDzLm5,Meet The Woo 2,13,album,2020-02-07,[],Victor Victor Worldwide,78
1kTnC045mQqurTQvGMGpmU,How To Train Your Dragon (Music From The Motion Picture),25,album,2010-01-01,[],Varese Sarabande,65
56JsicBPrw88plclhKK74J,Fuori dall'Hype Ringo Starr,15,album,2020-02-07,[],RCA Records Label,68
1NNUDQ68QNsJEBXPPNaUfN,DTB,1,single,2021-11-12,[],DTB4LIFE,0
6eCvWduBT4UJSYpseMSnXO,Forever,1,single,2019-03-08,[],haroinfather,60
4zilHatAUeMby2Lh1pEHpS,u.,1,single,2017-01-22,[],niteboi,0
0K4n11MU36fn5LewWZSOQ7,in heat.,1,single,2021-01-29,[],Hentai Xander,51
12RWpV5WUjYo4SisuFWMNK,Now the Moon's Rising,10,album,2015-11-20,[],G59 Records,71
1SZhL5XLSoaOvHfUpBBKMP,Satisfya slo rev,1,single,2021-02-20,[],2808095 Records DK,0
0b2peKNz7zmn4xIxfPBUPa,AHIA!,7,album,2020-12-04,[],RCA Records Label,70
4rFrdkSWs0dtj0rWPzOk1v,Lukas Graham,11,album,2016-04-01,[],Warner Records,75
4hYYpUC8Ewb74tP23Y1lmM,MIDDLE OF THE NIGHT,1,single,2020-01-10,[],Not Fit For Society/RCA Records,76
3G0b8ob9anYQl8a1t3GpOF,Close Eyes,1,single,2021-05-25,[],DVRST,73
6cw6QU9pF7FyQtSyJjzMua,Rolling In The Deep,1,single,2010-11-30,[],XL Recordings/Columbia,0
1F6aVwr0raeSt5YT02hARW,68 (Till The End),19,album,2019-04-05,[],Universal Music Italia srL.,55
2yXOzRCmBLuyKLndswlQQE,Lost Forever,1,single,2021-12-03,[],Valgio Music,0
2l6mZS1RQM7PQAEeaCR3Um,You Want Some of This?,17,album,2009-03-18,[],Normal Guy Productions,65
6wOJyevNYXevqTZCn6Xk5T,Z-Sides,12,album,2018-10-26,[],Tinpot Records,71
6QDsQ9Dkb3xTspQEXwoFS0,Haunted Piano - Halloween Moods,17,album,2019-09-30,[],Chapel Music,40
61ZUnKrc28KQHaTLhoVZS5,Praise God (Slowed),1,single,2021-10-15,[],JK Beats Records,35
2tlTBLz2w52rpGCLBGyGw6,Minutes to Midnight,12,album,2007-05-14,[],Warner Records,80
4Gfnly5CzMJQqkUFfoHaP3,Meteora,13,album,2003-03-24,[],Warner Records,81
0BHa0ePkvGAVKymB4FU58m,Infest,13,album,2001-04-25,[],Geffen,75
2zKGN85z4QMrTrN1tU6kAA,I Suicidi,1,single,2021-10-29,[],Sony Music,27
02tIeOWJSxn1mE6LNYMz0t,Smells Like Teen Spirit,1,single,2021-02-05,[],LIONZDEN,0
6pwuKxMUkNg673KETsXPUV,KIDS SEE GHOSTS,7,album,2018-06-08,[],"Getting Out Our Dreams, Inc./Def Jam Recordings",68
5iItKQrBXt9XBJgjGdc14k,Sweater Weather,1,single,2019-01-18,[],xo sad,30
7HvIrSkKGJCzd8AKyjTJ6Q,Blur (Special Edition),32,album,1997-02-10,[],Parlophone UK,73
6deiaArbeoqp1xPEGdEKp1,By the Way (Deluxe Edition),18,album,2002-07-09,[],Warner Records,79
5CnpZV3q5BcESefcB3WJmz,Donda,27,album,2021-08-29,[],Rock The World/IDJ/Kanye LP7,78
1BZA6W0aRJ1224CxHNznRd,SkinTheBone,1,single,2019-12-05,[],Kill Love Records,29
1fuLMQ96Qcg4dyjtutla2g,Legendary,13,album,2021-03-29,[],Secession Studios & Greg Dombrowski,34
4e6S3KUlSzEzWZWwQZx4Tf,"freaks but slowed, muffled echo",1,single,2021-05-27,[],857796 Records DK,0
338C6sxO1twtEJn8YqGeh4,Wasted (Nightcore),1,single,2021-08-05,[],Harmony Haven,49
3vUpSuV7VbV4vonGqQQmUG,Streets (Silhouette Remix),1,single,2021-03-12,[],Kemosabe Records/RCA Records,57
4Wwm4xg2748zhYuzDRFTgY,GREY Area,10,album,2019-03-01,[],AGE 101,0
3bj7YiygUzEGw2GKWGuOtA,Hometown Slow,1,single,2021-06-18,[],TunesFresh Records,47
63JF2UM0yBfwIahiEDQIiY,Samurai,11,album,2021-05-21,[],WGC Studio,0
1F1KCK2yJ4yNb6nJUNdGB6,Beats Vol.2,16,album,2020-01-17,[],Indiefy,0
1eQ4V0Pjdvk3S9xQkJSYix,I&#039;m Only a Fool for You,1,single,2021-10-26,[],Dubbukk,0
5cEJ9XTxsUKterwl1nAm2I,dead,5,single,2015-06-02,[],beartrap,69
2ih65NyzXsPwEsI1sMdyIy,Blood // Water,1,single,2018-05-04,[],Atlantic Records,65
6n9DKpOxwifT5hOXtgLZSL,Legends Never Die,22,album,2020-07-10,[],Grade A Productions/Interscope Records,83
21CZUn61aoVz08xU4wwfru,Southpaw (Music From And Inspired By The Motion Picture),14,compilation,2015-07-24,[],3H,61
6eDx949ONWDCN0O22wFZf7,SremmLife,11,album,2015-01-06,[],Mike WiLL Made-It,75
68mLdNzJA81nZ9GF0zg8NK,Halloween Kills (Original Motion Picture Soundtrack),20,album,2021-10-15,[],Sacred Bones Records,38
2kZyqn4Cmr78D74K9TcO4K,THE ANXIETY,10,album,2020-03-13,[],"MSFTSMusic / Roc Nation Records, LLC",68
2Ti79nwTsont5ZHfdxIzAm,?,18,album,2018-03-16,[],"Bad Vibes Forever, LLC",86
2pidzXTaHV4WaIJYRxKDCH,The Massacre,22,album,2005-03-03,[],Aftermath/Shady,79
6d1vGZsr6Uy3h9IigBpPAf,Meet The Woo,9,album,2019-07-26,[],Victor Victor Worldwide/Republic Records,76
3aEVtq4hW1MY8EfjiLvESH,In The Dark,1,single,2021-03-11,[],1562906 Records DK,24
66OYt73mqan1hWa78BhfPd,LALISA,2,single,2021-09-10,[],YG Entertainment/Interscope Records,74
7zFt7hLRPxemmlzVzg5uec,Blu Celeste,12,album,2021-09-09,[],Universal Music Italia srL.,67
3vaJzXG7xFE4OJyzcGbL94,Almighty Push,1,single,2021-01-24,[],KMusic BeatZ,0
4Io5vWtmV1rFj4yirKb4y4,Rage Against The Machine - XX (20th Anniversary Special Edition),25,album,1992,[],Epic/Legacy,75
3eYtzrCbHWAW0tRW93gaxj,ASIN9NE,17,album,2021-10-08,[],"Strange Music, Inc",37
5bfpRtBW7RNRdsm3tRyl3R,Dreamland,16,album,2020-08-07,[],Polydor Records,83
3vpXJ54S3MXLyzysw8qq7c,Revenge,7,compilation,2017-05-16,[],Bad Vibes Forever / EMPIRE,75
38nZLvJx8A9p4YYpTG5iFP,Still Sleep?,14,album,2021-06-02,[],Winners Circle/RCA Records,77
2ZaFqYD9a3U6qJhyS2LDRf,"Last One Standing (feat. Polo G, Mozzy & Eminem) [From Venom: Let There Be Carnage]",1,single,2021-09-30,[],Shady Records/Interscope Records,60
2T64N96AVfsrRFJCUXQEoZ,Migration,12,album,2017-01-13,[],Ninja Tune,58
4iMvPqKkh5pc0m7SaUmOP8,My Name Is...,8,album,2014-02-04,[],X Gypsy,41
2PIsq4w9i5pinYSvE7rXFn,The Pale Emperor,10,album,2015-01-19,[],Cooking Vinyl,48
7BNY7JDC9CtfXMOQARmuWP,DISPOSE,10,album,2018-02-16,[],Fearless Records,66
788r22Bhr3IHLTNPy8pZea,Euphoria (Original Score from the HBO Series),26,album,2019-10-04,[],Masterworks,80
7I9kWuzlJwWCtP0jDgqpcw,SOLO TUTTO,15,album,2021-03-26,[],Epic,61
1rF5ezgSerqkUK1Nc9Ft6p,Spazio,6,single,2020-05-14,[],Universal Music Italia srL.,50
59L5yJfDpvDFynmhe2QbYS,MI FAI IMPAZZIRE,1,single,2021-06-17,[],Universal Music Italia srL.,59
7viNUmZZ8ztn2UB4XB3jIL,2014 Forest Hills Drive,13,album,2014-12-09,[],Roc Nation/Columbia,4
0i0uOJHyrmVbgTVMsGcuko,I'm Never Enough,1,single,2021-09-13,[],Ghostyboy,35
5xq6RMHNIBA73qld03dR6V,Melly vs. Melvin,14,album,2019-11-22,[],P2019,72
5kcBHP5GH7fsOJLwVfXmx3,HOT DEMON B!TCHES NEAR U ! ! !,1,single,2021-09-03,[],CORPSE,63
0aL4qAIykP8kbzDzAaX1TA,I Hate Everybody (feat. Simple Plan),1,single,2021-09-17,[],ain't hit records and many hats distribution,0
5qENHeCSlwWpEzb25peRmQ,Curtain Call: The Hits (Deluxe Edition),24,compilation,2005-12-06,[],Aftermath,75
12zL1YZJeADPb6hPdD9Mqm,Close Eyes (Slowed + Reverb),1,single,2021-07-16,[],DVRST,64
5m3s6cxvXaOq2a1QNpZUvM,Prince,1,single,2014-05-16,[],Bombsquad,19
0tMQ0WClc4aez32B3BiqxJ,SUICIDE YEAR,1,single,2019-08-04,[],WEEDMANE & Suicideyear,0
27ei92dKdKhBVhEVA2ziRR,De Museo,1,single,2021-07-06,[],Rimas Entertainment LLC,57
4QLAtpLNUsHEYrcHXmMIZZ,STAY (with Justin Bieber),1,single,2021-07-09,[],Columbia,76
17FBoXK1NU2rvJBbzdzw0r,FUTURE,20,album,2017-06-30,[],Epic/Freebandz/A1,75
0FU4Eo42Oyg1We3eRrOf4m,Welcome To The Pleasuredome,16,album,1984-10-20,[],ZTT Records,67
5euct9FVjeg3r5TWaHQNQS,F9 (Original Motion Picture Score),44,album,2021-07-02,[],Back Lot Music,23
70qlX6W0tE04QAwKQuv1db,Felons and Revolutionaries,14,album,1999-09-06,[],Epic/Flip,58
2oT1W5fYFSfU3fz5Q55HWj,OBE,17,album,2021-02-04,[],Universal Music Italia srL.,60
2pTyjuQ1d1d79Chhknoa2h,You Will Regret (Reloaded),13,album,2018-02-02,[],Victor/Republic Records,68
0QVIPcQ7qDA1XP8UIF3MC3,Homicide,1,single,2019-05-03,[],Def Jam Recordings,51
0ym3FpQ6jbZ5K6r2e9YaNV,Idgaf,1,single,2021-01-01,[],Zero Pandas,0
0NQ4dkJAROxvbeI9PG8k0y,Volturnus,24,album,2018-03-06,[],Audiomachine,0
0AIibcOuR0UvndQjBqYzIw,Положение (2 Remix),1,single,2020-06-23,[],22:17 record / Gorky Records,0
22zlYaD60U0YnK2Q7LvHQy,Act IV: Awake,3,single,2018-03-27,[],The Seige,53
0LxtnMt80YF21NGZio7OLR,Arena,1,single,2017-09-18,[],Lowly Palace LLC,0
11Bkx3E99vf0IlYPND61LJ,"Young, Wild & Free (feat. Bruno Mars)",1,single,2011-10-11,[],Rostrum/Atlantic,68
1YIAli70SqLNnmSJZjlVpr,The Rising Tied,16,album,2005-11-15,[],Machine Shop/Warner Records,60
6DiEWYk79JFILIgUd6SrTA,Body (Remix) [feat. Capo Plaza & Rondodasosa],1,single,2021-05-04,[],Atlantic Records UK,58
5RIe7ooTqoKkYOtyR16wk4,Furious 7 (Original Motion Picture Score),28,album,2015-03-31,[],Back Lot Music,31
3R6Z3Hp8EMdhgkA5t89NiL,Flashdance (Original Soundtrack From The Motion Picture),10,compilation,1983-04-11,[],Mercury Records,66
1VsBid0LZVPoNokDiJqROg,Home,1,single,2019-06-07,[],Sire,58
0YqZwEyKIvaK8nQLLQ2GWn,Hell's Carol,1,single,2018-12-25,[],Undercover Prodigy,41
2RUQkpqt06NzfF5qBt4xmZ,The Fate of the Furious: The Album,14,compilation,2017-04-14,[],Artist Partner,47
3arNdjotCvtiiLFfjKngMc,AT.LONG.LAST.A$AP,18,album,2015-05-26,[],A$AP Worldwide/Polo Grounds Music/RCA Records,77
4UNZOq7e8WjnfaYm2rkltE,- TRAGEDY +,12,album,2020-03-06,[],P2020,69
089oyV5caclve3ap934iRw,Sinner,11,album,2001-01-01,[],The Bicycle Music Company,70
3VdXq4YQIt3ugs05SjFmsD,Infest,11,album,2000-04-25,[],DreamWorks,0
270o30h7cAlEhBnbuSpFZq,El Dorado,13,album,2021-03-26,[],Records/Columbia,74
3JuCrdvDkUsr2mtdMoS893,La miglior vendetta,1,single,2018-11-23,[],Highsnob,0
4F7fIpuTwfFFUEjQ3GRP3Y,Ogni maledetto giorno (Inferno Edition),19,album,2018-05-11,[],Honiro,52
5lgKOV8Em9TJC0Cy89CNiR,La morte di rinquore (14/2/08),6,single,2016-07-15,[],Hermetic Hip Hop,42
1GYVNOzwhx1nMcIJDogSNp,Death Race For Love,22,album,2019-03-08,[],Grade A Productions/Interscope Records,4
0kcQVLgW7ugVdFapH14iiP,"Is You Ready (From ""Mile 22"")",1,single,2018-08-17,[],Quality Control Music/Motown Records/Capitol Records,41
01GR4NL5O5CZM51k0aejKD,World War Joy,10,album,2019-12-06,[],Disruptor Records/Columbia,72
58dHp5YA8Pepr5I1nYU1P8,Occhi Lucidi,1,single,2020-12-10,[],Universal Music Italia srL.,34
1QhKOq11hGEoNA42rV2IHp,Calling My Phone,1,single,2021-02-12,[],Columbia,0
1hK1lKNTYUM4wYRIY19CRO,GIANTS,1,single,2019-11-10,[],Riot Games,55
2hF0ZgBdbq551zWtp2M0VA,MADAME,16,album,2021-03-18,[],Universal Music Italia srL. (Sugar),0
4JAhdRHNKHa6KtuozMHEzS,Passepartout & Lucifero - A COLORS SHOW,1,single,2018-10-22,[],Epic,14
0zMH1I8EZPPGYAzxZ9H0gU,1969 - Achille Idol Rebirth,16,album,2020-09-25,[],Elektra/WM Italy,57
1ciuTRjD5uOeA4txQWuZnF,Scusate,7,album,2020-04-30,[],Arista,38
143cxYCazoiNfviHRmxkdv,Losing It,1,single,2018-07-13,[],"Fisher - Follow the FISH, LLC",65
7vus4Q8r5DS2Dl1JClxEsA,Astronaut In The Ocean,1,single,2021-01-06,[],Elektra (NEK),67
7CNmYUYpAeDIbuveyu9n0q,Always,5,single,2021-01-29,[],Tre Savage,0
0LZFYIFk4S87FfASvNkChh,No Glory (feat. M.I.M.E & Drama B),1,single,2017-06-12,[],Tribal Trap,0
1PzWwe1L2ijXoIbkL3PemV,GarbAge,14,album,2020-03-06,[],Arista,47
2nU064tbZiQuqHfeXxuHqG,Can You Feel My Heart,1,single,2019-03-01,[],Kitsune Soundworks,48
3BiKuQlctfuiwVlE0UuxPc,RAIN,1,single,2019-08-23,[],Atlantic Records,33
3pnYjVV58HaTO03y5BMb94,Low Profile,10,album,2020-03-20,[],Sugarmusic,47
7ifkO4gppMVf0HNy7JJDHn,"XXXTENTACION Presents: Members Only, Vol. 3",23,album,2017-07-14,[],Bad Vibes Forever / EMPIRE,67
4X1Mbp2hmGpPxFMC7bQlk4,Fratelli d'Italia,1,single,2020-08-17,[],Cosmophonix Production,0
1wrJvDOGOMQKn2v0iRiSJT,E-GIRLS ARE RUINING MY LIFE!,1,single,2020-09-25,[],CORPSE,61
4i3Zb19JEblx5MoVsLz8c7,Suicide Note,1,single,2020-12-01,[],Jurrivh Productions,38
3m8WFSshb6CPu7iIYUge11,Tenebra è la notte e altri racconti di buio e crepuscoli,15,album,2019-02-01,[],Mandibola Records/Glory Hole Records,44
1NsTSXjVNE7XmZ8PmyW0wl,KIRK,13,album,2019-09-27,[],South Coast Music Group/Interscope Records,72
2M0IZTKgkN3ZpYluF4lKAM,Radioactive,1,single,2014-01-01,[],Kid Ina Korner / Interscope,58
0E6FHePm4ZCHMiXcRETVK8,UFO,7,album,2019-06-21,[],Jive,40
2rTCQoVgmaY6hxPczFWAOL,FAM,1,single,2020-12-11,[],a YOLOWN 2020 Records Release ©,0
5uCEoLCj3ZZZ1EtzQdQWVl,Life Is Good (feat. Drake),1,single,2020-01-10,[],Epic/Freebandz,68
1rfORa9iYmocEsnnZGMVC4,Just Lose It,2,single,2004-01-01,[],Aftermath,72
3yhZJ69PSEo8tabrAuwqH5,Broken Teen Girl,11,album,2020-07-14,[],SDNS RECORDS,0
6zyQlLxLYMpuxYSw4ABYCF,Treddepomeriggio,1,single,2020-04-24,[],Honiro Ent,23
06LG29tsfjhjUyEOy5hnkt,DNA,18,album,2020-05-29,[],WM Italy,0
77YDdd3UPTPPR9u0cPRY4b,Free Tibet,1,single,2016-02-15,[],Iboga Records,53
3V5GKKQDKrldly6W5hIwiv,Transformers: Age of Extinction (Music from the Motion Picture) - EP,4,single,2014-06-30,[],Paramount Pictures,53
7ndjN1E8J7089oquwNLugJ,Patlamaya Devam,1,single,2020-10-02,[],Tetick&TFB Records,0
2TiWtkZYnExVcjcDnY0Coc,All Things Go,11,album,2020-02-07,[],BMG Rights Management GmbH,39
4zLnxnv4tUujeJibSEKUr4,Unici istanti,1,single,2019-12-22,[],1650407 Records DK2,0
2v3HEA2GorZa2JZKEKiHxA,Era Tutto Un Sogno,16,album,2012-11-13,[],Universal Music Italia srL.,28
04gdaRtg56whGgaaPnUsr4,Raptus 3,11,album,2019-03-15,[],Jive,52
2NOe6m5QiHdmqwoNZ1ffyp,Non fa per me,1,single,2019-10-26,[],Epic,35
288UqJIqtgtlF04kJDou25,TATUAGGI (feat. ARIETE),1,single,2020-09-15,[],Universal Music Italia srL.,31
58locrwTXB3sE1JK7nKNQW,La Belva,1,single,2020-10-26,[],Honiro,25
6ikX6cy6b14uauCUKnVECE,Queste cartoline,1,single,2020-11-03,[],RKH,0
2uEf3r9i2bnxwJQsxQ0xQ7,Nevermind (Deluxe Edition),40,album,1991-09-26,[],Geffen,3
7aRwdGLDkFtwNWyhCAs30f,Savages,6,single,2019-05-24,[],Position Music,0
1f9vWKabhNPNQnHLleExSh,It's Time,15,album,2005-02-08,[],143/Reprise,69
1KOmHyNLuOe5YrPhD3Juuf,Perception,16,album,2017-10-06,[],NF Real Music,79
3PqmfbW9QbYXobJ6qUSfFe,Hate The Way (feat. blackbear),1,single,2020-10-16,[],BPG/RVG/RCA Records,48
46xdC4Qcvscfs3Ai2RIHcv,The Search,20,album,2019-07-26,[],NF Real Music,79
5ZKqZ7cUWUx17GsOBVN0BZ,Can't Lie,1,single,2018-01-17,[],Warner Records,50
5EqITahBSjWcU71mbhFPEf,Never Go Back,1,single,2019-02-15,[],Arista Records,53
6r4Vfnoifx2CLiTKCaKji8,Avengers: Endgame (Original Motion Picture Soundtrack),35,album,2019-04-26,[],Hollywood Records,53
2G85hww2oXZs1fFAHAVKD9,Chiasso,1,single,2019-05-27,[],Visory Records - My own family – under exclusive license to Believe,44
3cQO7jp5S9qLBoIVtbkSM1,Blurryface,14,album,2015-05-15,[],Fueled By Ramen,84
5HHJRvGzt6Em8VDZXfsyGX,Nobody Cares,1,single,2018-03-05,[],804569 Records DK,0
5SXTscj33KnBUpDyIsZTEf,Tokyo Drift (Fast & Furious),1,single,2006-01-01,[],Universal (MT),64
1Sf8GsXG32t0jNrX11xqWx,JACKBOYS,7,album,2019-12-27,[],Cactus Jack / Epic,76
2XHfI3hLZmfpcLh9q7sreN,Autodistruzione,14,album,2016-07-04,[],Honiro,23
2pWDyiJFya59ue0391kzSl,The Attractions Of Youth,14,album,2017-09-29,[],EMI,68
0d0xhfyP9VIZ8V9IsyvUdg,Midnite (Deluxe Version),15,album,2013-06-30,[],Tanta Roba,0
4NPyYnzivowxXslbKFPpJV,La nave fantasma,14,album,2014-03-10,[],Honiro,40
1AHZd3C3S8m8fFrhFxyk79,21st Century Breakdown,18,album,2009-05-15,[],Reprise,71
6qAapBZqjiATXktzwBzzLC,BV3,15,album,2020-10-02,[],Arista,0
0dZbGBCugQpjLkT2iwwrDQ,Scemo,1,single,2020-10-20,[],RKH,0
3pb0Q6sH9ZhxjOKvSVP5bE,Princess Bubblegum,1,single,2018-07-30,[],haroinfather,56
7d2mx3ECVdcvoLFLXrx8Qo,Spigoli,1,single,2020-05-12,[],Universal Music Italia srL.,45
7pLC91Lp9XmQ8ndQ3K8JYr,Te lo prometto (Acoustic Version),1,single,2020-09-02,[],WM Italy,25
5qQN8wZJs1Mxw4jGobQ8km,Luce (Tramonti A Nord Est) (feat. La rappresentante di lista),1,single,2020-02-05,[],Universal Music Italia srL.,30
6Q47uXONhD3lCI2p0Z9Oro,Oh Cacchio,1,single,2019-11-29,[],Universal Music Italia srL.,41
1HiN2YXZcc3EjmVZ4WjfBk,Everybody,13,album,2017-05-05,[],Def Jam Recordings,69
0V2ApMkgurWGcF0sc0u17w,Something Else,21,album,2013-07-30,[],"Strange Music, Inc",55
6n6VzpTcnHFpGVwJhLNkoH,Orange,13,album,1994-10-14,[],Shove Records (JSBX),48
69FEpLjPHKj9FbszXXPxyN,She Cheated Again,1,single,2018-11-01,[],Daniel Dax Entertainment,20
5sIwLcjRMKmFmNpzTyk4Km,The Freestyles (DJ Trigga & Grz Tapez Present),11,album,2012-08-13,[],Grz tape,49
7MZzYkbHL9Tk3O6WeD4Z0Z,Relapse: Refill,29,album,2009-05-15,[],Aftermath,75
1dEpGPZONvmwYlE2jDOWOM,Star Shopping,1,single,2015,[],Lil Peep,2
0JYxafLuoAFXB2CZ9JVI2k,"I miss you, I’m sorry",1,single,2020-04-08,[],"Gracie Abrams, under exclusive license to Interscope Records",0
2zXKlf81VmDHIMtQe3oD0r,What If (I Told You I Like You),1,single,2018-05-18,[],"Johnny Orlando and M, M&M, Inc",58
2XFnMkMUbO1GvNbGvanCQC,Requiem,17,album,2017-11-30,[],Glory Hole Records,45
5nEPDF0Wtj2ZuvxIvBZ8PF,Fosse Per Lei,22,album,2018-06-22,[],RKH,0
1gUI4keDXbeSil6rwY9qUm,Recovery (Deluxe Edition),19,album,2010-06-21,[],Aftermath,55
0U6ldwLBEMkwgfQRY4V6D2,Revival,19,album,2017-12-15,[],Aftermath,69
4otkd9As6YaxxEkIjXPiZ6,Music To Be Murdered By,20,album,2020-01-17,[],Shady/Aftermath/Interscope Records,77
2cWBwpqMsDJC1ZUwz813lo,The Eminem Show,20,album,2002-05-26,[],Aftermath,88
4I8fTGvJhaThFUFZADkfkc,Eden (feat. Dardust),1,single,2020-02-06,[],Universal Music Italia srL.,28
623PL2MBg50Br5dLXC9E9e,BLAME IT ON BABY,13,album,2020-04-17,[],South Coast Music Group/Interscope Records,71
4m56Ae5dOv24XbtQLYtXKp,Before Wanderlust,11,album,2019-12-13,[],Wanderlust Society distributed by Artist First,4
2l7RPWC3E6eStJJLBsUeCI,Surfer Rosa (Remastered),13,album,1988,[],4AD,0
1r1Xt6oUnY3VMYbQb1U7CO,EVERYBODY'S EVERYTHING,19,album,2019-11-15,[],Columbia,60
5kDL875bDZtpRKtl51ED3X,Mask Off (Marshmello Remix),1,single,2017-06-16,[],Epic/Freebandz/A1,55
3cyyJALrHc8LawnQNFYRWL,Look At Me!,1,single,2017-02-20,[],Bad Vibes Forever / EMPIRE,73
4eLPsYPBmXABThSJ821sqY,DAMN.,14,album,2017-04-14,[],Aftermath,87
2ge7Lk4Sl7hHs4AYxqDbf1,The Definition Of X: Pick Of The Litter,20,compilation,2007-06-12,[],RAL,64
6Eb0Swe0bBTF7MLTXKifv7,Eye Of The Storm,1,single,2017-03-29,[],Riptide,0
4qYSyA9eRrQwwf0fkuIFdV,Hip Hop and Rnb Instrmentals,19,album,2008-07-02,[],Holy Music Productions,52
1lXq1nLRIPBUyshlvIsmpg,Rambo 5: Last Blood - Old Town Road,1,single,2019-08-23,[],Norman Dück,2
7IOiagLHQmBE6XPpYPSQMF,Rumors,1,single,2017-04-26,[],Burning Boat,60
4TOkZvtqNpg5UHyGxCn0mS,Expectations,14,album,2018-06-22,[],Warner Records,72
2Abr7wXyapnBuCMHYw4QMM,Io sono Fasma,14,album,2020-02-28,[],RCA Records Label,50
3nB2ynDft4qV8kuP4zkQB4,Where's My Love,6,single,2017-07-07,[],Nettwerk Records,0
128DS3EuOia6uX7uY22Zq7,Numb,4,single,2020-05-22,[],X-Energy,28
2vMerbYVrKPqfiAtoMKy5y,Sinceramente Mostro,12,album,2020-03-03,[],Honiro,52
5OOd2aAkgZJlYRqYlT1Axz,MACHETE MIXTAPE 4,18,album,2019-07-05,[],Epic,64
5vagixs8qMjgnRcZnaJ4An,Estate dimmerda,1,single,2017-07-21,[],Epic,37
2DkpbVb4lOeAM8iE4SI0zc,Parlami,1,single,2019-04-12,[],The Wolf,0
1pNlh4Xx9a0y8EWEw6i5hx,I Don't Wanna Be Nothin',1,single,2019-08-23,[],Zach Farache,29
4he4SQup02hEIQdwhZlZlk,A/B,10,album,2016-06-10,[],Elektra (NEK),78
2c6s84YTwR9cfncPmB9fNW,? (Deluxe),53,album,2019-09-06,[],"Bad Vibes Forever, LLC",64
6Jsyp5lZm0wz2dTRHNtE9d,Na Na Na,1,single,2019-10-26,[],Epic,47
3kIUmStYlCKTlM9eZmN1Nb,Nevers Road,11,album,2019-08-30,[],Witt Lowry,53
41GuZcammIkupMPKH2OJ6I,ASTROWORLD,17,album,2018-08-03,[],Cactus Jack / Epic / Grand Hustle,88
4kIWi5LcrqAWQD09CE05Ps,GOOBA,1,single,2020-05-08,[],Create Music Group,0
5F6r4JU7TdqI8YOWzj6Fyn,Playlist,13,album,2018-11-09,[],Epic,65
1UR8sxJvEYKJRmKWBaHh67,7 Years (Remix),1,single,2016-06-04,[],Sik World,58
4zcShJyjJFQyN9wDjkzuMB,"The Illest, Vol. 2",12,album,2019-04-26,[],Honiro,54
3TYV6PtWpG48jic3sSv6Bg,Fosse Per Lei,16,album,2016-11-01,[],Sounds Good,30
1ueOFgJ1pFxxKBP5p2XZ96,Musica per bambini,10,album,2018-06-01,[],Hermetic,1
3PV1H05uRv4EQmgM4MMwx1,1969,10,album,2019-04-12,[],WM Italy,0
3HH6dnNnW6be9n5b8RFEs5,Infernum,11,album,2020-03-31,[],Glory Hole Records,0
7FTzcNdsKhMe53orWXsai8,Instagram,1,single,2019-07-05,[],Epic Amsterdam,54
7q2B4M5EiBkqrlsNW8lB7N,2001,23,album,1999-11-16,[],Aftermath,84
58UfZvPf388nNXT6nnszRp,Dilemme (with tha Supreme & Mara Sattei),1,single,2020-04-02,[],Columbia,45
0uyb1O2aodxewxYrAHzqIn,Warriors,1,single,2020-01-10,[],Riot Games,61
4enE8eppWJ9fQXLqTP2TDE,Pressure,6,single,2019-02-01,[],Republic Records,63
5m6qywwXbrvheftV15bf4q,Carillon (with Achille Lauro),1,single,2019-12-11,[],WM Italy,51
0S0KGZnfBGSIssfF54WSJh,"WHEN WE ALL FALL ASLEEP, WHERE DO WE GO?",14,album,2019-03-29,[],Darkroom/Interscope Records,87
2yDUfXlMlItr9VZyJTVA7G,UNA FAVOLA,1,single,2020-05-01,[],℗ 2020 a YOLOWN © Entertainment Release,0
42WVQWuf1teDysXiOupIZt,Birds In The Trap Sing McKnight,14,album,2016-09-16,[],Epic/Grand Hustle,83
6HJDrXs0hpebaRFKA1sF90,ROXANNE,1,single,2019-10-10,[],Arizona Zervas,68
5VdyJkLe3yvOs0l4xXbWp0,17,11,album,2017-08-25,[],Bad Vibes Forever / EMPIRE,86
6gblom0Rg1ZWvhMI1w2RUU,Night Visions (Deluxe),20,album,2014-09-29,[],Kid Ina Korner / Interscope,42
0CoiTAUBiO70lic9p9Lboq,The Heist (Deluxe Edition),18,album,2012-10-09,[],Macklemore,0
37CqAwxTungNxKpIK5vSgE,hot girl bummer,1,single,2019-08-23,[],Beartrap/ Alamo/ Interscope Records,17
5sXSHscDjBez8VF20cSyad,No Time To Die,1,single,2020-02-13,[],Darkroom/Interscope Records,69
7fRrTyKvE4Skh93v97gtcU,dont smile at me,9,single,2017-12-22,[],Darkroom,83
2p9gK2BcdrloHNJwarc9gc,death bed (coffee for your head),1,single,2020-02-08,[],Columbia,73
1GQ97OYUnF24wf1h4B9bzr,Believe,14,album,2017-09-21,[],Phil Larson,36
1mYDKw3w4jPWautkQEs56K,New Blood,14,album,2018-06-22,[],Barong Family,50
361T1uXWyuak02E2W6tBs8,Isis,1,single,2019-05-23,[],Twenty Nine Music Group (Joyner Lucas),50
2zC7zR2MR9AvpM1hQCzGNG,Toss A Coin To Your Witcher,1,single,2020-01-22,[],Masterworks,49
6tkjU4Umpo79wwkgPMV3nZ,Goodbye & Good Riddance,17,album,2018-12-10,[],Juice WRLD Mixtape / ISR P&D,86
1qMo5GH6oprj1nSjado3mX,Cin Cin,1,single,2019-05-24,[],Wanderlust Society distributed by Artist First,0
1TkwzY3l4LqAfrQwBAx45Q,deadroses,10,album,2015-02-14,[],beartrap,67
67ErXRS9s9pVG8JmFbrdJ0,Ella Mai,16,album,2018-10-12,[],10 Summers / Interscope PS,72
0nyCzNgUHC8XgP9oIG657h,No Retreat,1,single,2019-05-17,[],All My Friends,29
414ovELKpZtIZMlZTp39ce,Amsterdam Twerk Music,4,single,2013-10-15,[],Mad Decent,56
3XzSOIE6zGLliuqsVGLmUc,MIDDLE CHILD,1,single,2019-01-23,[],"Dreamville, Inc., Under exclusive license to Roc Nation Records",74
5VcOoSq5hMQb3bNa0sBKOe,"Body Head Bangerz, Vol. 1",16,compilation,2004-10-26,[],"Body Head Entertainment Films, LLC",66
4jYST2srvgmyufpKgh8Z9B,Look at Me Now,1,single,2017-07-01,[],Brennan Savage,58
69Iohe9im7tmyCZfvQUUMN,Stronger,1,single,2017-12-09,[],NCS,0
3HNnxK7NgLXbDoxRZxNWiR,Kamikaze,13,album,2018-08-31,[],Aftermath,74
3U1X1wd3lX7EteWYhS2hpT,"Home (with Machine Gun Kelly, X Ambassadors & Bebe Rexha) [From Bright: The Album]",1,single,2017-11-18,[],Atlantic Records,63
09Q3WwGYsQe5ognkvVkmCu,When It's Dark Out,17,album,2015-12-04,[],BPG/RVG/RCA Records,71
5OZJflQcQCdZLQjtUudCin,BADLANDS (Deluxe),16,album,2015-08-28,[],Astralwerks (ASW),72
6q1VCmcryQVY1uf1ZNKA6V,Playlist Live,27,album,2019-12-06,[],Epic,45
5LZSpPoBVBsh6kRSEKfPQ8,Get You The Moon (feat. Snøw),1,single,2018-10-08,[],Columbia,69
6Nd4PYvQ7aYid1Gn6sWgeG,Better,1,single,2018-09-14,[],"Right Hand Music Group, LLC/RCA Records",59
4i3rAwPw7Ln2YrKDusaWyT,everything i wanted,1,single,2019-11-13,[],Darkroom/Interscope Records,76
2OJ3hrfbAj2sdswRqIj5CB,The Ultimate Gary Glitter,20,album,2011-11-13,[],Snapper Music,40
2NFbVvtSCSZpTX7fQpMOCN,Abstract Art,17,album,2015-10-11,[],K.a.a.n.,43
0tgdYSKotY7RohKrbmYfKx,Un bacio (Deluxe Edition),19,album,2016-05-16,[],VNT1 Records,0
42wflBbrb9OchJfd3qiGRO,23 6451,20,album,2019-11-15,[],Epic,63
389d4pSwwuFlDxsvOwsIXd,Ruckus,1,single,2019-10-11,[],Good City Music,40
2uk7M85rUrDjdXKs7o0MZr,Stay the Same,6,single,2017-08-14,[],SWS Records,37
1W1fCO5NSFbD6ZFXjIn02B,SOLOS,25,album,2017-09-19,[],Repost Network,44
0fYctMs4EvoEqzDh8Kmg5g,Gangsta's Paradise,14,album,1995-11-07,[],"Tommy Boy Music, LLC",2
1oLdPWpMNNqxsyyIuy3hBx,"YOSHI (feat. thasup, Fabri Fibra & Capo Plaza) [prod. Strage [Remix]]",1,single,2019-09-13,[],Epic,39
3HzUH9fh5DExUQXfIAt9wI,INTRO,1,single,2019-09-19,[],South Coast Music Group/Interscope Records,0
55UT4Mjyt5RWjl10ScOt3l,whatever it takes,1,single,2018-08-04,[],702622 Records DK,0
30gnisiaho0Y6KRWJ7gIaA,Legends Never Die,1,single,2017-09-15,[],Riot Games,69
6rzMufuu8sLkIizM4q9c7J,LONG.LIVE.A$AP (Deluxe Version),17,album,2013,[],A$AP Worldwide/Polo Grounds Music/RCA Records,76
6ynneRGMtdBnKjNaTvmM4N,Тает лёд,1,single,2017-03-10,[],PAPA MUSIC,50
5Z6pmuZY9xZuRv8CxcwQtL,Strangeulation (Deluxe Edition),21,album,2014-05-06,[],"Strange Music, Inc",49
10v912xgTZbjAtYfyKWJCS,Highway to Hell,10,album,1979-07-27,[],Columbia,78
5NH94cATqx5fjBE794xZLy,Collision Course (Deluxe Version),6,single,2004-11-30,[],Warner Records/Roc-A-Fella,66
6Q0aPCxLqK5EDSJdlPkNeT,Believer (feat. Lil Wayne),1,single,2019-01-07,[],Kid Ina Korner / Interscope,51
4OAzTjKrZX2tsO64fuvUGA,The Way,10,album,2011-06-30,[],Zack Hemsey,0
5xN7Qp2mQvs0QfT1py6jO1,Ronin,10,album,2013-04-30,[],Zack Hemsey,0
0HqIXC66tCxkYhvyarqOyT,God of the Serengeti,18,album,2012-10-22,[],Enemy Soil,47
4AabsQ6plH3OmdE6BWI04j,rockstar,1,single,2017-09-15,[],Universal Music Group,10
2FCnqgKag6FTtXOG2FEl5P,Lento,1,single,2019-06-07,[],Guna,53
061IeHu2QcmToSRzRkzeqM,Committed to the Crime,6,single,2014-10-07,[],Chaos Chaos,49
7vA3usjQBaPKpOQxyVBrAN,Lupo di Hokkaido,7,album,2019-05-24,[],Glory Hole Records,35
65JmkZAcCqtinkrpLri9TO,Tu che ne sai (feat. Zoda),1,single,2019-07-12,[],Yalla Movement,32
34tqlcJbqkzzigzjIPJK9i,COME IL RE LEONE,8,album,2018-10-30,[],CRANIO RANDAGIO,41
0KcRX7YkMZ4mwOkEiCb9zw,Cage The Elephant,11,album,2008-01-01,[],Relentless/Virgin,0
6npEZ6PLRAhagB3cwDZ3l7,The Great Depression,17,album,2001-01-01,[],RAL (Rush Associated Label),54
7A8fZ2jjiu5heq7wNCutKN,VHS,20,album,2015-06-30,[],Kid Ina Korner / Interscope,72
33TJ52PuwenGmysJrwMGCe,"Come Over When You're Sober, Pt. 1",7,album,2017-08-15,[],Lil Peep,4
2udv3G6saR7mLvp20Sfvcw,Start A Riot,1,single,2015-12-04,[],Island Records,43
47BiFcV59TQi2s9SkBo2pb,Recovery,17,album,2010-06-18,[],Aftermath,81
4kOACyHbEPgbnmyF5nCYB7,Pianeti,14,album,2017-10-06,[],Honiro,65
6400dnyeDyD2mIFHfkwHXN,Pablo Honey,12,album,1993-02-22,[],XL Recordings,0
1XwUi4OQvHNpsChHD7Ifah,Without You,1,single,2018-12-02,[],TuneBase,12
3LfSL8GflXlUnz8H0wlc9z,Covers,4,single,2018-10-27,[],1022227 Records DK,48
38kpkGLuPr1nNfD3iEyOlJ,Old Town Road,2,single,2019-04-05,[],Columbia,0
6DmoDMDN8887uv0KL5kwbF,My Liver Will Handle What My Heart Can't,13,album,2015-09-21,[],Universal Music Group,0
1Ehq0w6zLcZAM0CzcKocI6,Nonno Hollywood,1,single,2019-02-06,[],RCA Records Label,25
1OzQ5JSUO7UqTeCgtzIrpH,La Câlin,1,single,2017-04-10,[],Derin Müzik,0
1KasGIvIUzh4NsNpaJM4MW,Tenebra è la notte ed altri racconti di buio e crepuscoli,15,album,2019-02-01,[],Mandibola Records/Glory Hole Records,0
2eLcG0rEYCIvG9yKdE18e6,Suicidol,15,album,2015-05-26,[],Epic,58
1VAc77UvK5wj8ZSWCo3V2b,The Beautiful & Damned,20,album,2017-12-15,[],BPG/RVG/RCA Records,73
4C6GJ6XMpIPzdERqcPu0zC,La fine del mondo,1,single,2018-11-23,[],RCA Records Label,37
7kSa9AwcDQ6ZUScaXxp8zP,Creed II: The Album,15,album,2018-11-16,[],Creed 2 Soundtrack,62
4z7w3IoSFgysP7iNpDgUqu,The Punisher (Original Soundtrack),21,album,2017-11-17,[],Hollywood Records,47
5EJyNVOYEOgnwz9R1Mwm8w,Non voglio morire,1,single,2018-12-18,[],Honiro,15
50U6BTYJotIaPUBOUBInTL,11:59 (Deluxe),13,album,2010-08-02,[],Atlantic Records,43
65L5VcKGKe6sOJIPNFc0Q1,One in a Million,1,single,2023-08-04,[],Warner Records,57
54dZypaXHAIDzBe9ujAZ63,Paint The Town Red,1,single,2023-08-04,[],Kemosabe Records/RCA Records,64
1F9LY06gadScF4g3g3BrDC,AUSTIN (Bonus),18,album,2023-08-02,[],Mercury Records/Republic Records,71
0AD4xVslP0qraEZQKQ5O3S,GO GO GO,3,single,2023-08-03,[],FAMM,50
7BgKnIEiobf2VaITPMojh5,INNOCENTE,15,album,2023-05-26,[],Warner Music,33
5S2RzVtE5dwhqZHK9UH767,HABITAT,14,album,2023-06-16,[],Columbia,40
3qoGM4yHcw91XeCA6bC7Pb,Ray Of Solar,1,single,2023-08-04,[],Swedish House Mafia,52
0RNI2RAuIHHNMDF4AuqkKz,Atlantis (Robin Schulz Presents KOPPY),1,single,2023-08-04,[],Mentalo Music,41
4ZrTFJ486SKULQTaWAGfLm,The Greatest,1,single,2023-08-04,[],Elektra (NEK),42
1RvvpYObiXki55iPrP8EVQ,Blindside,1,single,2023-08-04,[],Columbia Local,48
1ej1wD4Xw3T47czXKeFixm,Love Lines,3,single,2023-08-02,[],BMG Rights Management (US) LLC,42
1AkVEhlI2czYOj5h0f2xDH,Mr Right (with Meghan Trainor),1,single,2023-08-04,[],EMI,49
3td8YUGhx5odYjMPV7HPNF,Be More,1,single,2023-08-03,[],Mercury Records / Republic Records,50
2wYh1adQn0CaWPlJMHFo56,Trauma,1,single,2023-08-04,[],Mercury Records/Republic Records,49
1Z63CEuNOQf5UIZ1LoI9fP,Liar Liar (Feat. Bastille),1,single,2023-08-04,[],Universal-Island Records Ltd.,45
7fjIIM9b9rJ7bu28VtLVxA,STRINGS (feat. JVKE & Bazzi),1,single,2023-08-04,[],Warner Records,48
0VsjdPYUzQti57JmByRQvz,Angel,1,single,2023-08-04,[],Parkwood Entertainment/Columbia,51
4L1fTiCm419aQYUbfRJ3mA,Love U Like That,1,single,2023-08-04,[],Lauv,52
4T0KHJNt0mCuAyXSXfhQc3,Victory,14,album,2023-08-04,[],Polydor Records,52
2ICO1fY83UlRUCzUHjFIIf,Beside You,1,single,2023-08-02,[],Atlantic Records UK,43
6MFUD5C7RZlANVsGdOmDZI,Tennis Club,1,single,2023-08-01,[],ELE A,28
0KgrYKEicvfHzFBIg6Nfpb,FACETIME,1,single,2023-08-04,[],Isola degli Artisti,16
3ipt6UJz57OhTfgPFimza9,Mare aperto,1,single,2023-08-04,[],Warner Music,18
64xMm3GMM8oz7d25iJXEgT,Tinder,1,single,2023-08-04,[],Still Charles,18
212HFmomhRKVxsOOQYXlMV,DIMMI QUANDO TU VERRAI (Prod. JARO),1,single,2023-08-04,[],Dmb Managment,17
42dnGUpj3OEU4anDNW69j3,Good Good,2,single,2023-08-04,[],mega/gamma.,53
5SULZpveqjEFxoMoZjudDB,VENTE CONMIGO,1,single,2023-08-04,[],UMLE - Latino,61
5Cj5Y28x79njyaIIus6zNB,Further Away,1,single,2023-08-04,[],"Ultra Records, LLC",35
6cXVZGm8DdsT8QZpfeUST1,Lifeline (feat. Ella Henderson),1,single,2023-08-04,[],WEFOR,42
2Bw2hZirRV4JkOnaMMfUeq,No Sleep,1,single,2023-08-03,[],MDLBEAST Records,39
1WzD4wAhcuqIFBMZSDVoH9,Won't Forget This Time ft. John Martin,1,single,2023-08-04,[],Dim Mak En Fuego,42
7Cox5cc0YmFSLTMElICoW8,NO PARE,1,single,2023-08-03,[],Pina Records,47
3n14ur3lb0lQ81joReKXVf,Tá OK (Remix),2,single,2023-08-03,[],Sony Music Entertainment Brasil / 5020 Records,58
1TNCpCq8peDn03K1qK5If4,Muñekita (with El Alfa & JT),1,single,2023-08-04,[],Geffen Records,54
5WojaFxkR4saLIwiyUBAnX,GANAS,1,single,2023-08-03,[],Sony Music Latin,42
29cl0DP1rooFviGZS8ME4A,Piedritas En Los Dientes,1,single,2023-08-03,[],Rich Music,47
44ugNcdxZyGhNiW2WWil0b,El Comienzo,11,album,2023-08-03,[],Grupo Frontera,67
4tV250xtTBLkwWqWTCC4l8,Bella e Stronza,1,single,2023-08-04,[],Beat Sound,21
3YPQq2ZZUeRCNe3eAEFTs9,Come ti pare.,1,single,2023-08-04,[],Edizioni Fumo,14
1BwPqLtg1Ilkj2qLEgpPVB,Bordeaux,1,single,2023-08-04,[],Piuma Dischi,11
5ebkIuetHLio3kC1E9CxmU,Slide,3,single,2023-08-04,[],Quality Control Music/Motown Records,56
4rXP4oMmequey8Q600Gs6i,Hype Me Up,4,single,2023-08-04,[],BMG Rights Management (US) LLC,45
4HaskkZcwaUEd2dctlCnyj,Galatine,1,single,2023-08-04,[],MAGENTA FLORA,13
1qG8i890pbxiQ9O8yCd9Kj,Miracolo,1,single,2023-08-04,[],Reload Music,15
0jHeaz4rG1j9Cbwaf5EFmf,se ci guardi bene,1,single,2023-08-03,[],DANU,16
4K0wKLFE0LxcQAmcmVvd0X,XXL,4,single,2023-08-04,[],Sunset Garden,43
3oso8n6CkMfjn4h5hEvrjF,La La La,3,single,2023-08-04,[],Atlantic Records,42
0KgiN6gpmIFwjxSIJE3qrb,Bad Gyalz,1,single,2023-08-02,[],HIJINXX/Island,40
4tGjr14oYsIMsLC9NQaeJ4,ADIOS (feat. Yunes LaGrintaa),1,single,2023-08-04,[],Fre_nky,26
6mNGUrdydtHjGC5nlBueSD,Import-Export,5,single,2023-08-04,[],OG Records S.r.l.,24
2QqzgI8IV6rzbHDGvv7Xzo,LACRIME,1,single,2023-08-04,[],DND.ENT,19
0JKv3f49UstpHJWH5vXUNM,MICHELLE,1,single,2023-08-04,[],Columbia,16
0qsSYysDRyy9wSlbBqzEXa,Allez les Gars,1,single,2023-08-04,[],Warner Music,15
2Exf1TaOG1wElBCKNDzWdz,Evicted,1,single,2023-08-01,[],Legacy Recordings,41
4sAnhPJ2iRrbxesJeIuLAW,One Man Band,4,single,2023-07-31,[],Modern Sky UK,34
2HVE0ZmEDKkasHZhWVmImV,CHORMA,1,single,2023-08-03,[],Universal Music Italia srL.,26
37PTukww7KYurZI9H6agcd,Back Home,1,single,2023-08-03,[],Universal Music Italia srL.,12
1ZJiogegMu9wEbMxI7uy7U,hewantscoffeebutiamtea,4,single,2023-08-03,[],NewEchoes,31
11dPawzBDhJ3cTnKOC5tOU,VENTI,1,single,2023-08-04,[],Sara Zais,11
1my7oPBDmt2yTrn92pqfVe,Balla con me,1,single,2023-08-04,[],Santé,12
23cR1nx3y1qdL2JO62xrYx,STRADA DI CASA,1,single,2023-08-04,[],solomarco,11
6sEngoRFNdplYWTPH5aAZ9,PUGNI ALLO STOMACO,1,single,2023-08-04,[],Luppolo Dischi,11
6aEgZaiLnAVZtJ2nXUA21b,Non Ti Decidi Mai,1,single,2023-08-04,[],IceFootMusic,12
48Uk2Z5KiJK9CmNUQt4ODM,CAOTICA,1,single,2023-08-04,[],SIDEA,10
18blAWeu1dFxh1G3TEum84,Blondie,1,single,2023-08-04,[],La Furia Srls,12
2uKdFaQMLtLkOHthm855ns,bellissimissima <3,1,single,2023-05-12,[],Artist First,71
5cH7FqB7JD5q1tJXJ7FHYu,Dance The Night (From Barbie The Album),1,single,2023-05-25,[],Atlantic Records,86
38cYOdPjt5btA4AMYmbZjn,ITALODISCO,1,single,2023-05-05,[],WM Italy,73
0yMMpOLjvKuWs2dnXlGgYK,Rubami la Notte,1,single,2023-05-19,[],Columbia,69
4Uyh7I3ywchoaZaZaQE4cZ,Fragole,1,single,2023-05-12,[],Elektra/WM Italy,69
3DIE5BHMhtSsi38Nhi1z4e,DISCO PARADISE,1,single,2023-05-25,[],Warner Music,72
1Q2gs2NTXULiFqwCiv5JdG,TAXI SULLA LUNA,1,single,2023-06-08,[],Universal Music Italia srL.,70
4mDNlXka14q7OXt8nwzylf,Ci pensiamo domani,1,single,2023-05-12,[],BMG Rights Mgmt Italy S.R.L.,70
6q7bwUSY4WvyD6WkyDtbzH,Mon Amour,1,single,2023-03-31,[],Warner Music,71
0EtbYgB5v6HF3VgWVYOOOi,"Gelosa (feat. Shiva, Sfera Ebbasta, Guè)",1,single,2023-02-24,[],Epic,71
4ryxRPTcHPcbSKN8WbmHDC,Un Altro Mondo (con Tananai & Marracash),1,single,2023-06-21,[],Universal Music Italia srL.,66
4RVfbFT2GfDqhmaMT0ro75,MATERIA (PRISMA),37,album,2023-05-26,[],Epic,70
3ARAg9P6I7BCuwRy0UJKos,Non litighiamo più,1,single,2023-03-31,[],Epic,70
72FNv51OVhZ0ueIl7Hrlta,HOLLYWOOD,1,single,2023-06-09,[],Atlantic/Island/WM Italy,66
4PNqWiJAfjj32hVvlchV5u,"Quevedo: Bzrp Music Sessions, Vol. 52",1,single,2022-07-06,[],DALE PLAY Records,81
5WbgkuQehIgUQn9s5gpbZH,"MIRAGE (feat. Ozuna, Sfera Ebbasta & GIMS)",1,single,2023-04-14,[],Epic Local,72
7kPBwGRrSCDXGUuxcD6AWb,ASPETTANDO LA BELLA VITA,11,album,2023-07-20,[],Trenches Records Ent.,55
3jpLucgWNCwEaAuw4oMBUq,PARAFULMINI (con Bresh & Fabri Fibra),1,single,2023-05-25,[],Universal Music Italia srL.,61
5FAlSQMZ4j8pPa4sp0ZB4K,IL CORAGGIO DEI BAMBINI,18,album,2023-01-06,[],Columbia,77
50uChhk7AKkzDKytDixjYW,RR,3,single,2023-03-24,[],Columbia Records/Duars Entertainment/Sony Music Latin,84
6h5tdNdOnnFL6zbeMeeqdk,Reinsertado,19,album,2023-05-12,[],M.D.L.R,81
5gCcb5fsSb6w5K8SyJrgtB,WHERE SHE GOES,1,single,2023-05-18,[],Rimas Entertainment LLC,87
44iFvVtFduw0s4bPAk5skP,Innamorato,12,album,2023-04-13,[],Universal Music Italia srL.,73
327tc3Eruk1HP1w62iqROy,Baby Don't Hurt Me,2,single,2023-04-06,[],Parlophone UK,83
2LVDNOUUy2g8517ZEtQIcK,(It Goes Like) Nanana [Edit],1,single,2023-06-15,[],XL Recordings,82
62zvNsNxirBdtlb1YQAkX1,LA FINE DEL MONDO,1,single,2023-05-12,[],Warner Music,65
060HF45et7bfm9rkxtLPBP,VIDA LOCA (feat. Medy),1,single,2023-07-07,[],Matteo D'Alessio,60
5CM66hwjlbZ06LhONWXOAs,Barbie World (with Aqua) [From Barbie The Album],1,single,2023-06-23,[],Atlantic Records,84
10eNMeTimUzAKLhCOpIUlb,K-POP,1,single,2023-07-21,[],Cactus Jack/Epic,82
34xqVY6cGU0SpipmZ8pj3x,Alta marea,1,single,2023-06-16,[],Carosello/WM Italy,66
2vwWPY6vz4HgqEb4PFPq0p,Coca zero,1,single,2023-03-31,[],Columbia,61
4oUqxRcUDEwAPqpYgOYuUG,Santana Season,13,album,2023-06-09,[],Milano Ovest,76
18NOKLkZETa4sWwLMIm0UZ,UTOPIA,19,album,2023-07-28,[],Cactus Jack/Epic,100
1CUZTsdUtnhtirsffXGMX7,Guasto D'Amore,1,single,2023-01-27,[],Epic,67
5r2DMxv3IGCkVIhksqgkFy,Nove Chiamate,7,album,2023-01-13,[],Columbia,67
3AafSrFIbJPH6BJHiJm1Cd,"What Was I Made For? [From The Motion Picture ""Barbie""]",1,single,2023-07-13,[],Darkroom/Interscope Records,86
6ZEXxjoXce42TAPSQtzCs6,Ancora,3,single,2023-06-21,[],Universal Music Italia srL.,64
2eV25SPEQ57dzp4Qs9FonT,FEDE,13,album,2023-07-21,[],WM Italy,64
2SqYx4suWqZ3FakytOVwRW,Abbronzatissima,1,single,2023-07-21,[],Warner Music,64
6hGUJpYzwN9DPqVUC2onlU,Radio Gotham,14,album,2023-01-20,[],Columbia,67
2DsrAMSZE08IvsVnluai0A,Altamente Mia,1,single,2023-04-07,[],Epic,62
329aNexZnIOYq7GaNHCxSC,Pelé,1,single,2023-03-16,[],Universal Music Italia srL.,68
3P40qeC2k4oGbF89ppRUJO,Baby Mama,1,single,2022-10-27,[],Pulp Entertainment,62
5kqfR7EuGbyp8x27Pr1kY9,vampire,1,single,2023-06-30,[],Olivia Rodrigo PS,87
5beJZJo0DqVaPVlA1cHwjj,MERCHO,1,single,2022-12-16,[],Sony Music Argentina,77
5k0Gpr3JOlSNhF0VeSZ0zs,Rinascimento,10,album,2019-03-06,[],Stirpe Nova,50
2rb6C1wUwk7hFOVmfgt19k,Zanaka (Deluxe),16,album,2016-11-25,[],Columbia,74
2fenSS68JI1h4Fo296JfGr,folklore,16,album,2020-07-24,[],Taylor Swift,91
3puAvurwvtvi1rodndIPW8,LA VIDA ES UNA,23,album,2023-03-23,[],WEA Latina,90
1CxqsMftYqwpHFyV0llE5q,Domani ci passa,1,single,2019-04-05,[],Ludwig Official,56
41iAYv4hU3BL86F0sOTvqp,Tá OK,1,single,2023-05-04,[],Sony Music Entertainment,81
6MLx7SZjcmMHNUJc1Tcir0,Speed Drive (From Barbie The Album),1,single,2023-06-29,[],Atlantic Records,78
1BOZNMzXTIkz8nUfGCxfpe,From The Start,1,single,2023-05-11,[],Laufey,77
4eoF8b15EaosNzpn2N3Rt9,Shorty Party,1,single,2023-03-04,[],"Babilonia Music, S.A. De C.V.",75
2G4AUqfwxcV1UdQjm2ouYr,Ghost Stories,9,album,2014-05-19,[],Parlophone UK,80
4LPEPv5dG2Cu5aceakd1cm,M' Manc (con Geolier & Sfera Ebbasta),1,single,2020-06-11,[],Universal Music Italia srL.,61
7kV5GsdeIupIcevrNDfFUz,RITMO DE TREINO,1,single,2023-06-14,[],YOUTHISENDING,66
7sxJ0kJ1I7cDD3OGIzOtnx,Pink (From Barbie The Album),1,single,2023-07-21,[],Atlantic Records,60
0cnd1tlGnbfScH1KWwgxan,Viva La Vida or Death and All His Friends,10,album,2008-06-19,[],Parlophone UK,68
11dh7pT3FRrGkI3TXl0e4k,Mainstream (Deluxe Edition),11,album,2016-06-03,[],Bomba Dischi,61
1Dwq1mXGAe79jZ1U7KHWq6,MALESSERE,1,single,2023-07-05,[],Dyco,41
7CIlHDEtln2cbqATa3uRoF,ALBV,1,single,2023-03-24,[],Trenches Records Ent.,59
1NAmidJlEaVgA3MpcPFYGq,Lover,18,album,2019-08-23,[],Taylor Swift,96
2k7vGyQFY5ILNhRf6Ia68J,Moulaga,1,single,2019-12-13,[],Midi Midi Production/150 Prod,69
2HuMAoXpr6HDryNHipbCpB,MONTAGEM - PR FUNK,1,single,2023-05-01,[],S3BZS,78
4E7bV0pzG0LciBSWTszra6,X&Y,13,album,2005-06-07,[],Parlophone Records Limited,79
7vH3G0c3n1WsgTJHBmZxdV,Padam Padam,1,single,2023-05-18,[],BMG Rights Management (UK) Ltd,73
5qmZefgh78fN3jsyPPlvuw,a Gift & a Curse,15,album,2023-06-16,[],300 Entertainment,89
1Umud5EOQ4sNzbOyewF67O,Portami Con Te,11,album,1999-05-10,[],RCA Records Label,55
3tIWwSutrmjyPRqkmAugoW,Malatìa,1,single,2022-09-20,[],Jesce Sole,56
57bOm4y0cT0j9Kwl7Osasj,Mona Lisa (Spider-Man: Across the Spider-Verse),1,single,2023-06-02,[],Columbia,75
6nuNEPqjdcumKXE0Nd99Wr,LIBERATO,11,album,2019-05-09,[],LIBERATO,63
4jgelDulWcFndTEWGLyqJw,Casper,1,single,2023-05-19,[],Columbia Local,59
5l0QlaI3wdZpE7ggoO5Rwg,Sprinter,1,single,2023-06-01,[],Neighbourhood / Live Yours,86
71MqBkcflJ1Rz1SHo8XSi5,What It Is (Versions),6,single,2023-03-17,[],Top Dawg Entertainment/Capitol Records,81
0EYKSXXTsON8ZA95BuCoXn,Lay Low,1,single,2023-01-06,[],Musical Freedom,76
5rLrnpQAVeBYEw6tH6PUKj,Due Vite,1,single,2023-02-08,[],Epic,63
0LRTS7FyYLppkDLOZT02Xp,Tattoo,1,single,2023-02-25,[],Universal Music AB,81
5letLUZIFsQikJYShfGNs4,The Beginning: Cupid,3,single,2023-02-24,[],WM Korea,87
2pFX16u42q0e5F5vRmmzYT,The Heist (Deluxe Edition),18,album,2012-10-09,[],Macklemore,65
6Fkp68IAnNvIRJ8rm1MxhB,Queen of Kings,1,single,2023-01-09,[],Universal Music AS,71
1y8Yw0NDcP2qxbZufIXt7u,Moonlight,1,single,2023-02-24,[],Geffen Records,78
5r36AJ6VOJtp00oxSkBZ5h,Harry's House,13,album,2022-05-20,[],Columbia,92
1RIFJfcfz9CgzSER8yweTm,Senza Di Me,1,single,2018-12-21,[],Universal Music Italia srL.,55
6jH8B2boL4X8mBVm2R4eaK,Per dimenticare,1,single,2009-05-01,[],Lasugo S.r.l.,41
5FnVg6RBrEFUIEpHRw8EB1,Madreperla,12,album,2023-01-13,[],Universal Music Italia srL.,69
4gNqj9AqQFp0OGiwrVTo8W,Mare fuori (Colonna sonora originale della Serie TV),33,album,2020-09-23,[],Rai Com,59
2vdMQdtjraDA0paMwtEbVd,Regardez moi,10,album,2017-11-24,[],Undamento,67
2vIDF8BeMN3BcF0yOSMgmN,Relax My Eyes,1,single,2022-11-04,[],NO ART,72
3TF9WzclcGdnebpaHgMyxh,Jericho,1,single,2023-04-15,[],Columbia,73
1gi2iwr1l8IUyHYHxi01pg,"Shakira: Bzrp Music Sessions, Vol. 53",1,single,2023-01-11,[],DALE PLAY Records,80
5BRhg6NSEZOj0BR6Iz56fR,Plastic Hearts,15,album,2020-11-27,[],RCA Records Label,86
3QITNyRzvTqn0t9tLmS1Vd,The Super Mario Bros. Movie (Original Motion Picture Soundtrack),37,album,2023-04-07,[],Back Lot Music,73
29ppT5JZzykgZd8pPhYxwY,Controcultura,18,album,2010-01-01,[],Universal Music Italia srL.,55
6aBVGuOUEuX18rHxyDWbti,La Bebe (Remix),2,single,2023-03-17,[],WM Mexico,86
6CvEsGBD3JdbDKpmJaXn2E,Rush,1,single,2022-09-16,[],Mavin Records,71
0Lk62qOfyMoDWD4iIpNZjy,Shawty (feat. ANNA),1,single,2022-11-30,[],WM Italy,57
4kOeOxOX8Jr1wCgEQr7M3C,Studio Uno,12,album,2009,[],Peer Southern Productions,54
3v5BP6gPT1nNU9rjs57fF0,Push Up (Main Edit),1,single,2023-03-31,[],Columbia/B1 Recordings,75
4EjqOuqjcPm50M6cMZwGYN,Ghettosuperstar,11,album,2023-03-10,[],1328940 Records DK2,56
2GLuHlc49dJKY8yzxUZb8p,Rien 100 Rien,25,album,2019-06-28,[],D'Or et de Platine,70
70f70xLCpH7wHaVvB2oZT9,Believe (Deluxe Edition),17,album,2012-06-15,[],RBMG/Def Jam,74
5As1VmPUMn4HIgYSbFD6l0,Marianela (Que Pasa),2,single,2022-11-25,[],Cr2 Records,66
4yMQk3qc1pbUOLjgRN1gIB,YAMAMAY,1,single,2023-02-09,[],Niky Savage,57
7GWVPJPcu8o1LCw94e5Rew,Orange County California,16,album,2017-01-13,[],Universal Music Italia srL.,62
68L5xVV9wydotfDXEik7eD,five seconds flat,14,album,2022-04-08,[],Harbour Artists & Music,79
6cVfHBcp3AdpYY0bBglkLN,Boy's a liar Pt. 2,2,single,2023-02-03,[],Warner Records,82
4cAAsw7mPkGt15GXQzWlrM,Players,1,single,2022-11-30,[],Uptown / Republic Records,76
5pmFI5q0ob82elppBCel0W,The Ringmaster,10,album,2020-10-09,[],Columbia/B1 Recordings,69
2yRIzD4GpnSNlGw5gt0Y1o,What You Say?,1,single,2023-01-13,[],Ministry of Sound Recordings,55
6LY3AerY6KNGOPsNPL63Kk,Born This Way (International Special Edition Version),23,album,2011-05-23,[],Interscope,79
6rOuSJCksAl2B5KUvVChR3,Fake News,16,album,2022-12-02,[],Columbia,73
7qMFX6YMY6dhl4OWzve4ty,SIRIO,26,album,2022-04-07,[],Universal Music Italia srL.,67
0Zovm2YyZr0yUhiQAVuJAO,IO NON HO PAURA,17,album,2023-05-04,[],Universal Music Italia srL.,64
6QqDUInH8FiRADP1bG8LZF,NO STRESS,11,album,2023-07-07,[],Atlantic/Island/WM Italy,68
5y2UTfhxtOcFE1v5S585kK,FEDE,14,album,2023-04-28,[],Warner Music,46
0sAh6LuYBSiFz3PVSkWCbF,Venduti,13,album,2023-07-13,[],Universal Music Italia srL.,58
1Fb1bL19kIPe24nhMcpE80,Make Up Your Mind,1,single,2023-08-04,[],Art@War/Atlantic Records,45
4GVyz2cTtsOtCX5Jk1zeaU,I Showed U So,20,album,2023-08-04,[],Inevitable Productions,55
1WI5hRCxaEOSMUtKxO5fKa,Always Gonna Be,4,single,2023-08-04,[],Warner Music Nashville,46
6ZnveWEVVScM3a2labkJLv,Left 4 Dead,1,single,2023-08-04,[],"1400 Entertainment, Inc. / 10K Projects",47
7nWjFzbfY7W4FxTAzKfhMu,Across The Sheets,8,album,2023-08-04,[],BMLG Records,46
4alOM8XlyGXSsr3IIlshl8,MUSTARD (WITH 6LACK),1,single,2023-08-04,[],"ARTium Recordings, LLC/Interscope Records",45
0aNeBf2SZFAUOYuyCBPU0c,TGIF,1,single,2023-08-04,[],XGALX,50
3myfX09GyHOpYaDN0AlHFY,Pleasure Peak,1,single,2023-08-04,[],Rosebud Recordings,38
71KLx5jfz3tTE83sKmeXYp,Where Are You Going?,6,single,2023-08-04,[],Pizzaslime Records,36
6Ro2L2h4BlChNYSiy00mys,Valapriso,1,single,2023-08-04,[],Darkroom Records,36
7dHj0WLfCcsqzo82GSnPCz,Family Ties (Sampler),4,single,2023-08-04,[],Big Loud Records,46
6GPfETz7e4MYd3kU4CtLIK,"Echoes (feat. Tony Duardo, Manana & Lusanda)",1,single,2023-08-04,[],Encore Recordings,37
2WP9xHy2XZjI78eXGmQ5XE,Be Okay,3,single,2023-08-04,[],Centricity Music/Atlantic Records,41
7AjXiy71zgyqiAw8iqtf9S,Have A Good Time,1,single,2023-08-04,[],Capitol Records Nashville,38
1KT4zt8tTkUTQlUWJKLjQW,Desire,2,single,2023-08-04,[],Columbia,39
6P01cKb7sdwfnNpuMLNEik,KILL MY DOUBT,6,single,2023-07-31,[],Republic Records - ITZY,71
6XJQyWSjUaPb0M30hX2QU8,BLOOD ON MY NIKEZ,2,single,2023-08-03,[],Loma Vista Recordings,44
6bgMTwZUkaJeNvlvlM8u9R,Nightmare on Peachtree Street (feat. Freddie Dredd),1,single,2023-08-04,[],Baby Gravy 3,45
1paIukF9TxaYwBpYbyFdOt,Heart Full of Rage 2,16,album,2023-08-04,[],Epic/London Ent.,46
3ia102yZXVYkbU25GbGxSe,Float Away,3,single,2023-08-02,[],Counter Records,40
40ptDph9mAXMnkZJKRe3UM,The Maine,10,album,2023-08-01,[],Photo Finish Records,58
5U4deWruWEu8HcWXc1E7eY,Confirmation,1,single,2023-07-31,[],Moon Boy University / EMPIRE,40
3SOrMCFaErYHw8BDd1XxYi,OUTTA CONTROL,1,single,2023-08-02,[],Above Ground Entertainment,37
4K7d10ZpPwzWTEnsVxJJ7v,Girl Supreme,1,single,2023-08-01,[],Sub Pop Records,31
2DiEV6hfnGqeCud4kf5gyK,Make Me Cry (feat. Deadbeat Girl),1,single,2023-08-04,[],RCA Records Label,35
5ti35p8028PSksErKRW415,You Are Who You Hang Out With,10,album,2023-08-04,[],Fueled By Ramen,50
6QK3O5sAs6NJ8n3h8UssuZ,How We Roll,1,single,2023-08-04,[],"Beauty Marks Entertainment, Inc. / Chris Brown appears courtesy of Chris Brown Entertainment, LLC/RCA Records, a division of Sony Music Entertainment",52
6TyazNC4sGL6mlQ1vkfih5,ONLY FANS,1,single,2023-08-01,[],The Sauce Familia / EMPIRE,28
2qJd6dBsXw6hZrZp8L8n2P,Realest (with Eminem),1,single,2023-08-04,[],"FFP Records, Shady/Aftermath/Interscope Records",57
0DyM4ObPQl24gdZ1Xhq6Ga,Mandem,1,single,2023-08-03,[],No BS Music Limited,44
12PQ5IbSS0mm4XMgQubpX9,Need Your Love,1,single,2023-08-04,[],Physical Presents / Fontana North,35
60w04vsIPYkG0lG9sqBjMf,Fall With The Lights Down (Velma),5,single,2023-08-04,[],Nettwerk Music Group,27
6E1vE4WcIXDDNOPW4jPYff,A Little Love,1,single,2023-08-04,[],Bloom Field Records,40
21RRWWtERAfAwBFv9rzktq,Take Me Back,1,single,2023-08-04,[],Chri$tian Gate$,37
7J89BNNwTMOeNj6PzNXOHI,I'm Alright,4,single,2023-08-02,[],BMG Rights Management (US) LLC,35
4sHzSRwp8ALK3b6itOJvrA,how's it feel to be a boy,1,single,2023-08-04,[],Paradox Records,22
7KgXqySqEbM0qbJuyhfrXp,Sweet Tea,1,single,2023-08-02,[],"Artium Recordings LLC, under exclusive license to Roc Nation Records, LLC",44
5O0jQrdJ5K8wo1feyiZy88,Game Over,1,single,2023-08-04,[],emPawa Africa Limited,30
1tBi2zMsVkQYk8VBkdCNnu,Don't Look Down (feat. BANKS),4,single,2023-08-04,[],Mom+Pop,42
1FaB00fCiDbBoK7xtaQHne,El Patrocinador,1,single,2023-08-04,[],WEA Latina,52
3DVKTlns8aHzrl8oat68Cw,A Few Hearts Ago,1,single,2023-08-04,[],EMI Nashville,37
4tTE6p1ed8F6OLGeRWRgMw,cheater,2,single,2023-08-04,[],The Valory Music Co.,22
7IOGKde0zgOWxGdImhJ0TN,This Isn't Me,1,single,2023-08-04,[],Interscope Records,24
6lbqpHtIIM0pEC3zDoUYfd,Count 'Em,2,single,2023-08-04,[],Provident Label Group,35
0tdKFj9MZ2g1oPb2VoEepz,Invisible Hand,1,single,2023-08-04,[],Warner Records,37
1XwVNB9mqxR00Wbj34mnn3,Mama (with Skilla Baby & Tay B),1,single,2023-08-04,[],Geffen Records,31
4Lm3jQ2K459Vufnq6wHjn4,BUTTERFLY COUPE feat. Tyga,1,single,2023-08-04,[],"Roc Nation Records, LLC",40
2rSFhbKldPsvtXI5IuseAF,Admirin' You (feat. Preston Pablo),1,single,2023-08-01,[],WM Canada,59
6dQpeNbSypatcAG3N53Ldz,Sarah's Birthday on the Beach,5,single,2023-08-04,[],marinelli,25
5Ok9hJcXLgtUlJw7UUBQ2s,Kiss Ur Face Forever,1,single,2023-08-01,[],New Friends,40
4uJLBDkj7s3plfhXRuel49,TROPIC,17,album,2023-08-02,[],Ed Banger Records,30
42fWXOdXkh3M5872YHc9zS,Ready For It (feat. Eric Bellinger),1,single,2023-08-04,[],Art Society Music Group (AMG) / EMPIRE,31
0Eq2HvIBLUXerBacJTvEep,Hooked,1,single,2023-07-31,[],Innovative Leisure,34
0cG8Sv80ABlYVGf20D0AAf,Spotify Singles,2,single,2023-07-31,[],DSING RECORDS,29
7l3lv5SWsUy7ehwvnMmsXJ,Let It Rain,1,single,1983,[],North West Sound Recordings,28
23Mm9RJhQPOToWrGdcAmRc,Feria en el Sobre,1,single,2023-08-03,[],Gerardo Daniel Torres Montante,50
4YWmTUNhDr28SBv7wu9uce,The Soul Pt. 3,1,single,2023-08-02,[],"Top Dawg Entertainment, LLC",33
31aJvCZPe473oZlMpBmnQB,Cleanse,1,single,2023-08-04,[],Rexx Life / EMPIRE,27
1JUxXtOkoLUgwHN7dfb2ML,Don’t Lie [Feat. Malaya],1,single,2023-08-03,[],Concord Jazz,25
2lVxm2kp7BtwXPl1VQElSP,Worst In Me,1,single,2023-08-04,[],Warner Music Nashville,35
6HR8wY3bzZWNoU3sJZY2bX,Fake Names,1,single,2023-08-04,[],UMGN InDent Records,36
1XMyj6Y85Sp1J4y4FHcELm,Big Blind,1,single,2023-08-03,[],Pure Noise Records,47
0vevdASAFEvU6TwqXFdZ9m,Resolution/Revolution,2,single,2023-07-31,[],Epitaph,31
7L14vX6K0BxZdxmZOzchhk,Doppelgänger,1,single,2023-08-04,[],Columbia,32
77iWKhQsnPv2ceYGWZ4TMS,Bars Mitzvah,19,album,2023-08-04,[],Encore Recordings,54
1hZAoVLexmc57NQ0BB2W76,Tell Shyanne,1,single,2023-08-03,[],Rostrum Records,44
1ZhwOV5hoXbZayFi89D4EL,Sorry 4 The Wait... (Deluxe),11,album,2023-08-04,[],Records/Columbia,30
75liolcLZGv2M5gobKgFWk,Balance (feat. Skillibeng),1,single,2023-08-01,[],RCA Records Label,35
2LhBFY1mquGDfrsIw0oPaS,Bicha,1,single,2023-08-03,[],Saban Music Group,28
7ETOuFfahxfhuMlKPYbFPt,Keep Me In Love,1,single,2023-08-04,[],Alina Baraz,40
0TT1zlm2slQsgLfVq5UWcf,Mucho Peor - Spotify Singles,1,single,2023-08-02,[],Kirnbauer,33
67JHB0s8c5pbNELuRkl0E8,Fall In Love With Me,1,single,2023-08-04,[],Ladylike Records/RCA Nashville,35
1YvMkfsDEkfxTf7LZzsZ3E,Tennessee's Waiting,16,album,2023-08-04,[],Stoney Creek Records,29
7FxcCo8w3LEpJsZuFhsO4I,Peanut Butter & Tears,1,single,2023-08-04,[],DREAM PERFECT REGIME (DPR),49
5y8pk29U5u1ZF2Woi7jqgn,Johnny's Dead,1,single,2023-08-02,[],winona fighter,34
