track_id,track_added_at,track_name,album_id,main_artist_id,side_artists_id,track_duration,track_explicit,track_popularity,track_key,track_bpm,track_energy,track_danceability,track_happiness,track_loudness,track_acousticness,track_instrumentalness,track_liveness,track_mode,track_speechiness,track_time_signature
3YfGTvsTAWGC2lgoDOikUz,2023-08-04T06:53:22Z,One in a Million,65L5VcKGKe6sOJIPNFc0Q1,64M6ah0SkkRsnPGtGiRAbb,['1Cs0zKBU1kc0i8ypK3B9ai'],160529,False,68,11,137.945,0.931,0.454,0.462,-4.083,0.238,0.000623,0.289,1,0.0321,4
2IGMVunIBsBLtEQyoI1Mu7,2023-08-04T06:53:22Z,Paint The Town Red,54dZypaXHAIDzBe9ujAZ63,5cj0lLjcoR7YOSnhnX0Po5,[],231750,True,75,5,99.968,0.538,0.868,0.732,-8.603,0.269,3.34e-06,0.0901,1,0.174,4
4kD3OqYqX2kJCUTEscRBxO,2023-08-04T06:53:22Z,Joy,1F9LY06gadScF4g3g3BrDC,246dkjvS1zLTtiykXe5h60,[],287428,False,64,7,111.97,0.563,0.574,0.0934,-8.183,0.0235,0.0214,0.23,1,0.0338,4
7uiXg5Ec2teUAxhIEiD00N,2023-08-04T06:53:22Z,GO GO GO,0AD4xVslP0qraEZQKQ5O3S,1CoZyIx7UvdxT5c8UkMzHd,[],145893,False,59,2,160.045,0.708,0.644,0.854,-5.481,0.0475,2.75e-06,0.099,0,0.0503,4
1t8fZilEEUPk6DCHVAQQTZ,2023-08-04T06:53:22Z,Napoletano RMX (feat. SLF),7BgKnIEiobf2VaITPMojh5,3LvwPiJQJ0da0GurKMToV0,['49SLNYRfTi1p9R38NooZKS'],176829,True,38,11,94.052,0.802,0.753,0.645,-5.708,0.0879,0.0,0.103,0,0.267,4
5FdsGTvKTPReuUVWLYDgIG,2023-08-04T06:53:22Z,fatto da sooooolo,5S2RzVtE5dwhqZHK9UH767,7tmTvmqgTBcX88ZrSHByrD,['5K92J8NwWAlu6fRN2uoHVN'],178124,False,46,2,128.061,0.692,0.717,0.164,-3.741,0.268,0.0,0.117,1,0.102,4
5Y2n6pW4Vqr4Mzkd9V4Uk8,2023-08-04T06:53:22Z,Ray Of Solar,3qoGM4yHcw91XeCA6bC7Pb,1h6Cn3P4NGzXbaXidqURXs,[],241793,False,63,6,135.017,0.802,0.355,0.0391,-5.114,0.0367,1.06e-05,0.197,0,0.0478,4
5TdnT5EfvkF6K3jHDe7toT,2023-08-04T06:53:22Z,Atlantis (Robin Schulz Presents KOPPY),0RNI2RAuIHHNMDF4AuqkKz,3t5xRXzsuZmMDkQzgOX35S,['5SfqIMwBJ7wD419vvb33mO'],182068,False,51,5,144.966,0.842,0.448,0.281,-5.4,0.0193,0.0,0.135,1,0.0855,4
0p4aS6c0Yva2WYrKNQQCnK,2023-08-04T06:53:22Z,The Greatest,4ZrTFJ486SKULQTaWAGfLm,2NjfBq1NflQcKSeiDooVjY,[],316833,False,52,9,79.941,0.735,0.375,0.189,-5.141,0.122,7.23e-06,0.235,0,0.0483,4
5BPy4CFuroB7vFbZ6M9vES,2023-08-04T06:53:22Z,Blindside,1RvvpYObiXki55iPrP8EVQ,4IWBUUAFIplrNtaOHcJPRM,[],211835,False,59,2,167.891,0.897,0.485,0.415,-3.355,0.0137,0.0,0.287,1,0.0594,4
6AoAAW6AJBdZ9Ket9nUhSG,2023-08-04T06:53:22Z,Love Song,1ej1wD4Xw3T47czXKeFixm,0J7U24vlOOIeMpuaO6Q85A,[],160081,False,50,3,92.996,0.704,0.687,0.526,-5.748,0.0618,3.49e-06,0.33,0,0.0266,4
0nNARbTLwzLGz51aUEZPnp,2023-08-04T06:53:22Z,Mr Right (with Meghan Trainor),1AkVEhlI2czYOj5h0f2xDH,311uEW9rt5g2NmzjGEKS2E,['6JL8zeS1NmiOftqZTRgdTz'],167035,False,60,0,107.004,0.867,0.656,0.76,-3.712,0.0158,0.000185,0.101,0,0.0842,4
4bp4kwe29qY9PBdrEgSa53,2023-08-04T06:53:22Z,Be More,3td8YUGhx5odYjMPV7HPNF,5XKFrudbV4IiuE5WuTPRmT,[],231684,False,61,3,98.414,0.429,0.455,0.128,-7.155,0.288,0.0,0.134,1,0.025,3
48JqgW96LVIcrE4umJweWw,2023-08-04T06:53:22Z,Trauma,2wYh1adQn0CaWPlJMHFo56,1Cd373x8qzC7SNUg5IToqp,[],163253,True,59,9,105.012,0.603,0.768,0.56,-6.965,0.496,0.0,0.125,1,0.0791,4
3CGAtMSboRN65Jo4wb3eOH,2023-08-04T06:53:22Z,Liar Liar (Feat. Bastille),1Z63CEuNOQf5UIZ1LoI9fP,4LOM7NzyrZvlGSYPFDsnTk,['7EQ0qTo7fWT7DPxmxtSYEc'],174632,False,56,5,171.812,0.901,0.45,0.274,-3.761,0.028,0.0,0.644,0,0.0982,4
7roB6h5rQPhFRK307eIQk6,2023-08-04T06:53:22Z,STRINGS (feat. JVKE & Bazzi),7fjIIM9b9rJ7bu28VtLVxA,1bqxdqvUtPWZri43cKHac8,"['164Uj4eKjl6zTBKfJLFKKK', '4GvEc3ANtPPjt1ZJllr5Zl']",153461,False,59,1,143.948,0.627,0.667,0.498,-7.184,0.248,0.0,0.174,1,0.122,4
2soZTM1x1GBiQGMAsXKXpd,2023-08-04T06:53:22Z,Angel,0VsjdPYUzQti57JmByRQvz,3HsVtnnjOUToyJThxaoBfx,[],219133,False,62,5,69.505,0.446,0.511,0.216,-7.299,0.249,0.0,0.248,0,0.0293,4
3rmqiQbzPDx7A8p88IRFKg,2023-08-04T06:53:22Z,Love U Like That,4L1fTiCm419aQYUbfRJ3mA,5JZ7CnR6gTvEMKX4g70Amv,[],211733,False,62,10,95.0,0.674,0.711,0.253,-3.559,0.0947,0.0,0.0641,1,0.0317,4
4V50U0qH1s72n2J8Kxavdu,2023-08-04T06:53:22Z,Endless Nights,4T0KHJNt0mCuAyXSXfhQc3,49jTY62Cpw3RYo4dLuG43W,[],191103,False,55,0,124.968,0.777,0.642,0.348,-4.529,0.0785,0.0,0.199,1,0.0604,4
0LQtf5wLfmhOxcOcRRgWgY,2023-08-04T06:53:22Z,Beside You,2ICO1fY83UlRUCzUHjFIIf,7KMqksf0UMdyA0UCf4R3ux,[],185266,False,54,1,124.042,0.819,0.73,0.698,-5.075,0.0735,1.65e-06,0.304,1,0.0394,4
3rV4Ua58IkgiGQjsywxckx,2023-08-04T06:53:22Z,Tennis Club,6MFUD5C7RZlANVsGdOmDZI,2p8QkcgkfvIcUTpudqcqRM,[],166639,False,39,9,99.568,0.867,0.543,0.709,-5.681,0.383,0.0,0.212,0,0.0737,4
6sQFxf7r1RQv9Rc4MAYYrH,2023-08-04T06:53:22Z,FACETIME,0KgrYKEicvfHzFBIg6Nfpb,3dA6K34y5FCgngffHJTjpY,[],133438,False,26,6,83.203,0.655,0.588,0.187,-4.744,0.672,0.0,0.107,0,0.28,4
2WpLKuSbey2FxTjVOpaBxs,2023-08-04T06:53:22Z,Mare aperto,3ipt6UJz57OhTfgPFimza9,7li89GwMwzotfj0bKmNW8R,[],171133,False,29,0,159.573,0.735,0.548,0.438,-7.024,0.293,0.0,0.126,1,0.148,4
6fdbDa6L0sFK31d8FC9pt7,2023-08-04T06:53:22Z,Tinder,64xMm3GMM8oz7d25iJXEgT,2KFv9jOFkybE6VjzZ4Ishe,[],134114,False,28,0,117.025,0.677,0.822,0.82,-5.558,0.14,0.0,0.196,1,0.116,4
7pDh74UazhtidY0ZO5Wp9e,2023-08-04T06:53:22Z,DIMMI QUANDO TU VERRAI (Prod. JARO),212HFmomhRKVxsOOQYXlMV,4OrY83Csdp97sYybqjZTzI,['0LotWLxGlnhsrHsnzzFRw3'],128089,False,28,2,177.888,0.883,0.531,0.711,-3.915,0.48,0.0,0.388,1,0.218,4
0J1YRLYhTG1MBosjidD7OI,2023-08-04T06:53:22Z,Good Good,42dnGUpj3OEU4anDNW69j3,23zg3TcAtWQy7J6upgbUnj,"['57LYzLEk2LcFghVwuWbcuS', '1URnnhqYAYcrqrcwql10ft']",247100,True,63,7,140.948,0.669,0.753,0.584,-4.914,0.0378,0.0,0.122,0,0.104,4
4zzyCocu8LZVqctOGSfVKz,2023-08-04T06:53:22Z,VENTE CONMIGO,5SULZpveqjEFxoMoZjudDB,2LRoIwlKmHjgvigdNGBHNo,[],186000,False,71,4,116.034,0.788,0.868,0.711,-3.424,0.00503,6.88e-05,0.0609,0,0.121,4
5w6NzsoExb9pPhoEN9aWRc,2023-08-04T06:53:22Z,Further Away,5Cj5Y28x79njyaIIus6zNB,2nm38smINjms1LtczR0Cei,['4Ws2otunReOa6BbwxxpCt6'],194285,False,46,8,125.968,0.895,0.598,0.434,-4.844,0.0215,5.16e-05,0.178,0,0.0798,4
0AH3qQFtYXEoCJrc1vysel,2023-08-04T06:53:22Z,Lifeline (feat. Ella Henderson),6cXVZGm8DdsT8QZpfeUST1,7GZJ2POiwPZoW7UVYjNj8i,['7nDsS0l5ZAzMedVRKPP8F1'],170253,False,53,7,123.961,0.836,0.673,0.573,-4.724,0.00534,0.0,0.139,1,0.045,4
1Ksr48DhDi60pJSUcZfeUP,2023-08-04T06:53:22Z,No Sleep,2Bw2hZirRV4JkOnaMMfUeq,5rGrDvrLOV2VV8SCFVGWlj,[],216428,False,49,7,139.968,0.743,0.623,0.141,-7.762,0.0328,0.0162,0.121,1,0.0459,4
5q8Z8P353nbfsiXz4Jdho9,2023-08-04T06:53:22Z,Won't Forget This Time ft. John Martin,1WzD4wAhcuqIFBMZSDVoH9,77AiFEVeAVj2ORpC85QVJs,"['6WGE3kO8ULME2ErBcOksSR', '2auikkNYqigWStoHWK1Grq']",201360,False,53,10,124.928,0.905,0.517,0.162,-4.586,0.00869,0.0,0.0736,0,0.077,4
4cEYQceQjgsi0hZZQQWhXp,2023-08-04T06:53:22Z,NO PARE,7Cox5cc0YmFSLTMElICoW8,1GDbiv3spRmZ1XdM1jQbT7,[],155607,True,58,11,99.984,0.701,0.794,0.639,-3.082,0.207,1.51e-06,0.271,0,0.064,4
35FW5OEe4p38LdjK1KqT2X,2023-08-04T06:53:22Z,Tá OK (Remix),3n14ur3lb0lQ81joReKXVf,6xlRSRMLgZbsSNd0BMobwy,"['2UMj7NCbuqy1yUZmiSYGjJ', '1r4hJ1h58CWwUQe3MxPuau', '790FomKkXshlbRYZFtlgla']",171760,False,68,8,130.032,0.934,0.882,0.611,-1.479,0.292,0.0024,0.0549,0,0.0501,4
4PzxlHzDM3bDafkHjg1XCX,2023-08-04T06:53:22Z,Muñekita (with El Alfa & JT),1TNCpCq8peDn03K1qK5If4,1U1el3k54VvEUzo3ybLPlM,"['2oQX8QiMXOyuqbcZEFsZfm', '39af15p0feaAOdL9DTRj3m']",219642,True,64,0,111.955,0.82,0.673,0.524,-3.473,0.077,0.000615,0.297,1,0.222,4
4WBJO0asHRwWh7yyFHzABq,2023-08-04T06:53:22Z,GANAS,5WojaFxkR4saLIwiyUBAnX,768O5GliF0bqscyghggrbE,['1SupJlEpv7RS2tPNRaHViT'],169651,True,52,4,115.006,0.627,0.828,0.519,-6.607,0.526,0.00146,0.57,0,0.0518,4
3NhaJFxrH2EBWKhbpkAZnL,2023-08-04T06:53:22Z,Piedritas En Los Dientes,29cl0DP1rooFviGZS8ME4A,77ziqFxp5gaInVrF2lj4ht,[],156544,True,57,1,95.032,0.716,0.778,0.581,-4.311,0.0437,1.12e-05,0.051,0,0.0834,4
435g6uM0Atz3MyYwafHEss,2023-08-04T06:53:22Z,EL AMOR DE SU VIDA,44ugNcdxZyGhNiW2WWil0b,6XkjpgcEsYab502Vr1bBeW,['1dKdetem2xEmjgvyymzytS'],165848,False,70,9,151.701,0.834,0.616,0.746,-3.069,0.06,0.0,0.338,1,0.0664,4
1qREPhKKggRjA9pF73sf3b,2023-08-04T06:53:22Z,Bella e Stronza,4tV250xtTBLkwWqWTCC4l8,13LaDWlkqsIjVkIA9Hdciy,[],180000,False,32,2,128.076,0.806,0.754,0.375,-4.76,0.0141,0.0,0.0802,1,0.0357,4
7HlvkrEXcdxEvnrqxPfYak,2023-08-04T06:53:22Z,Come ti pare.,3YPQq2ZZUeRCNe3eAEFTs9,4Wx3ZL6d6p1gVMtwQ2YWsz,[],166000,False,24,0,118.01,0.649,0.826,0.818,-8.841,0.0326,0.0,0.143,0,0.264,4
6K4c1neXmVgj2qWOZTcGvi,2023-08-04T06:53:22Z,Bordeaux,1BwPqLtg1Ilkj2qLEgpPVB,7o1XRDbnk24xbZOvVNbn1C,[],169549,False,21,4,102.773,0.624,0.561,0.403,-5.295,0.269,9.84e-06,0.156,0,0.115,4
00rMGQGXFeY2VQTrg7SWde,2023-08-04T06:53:22Z,Slide,5ebkIuetHLio3kC1E9CxmU,6icQOAFXDZKsumw3YXyusw,[],149565,True,61,5,137.961,0.705,0.715,0.601,-7.583,0.0184,0.0,0.281,0,0.275,4
5CzbXW5uNehVSgeozqkQzx,2023-08-04T06:53:22Z,Hype Me Up,4rXP4oMmequey8Q600Gs6i,137W8MRPWKqSmrBGDBFSop,[],242960,True,54,11,152.05,0.709,0.776,0.199,-4.617,0.00258,1.25e-06,0.0842,0,0.0816,4
7fB1NvgFvoupOUVvJZmcYQ,2023-08-04T06:53:22Z,Galatine,4HaskkZcwaUEd2dctlCnyj,7H9GIU0D6O5oHYTTlKrsAs,[],168000,False,22,8,82.16,0.456,0.581,0.663,-11.432,0.552,0.0,0.121,1,0.0588,3
2i7MkbZTsfzilYAfbtbCmX,2023-08-04T06:53:22Z,Miracolo,1qG8i890pbxiQ9O8yCd9Kj,3YJB9JpmNTmIcCd8RbLWuS,[],143653,False,25,6,104.168,0.81,0.764,0.442,-4.485,0.257,8.42e-06,0.58,0,0.158,4
4t1fCrx4z8KnZhi8zdGZMl,2023-08-04T06:53:22Z,se ci guardi bene,0jHeaz4rG1j9Cbwaf5EFmf,4hVodcSKHtJWb5fIRvzax7,[],148764,False,26,0,169.728,0.694,0.513,0.494,-8.04,0.179,0.0,0.166,1,0.292,4
7AftUxnj6ngHrWiT29xwKK,2023-08-04T06:53:22Z,XXL,4K0wKLFE0LxcQAmcmVvd0X,49tQo2QULno7gxHutgccqF,[],206706,False,52,10,151.561,0.744,0.393,0.481,-4.487,0.0168,0.000455,0.278,1,0.0352,4
4lVRLtbxN9Aqo8zpgqt2ep,2023-08-04T06:53:22Z,La La La,3oso8n6CkMfjn4h5hEvrjF,5NhgsV7qPWHZqYEMKzbYvo,[],134160,False,51,2,121.973,0.852,0.698,0.578,-3.044,0.0434,2.11e-06,0.189,1,0.0421,4
1sdfHsJC1KytSyhhGpZ2kv,2023-08-04T06:53:22Z,Bad Gyalz,0KgiN6gpmIFwjxSIJE3qrb,7BMR0fwtEvzGtK4rNGdoiQ,[],159299,False,51,6,169.924,0.973,0.325,0.545,-2.879,0.0075,0.496,0.096,0,0.0449,4
5F5STJurlkKk31rguyet4N,2023-08-04T06:53:22Z,ADIOS (feat. Yunes LaGrintaa),4tGjr14oYsIMsLC9NQaeJ4,1CGjnYcvLGQhbAGVIR8aBW,['2Ny7KtAFxJ0Ac3FPBiClWW'],182857,True,37,8,104.962,0.799,0.686,0.551,-8.955,0.426,0.0,0.175,0,0.254,4
0Qc1IpcxqsHrZVetOWTWnl,2023-08-04T06:53:22Z,Mi Reina,6mNGUrdydtHjGC5nlBueSD,6KPfd2qfwePi6IM7RyQ3hd,[],163200,True,28,4,99.998,0.912,0.775,0.801,-5.112,0.274,0.00486,0.0851,0,0.0474,4
4ENtTrEgDyusQQ5m8JCWnb,2023-08-04T06:53:22Z,LACRIME,2QqzgI8IV6rzbHDGvv7Xzo,44pyDZDAHZP2Tt0kcPHK1S,[],149589,True,29,5,145.952,0.662,0.723,0.38,-8.223,0.138,0.000189,0.454,1,0.294,4
3dUPppw4Pub8oNs6n4pc5f,2023-08-04T06:53:22Z,MICHELLE,0JKv3f49UstpHJWH5vXUNM,7jg5p3qrEEKY7fqNzgoJ9K,[],145454,True,26,2,99.058,0.617,0.796,0.434,-6.114,0.389,4.39e-06,0.103,1,0.189,4
0ZVVkO991nkdDu6npYJQl1,2023-08-04T06:53:22Z,Allez les Gars,0qsSYysDRyy9wSlbBqzEXa,2ZZkOaLciQrKPqQ9lYm0Yi,[],165416,True,24,6,143.99,0.671,0.717,0.645,-7.287,0.476,0.000154,0.0919,1,0.0704,4
2JW4rkz1XshjSVV4LES2RJ,2023-08-04T06:53:22Z,Evicted,2Exf1TaOG1wElBCKNDzWdz,2QoU3awHVdcHS8LrZEKvSM,[],209760,False,51,7,118.085,0.706,0.735,0.788,-8.091,0.127,0.267,0.0873,1,0.0299,4
2D4CxBVX7N2ob0IHZKMm0e,2023-08-04T06:53:22Z,One Man Band,4sAnhPJ2iRrbxesJeIuLAW,3M0H4efyA5YcijrKlaKbYn,[],218805,False,41,7,152.043,0.814,0.504,0.486,-3.885,0.000222,0.000257,0.103,1,0.0778,4
78sIUhDEOuD5mpSr1zwDwg,2023-08-04T06:53:22Z,CHORMA,2HVE0ZmEDKkasHZhWVmImV,1gs79u8PKkWAW1yfymbkTt,['51ltJZ6rB893AdzgCxSOV3'],183428,False,36,1,139.963,0.882,0.73,0.474,-5.543,0.163,0.114,0.244,0,0.067,4
6wWouMSlkr8DgSKqEgB58j,2023-08-04T06:53:22Z,Back Home,37PTukww7KYurZI9H6agcd,5Mr3g9Iu3I1jnGYi2ATlH3,[],246138,False,22,2,129.962,0.817,0.68,0.45,-8.531,0.00611,0.726,0.151,1,0.0617,4
0yIshWSqN6TmJNywjZ7zGh,2023-08-04T06:53:22Z,afterglow,1ZJiogegMu9wEbMxI7uy7U,6bguntfj9ZnX1lFvSYl72d,[],204500,False,37,1,114.978,0.814,0.599,0.597,-8.558,0.000386,0.00075,0.343,0,0.0306,4
5rmBjPx18n0LEFx1b86HO6,2023-08-04T06:53:22Z,VENTI,11dPawzBDhJ3cTnKOC5tOU,2SWKqo9IFOTHpselJA9646,[],169411,False,20,4,170.057,0.66,0.462,0.63,-6.151,0.464,0.0,0.17,1,0.328,4
2ZewHL4hTYhAABEGBK8abI,2023-08-04T06:53:22Z,Balla con me,1my7oPBDmt2yTrn92pqfVe,55EIo5yMfuqGqppQzEBep1,[],162500,False,21,5,120.004,0.566,0.803,0.695,-8.22,0.0055,4.05e-05,0.0816,0,0.0481,4
64rrQhH7BjwdreKiDv3r4T,2023-08-04T06:53:22Z,STRADA DI CASA,23cR1nx3y1qdL2JO62xrYx,36TrrSCgFly6NAvktlI5c9,['3TSbPuX2fNmCbH5Zkz0gKT'],214911,False,21,6,88.078,0.699,0.489,0.727,-7.306,0.582,0.0,0.278,0,0.0411,4
7rZfTAWWCDYt49dY1bYZFC,2023-08-04T06:53:22Z,PUGNI ALLO STOMACO,6sEngoRFNdplYWTPH5aAZ9,5FUuvvK6pzPDOJsRl10Z8p,[],122500,False,21,7,127.066,0.443,0.6,0.251,-11.525,0.643,3.64e-06,0.131,1,0.048,4
1Ot2SMGhVoEchqp27SI5j3,2023-08-04T06:53:22Z,Non Ti Decidi Mai,6aEgZaiLnAVZtJ2nXUA21b,4Cm5uxSDfB8It9Rb7QguF4,['1mNpUnAOSVj0zfZ76OOZLy'],152222,False,21,4,162.021,0.668,0.548,0.54,-6.015,0.33,0.0,0.227,1,0.0443,3
5Vh7cwTM43jfQHq8iMFtZc,2023-08-04T06:53:22Z,CAOTICA,48Uk2Z5KiJK9CmNUQt4ODM,6hG077WYgnjPVTkzhD2a9A,[],191886,False,20,7,106.011,0.586,0.724,0.362,-5.585,0.264,3.54e-05,0.143,1,0.047,4
2GgxYlSLifYY64m0wM05un,2023-08-04T06:53:22Z,Blondie,18blAWeu1dFxh1G3TEum84,4mdUjVc6TvMQqIpMe8HaBo,[],159992,False,21,0,124.96,0.876,0.697,0.576,-3.107,0.0858,0.0,0.0786,1,0.0449,4
1K9qAxGT4cWUicf2OezSen,2023-08-03T22:01:00Z,VETRI NERI,1vU1ePx8IOwsYRo5nh63nn,7zPS3i8YJBNeDcqXUHfCMr,"['7K80yOTC0Id95gRaOxDG5u', '5SulO4l40qDuV9zUGLZx7n']",164776,True,85,6,134.084,0.767,0.754,0.529,-4.98,0.0763,4.79e-05,0.112,1,0.0594,4
2qrCResILkL1JFeRBrv3qA,2023-08-03T22:01:00Z,bellissimissima <3,2uKdFaQMLtLkOHthm855ns,7GacyaFUp0qkEJglERX9N7,[],157031,False,82,10,101.853,0.841,0.734,0.951,-4.501,0.144,0.0,0.359,0,0.186,4
1vYXt7VSjH9JIM5oRRo7vA,2023-08-03T22:01:00Z,Dance The Night (From Barbie The Album),5cH7FqB7JD5q1tJXJ7FHYu,6M2wZ9GZgrQXHCFfjv46we,[],176579,False,97,11,110.056,0.845,0.671,0.775,-4.93,0.0207,0.0,0.329,0,0.048,4
3QAU2pj4LUKf7yaTgANlQV,2023-08-03T22:01:00Z,ITALODISCO,38cYOdPjt5btA4AMYmbZjn,72A0Z8q8NiochyK9gUHpCR,[],199512,False,84,11,123.038,0.579,0.885,0.817,-5.14,0.00318,0.0,0.0708,0,0.0596,4
1nRBnmoVz7Hgs8ZQAbTqMK,2023-08-03T22:01:00Z,Rubami la Notte,0yMMpOLjvKuWs2dnXlGgYK,6RdcIWVKYYzNzjQRd3oyHS,[],189583,False,80,7,77.002,0.882,0.547,0.634,-5.189,0.067,0.0,0.613,1,0.0376,4
4bJGPVI2hTmIrmz4PUKCeQ,2023-08-03T22:01:00Z,"BON TON (feat. Lazza, Blanco, Sfera Ebbasta & Michelangelo)",0wseGI0Yw53Ys8W7QGX36a,0qts5zYDAeK8dBmrdF2Zwq,"['0jdNdfi4vAuVi7a6cPDFBM', '1MRiIeZbc0cRuxOafDUCtH', '23TFHmajVfBtlRx5MXqgoz', '1K7IC4qha4KEXySo6yZmnH']",238533,False,82,11,129.988,0.814,0.678,0.647,-5.242,0.0777,1.27e-06,0.158,1,0.0396,4
4Js31maTathTS2flQOQr2c,2023-08-03T22:01:00Z,Fragole,4Uyh7I3ywchoaZaZaQE4cZ,0lI3rF4hi4op6UxqlLHPzv,['2aya6KuqjXEhHBqYKsTPLs'],209621,False,79,7,89.024,0.66,0.686,0.69,-4.052,0.0912,0.0,0.209,1,0.0495,4
3VtGh8xE9qRsFyY2Uj1WG3,2023-08-03T22:01:00Z,Hoe (feat. Sfera Ebbasta),4ir7AIjfrMVHTxZhnfzhWl,1AgAVqo74e2q4FVvg0xpT7,['23TFHmajVfBtlRx5MXqgoz'],137098,False,84,2,114.044,0.757,0.936,0.406,-6.616,0.0974,0.0,0.156,1,0.117,4
6VOoSi7mgFrKCeymxG6wKB,2023-08-03T22:01:00Z,DISCO PARADISE,3DIE5BHMhtSsi38Nhi1z4e,3pgCLfNbw5ozIfoNsvDU7i,"['0EqkKYDK9EkKY5N7zU3FPv', '1Ij5ZIGlPTkoZibay58zHe']",198536,False,83,2,122.971,0.923,0.776,0.841,-1.749,0.0651,0.0,0.112,1,0.0682,4
0JONs2ETXIHvYVxNris8Bf,2023-08-03T22:01:00Z,TAXI SULLA LUNA,1Q2gs2NTXULiFqwCiv5JdG,6CKch2otN4SPznHf9ms5JF,"['0gzwXezN4IUHAwLufA6YcX', '76UCIJTB0jcJvBaL0CdIqx']",143500,False,81,8,120.015,0.735,0.861,0.604,-5.696,0.0687,0.0,0.0996,1,0.0835,4
3xee23Fj4m6DVu9UrWX5Up,2023-08-03T22:01:00Z,Ci pensiamo domani,4mDNlXka14q7OXt8nwzylf,1A6HBLulvBFzNtlMb7b08f,[],180184,False,81,11,122.045,0.666,0.857,0.759,-3.57,0.0425,0.0,0.248,0,0.0738,4
1UcJs6RsX9upkeaFCNPBNs,2023-08-03T22:01:00Z,Mon Amour,6q7bwUSY4WvyD6WkyDtbzH,0EqkKYDK9EkKY5N7zU3FPv,[],203225,False,82,0,124.056,0.815,0.761,0.717,-3.023,0.0078,2.08e-06,0.24,0,0.0953,4
2hHC2jw8qiE4IAPDGjU4Fu,2023-08-03T22:01:00Z,"Gelosa (feat. Shiva, Sfera Ebbasta, Guè)",0EtbYgB5v6HF3VgWVYOOOi,3GWuJyC9r6Ug0F6jeLzTpY,"['2K5nCggbhSZ00YCYP5qkZS', '23TFHmajVfBtlRx5MXqgoz', '7F2utINZ6tSokSiZTQBE27']",181611,False,82,7,150.068,0.672,0.726,0.479,-5.5,0.0378,0.0,0.105,1,0.0704,4
01Lhwz9MYE6hu58oLQjOxh,2023-08-03T22:01:00Z,Un Altro Mondo (con Tananai & Marracash),4ryxRPTcHPcbSKN8WbmHDC,5rRcnWrevHgbuWjl7Lhft7,"['35V1WomiedCJeGfupcPm7s', '5AZuEF0feCXMkUCwQiQlW7']",167647,False,76,8,135.987,0.913,0.584,0.326,-3.446,0.187,0.0,0.0872,1,0.0883,4
0gEw8izgROscS30OVqPb1e,2023-08-03T22:01:00Z,Pazza Musica,4RVfbFT2GfDqhmaMT0ro75,3xGlLcG9CUrs5MvFkSLOS5,['7GgpsUpkj3olseoaTY7TEY'],194472,False,78,8,104.993,0.613,0.799,0.442,-6.003,0.105,0.0,0.236,0,0.0826,4
5vHWd8yLGCxb8s9RaThO9w,2023-08-03T22:01:00Z,Non litighiamo più,3ARAg9P6I7BCuwRy0UJKos,0L1f9i3L3fkMNENljDOsjG,[],180444,False,80,6,134.857,0.845,0.662,0.723,-4.327,0.039,0.0,0.153,1,0.145,4
729ZgHjcCl1Q2GKVco9anw,2023-08-03T22:01:00Z,HOLLYWOOD,72FNv51OVhZ0ueIl7Hrlta,5iot8OPcosJN9nCl7I5SdK,"['056KMTw6IztdQjBmFfVyO3', '6hkKbkZGvAXuvle2FhCnxy']",184800,False,77,5,100.025,0.852,0.686,0.757,-3.674,0.126,0.0,0.142,0,0.0454,4
2tTmW7RDtMQtBk7m2rYeSw,2023-08-03T22:01:00Z,"Quevedo: Bzrp Music Sessions, Vol. 52",4PNqWiJAfjj32hVvlchV5u,716NhGYqD1jl2wI1Qkgq36,['52iwsT98xCoGgiGntTiR7K'],198937,False,92,2,128.033,0.782,0.621,0.55,-5.548,0.0125,0.033,0.23,1,0.044,4
4e1U6KRJGed8gh3uRbAv3P,2023-08-03T22:01:00Z,"MIRAGE (feat. Ozuna, GIMS & Sfera Ebbasta)",5WbgkuQehIgUQn9s5gpbZH,6cNWiizYLCClZdnIvqU968,"['1i8SpTcr7yvPOmcqrbnVXY', '0GOx72r5AAEKRGQFn3xqXK', '23TFHmajVfBtlRx5MXqgoz']",206054,True,83,7,172.101,0.601,0.701,0.421,-7.171,0.0271,0.0,0.0682,1,0.325,4
0YI32qkEhhUjoGVMGXDm8b,2023-08-03T22:01:00Z,ANELLI E COLLANE (feat. ANNA),7kPBwGRrSCDXGUuxcD6AWb,2R4kNOwHUUsuDYhKsESVbF,['7K80yOTC0Id95gRaOxDG5u'],189015,True,56,1,96.503,0.816,0.524,0.489,-6.787,0.129,0.0,0.322,1,0.126,4
71FY3ENTle5U1XdO82LxOe,2023-08-03T22:01:00Z,PARAFULMINI (con Bresh & Fabri Fibra),3jpLucgWNCwEaAuw4oMBUq,3fhMfkPPzksWuw0hEm4ldm,"['7FeObngbQ0GY3SojNwKdKn', '7u710e44HW3K7A5eTnRqHC']",208909,False,72,5,110.03,0.779,0.791,0.598,-6.028,0.188,0.0,0.147,1,0.213,4
5x9LonDyHxGUO2VzfHJHLE,2023-08-03T22:01:00Z,COME VUOI,5FAlSQMZ4j8pPa4sp0ZB4K,27LlKWxS3KXW7RRAxN5S8s,[],172615,True,80,8,130.052,0.631,0.756,0.896,-5.297,0.13,0.0,0.0649,0,0.0502,4
609E1JCInJncactoMmkDon,2023-08-03T22:01:00Z,BESO,50uChhk7AKkzDKytDixjYW,7ltDVBr6mKbRvohxheJ9h1,['1mcTU81TzQhprhouKaTkpq'],194543,False,94,5,95.05,0.644,0.768,0.53,-6.671,0.736,0.000837,0.173,0,0.136,4
55Q180Og5mkW2XeGPjB7yn,2023-08-03T22:01:00Z,Se Grita,6h5tdNdOnnFL6zbeMeeqdk,4az97MtWmBQ5Db3GfDh9j9,['3IW7ScrzXmPvZhB27hmfgy'],259627,True,85,11,94.063,0.791,0.813,0.404,-6.899,0.316,0.000165,0.124,0,0.111,4
7ro0hRteUMfnOioTFI5TG1,2023-08-03T22:01:00Z,WHERE SHE GOES,5gCcb5fsSb6w5K8SyJrgtB,4q3ewBCX7sLwd24euuV69X,[],231704,True,98,9,143.978,0.8,0.652,0.234,-4.019,0.143,0.629,0.112,0,0.0614,4
6ds6kgkB0qRSpSnxcBomCO,2023-08-03T22:01:00Z,Un Briciolo Di Allegria (con MINA),44iFvVtFduw0s4bPAk5skP,1MRiIeZbc0cRuxOafDUCtH,['3HL1CyOnDLFJo1Rr8YBlKy'],207615,False,79,2,91.925,0.707,0.617,0.392,-4.31,0.467,0.0,0.0481,1,0.0399,4
3BKD1PwArikchz2Zrlp1qi,2023-08-03T22:01:00Z,Baby Don't Hurt Me,327tc3Eruk1HP1w62iqROy,1Cs0zKBU1kc0i8ypK3B9ai,"['1zNqDE7qDGCsyzJwohVaoX', '6AMd49uBDJfhf30Ak2QR5s']",140017,False,93,7,127.944,0.91,0.602,0.228,-3.404,0.00126,0.000174,0.12,1,0.0308,4
23RoR84KodL5HWvUTneQ1w,2023-08-03T22:01:00Z,(It Goes Like) Nanana - Edit,2LVDNOUUy2g8517ZEtQIcK,2mLA48B366zkELXYx7hcDN,[],231545,False,92,7,129.998,0.876,0.671,0.964,-5.681,0.12,0.188,0.0823,0,0.0352,4
3ZG2jPvRmQDz1LAmpUzVZj,2023-08-03T22:01:00Z,LA FINE DEL MONDO,62zvNsNxirBdtlb1YQAkX1,59MLbXG0jLVwJup3KAd6m1,['7dL0nOHwnSAsNAwpkPSGWP'],162000,False,76,7,120.039,0.777,0.638,0.238,-8.74,0.294,0.0,0.0988,0,0.0517,4
12zyH8VBFJiu3SOR1FMiYv,2023-08-03T22:01:00Z,VIDA LOCA (feat. Medy),060HF45et7bfm9rkxtLPBP,24oVOFAARWAYUb1LaedbI0,['3lbFUmlaNMa9ZVSabLlkhn'],182067,True,70,1,129.964,0.968,0.654,0.25,-4.801,0.0641,0.0,0.394,1,0.134,4
741UUVE2kuITl0c6zuqqbO,2023-08-03T22:01:00Z,Barbie World (with Aqua) [From Barbie The Album],5CM66hwjlbZ06LhONWXOAs,0hCNtLu0JehylgoiP8L4Gh,"['3LZZPxNDGDFVSIPqf4JuEf', '6kBjAFKyd0he7LiA5GQ3Gz']",109750,True,94,0,144.072,0.58,0.77,0.753,-8.393,0.519,0.000127,0.233,1,0.247,4
5L3ecxQnQ9qTBmnLQiwf0C,2023-08-03T22:01:00Z,K-POP,10eNMeTimUzAKLhCOpIUlb,0Y5tJX1MQlPlqiwlOH1tJY,"['4q3ewBCX7sLwd24euuV69X', '1Xyo4u8uXC1ZmMpatF05PJ']",185220,True,93,5,121.075,0.618,0.814,0.535,-5.614,0.0386,3.34e-06,0.671,0,0.0619,4
27y9iz3gBeWyWxI6VKEuGW,2023-08-03T22:01:00Z,Alta marea,34xqVY6cGU0SpipmZ8pj3x,5dXlc7MnpaTeUIsHLVe3n4,['7BgEOZ9w3Y4IMShXTMu1nN'],171903,False,76,4,109.988,0.75,0.737,0.813,-5.692,0.054,0.0,0.123,0,0.0432,4
1hPV6zSSLIBmF47fUj6CBC,2023-08-03T22:01:00Z,Coca zero,2vwWPY6vz4HgqEb4PFPq0p,6RdcIWVKYYzNzjQRd3oyHS,[],203647,False,72,4,74.995,0.731,0.744,0.767,-5.944,0.139,0.0,0.23,1,0.221,4
6gs7AIeuNkpktUbwZcES2Y,2023-08-03T22:01:00Z,Un milione di volte (feat. Sfera Ebbasta),4oUqxRcUDEwAPqpYgOYuUG,2K5nCggbhSZ00YCYP5qkZS,['23TFHmajVfBtlRx5MXqgoz'],181714,True,79,7,140.171,0.65,0.733,0.306,-5.866,0.247,0.0,0.121,0,0.0568,4
1YSlNly5I4GAGg2Toc3snK,2023-08-03T22:01:00Z,CENERE,3jbwWq0IsEUjrQ6wBUqYzh,0jdNdfi4vAuVi7a6cPDFBM,[],208323,False,77,2,119.869,0.636,0.641,0.281,-6.537,0.291,0.0,0.221,0,0.106,4
67nepsnrcZkowTxMWigSbb,2023-08-03T22:01:00Z,MELTDOWN (feat. Drake),18NOKLkZETa4sWwLMIm0UZ,0Y5tJX1MQlPlqiwlOH1tJY,['3TVXtAsR1Inumwj472S9r4'],246133,True,93,7,111.975,0.774,0.557,0.397,-5.275,0.012,0.0,0.396,0,0.351,4
4CQNELF3U3gyNcI6sLr6yK,2023-08-03T22:01:00Z,Guasto D'Amore,1CUZTsdUtnhtirsffXGMX7,7FeObngbQ0GY3SojNwKdKn,['5YV5crRpcdknHgEzystZHr'],200080,False,78,8,103.848,0.597,0.545,0.707,-7.878,0.241,0.0,0.107,1,0.0308,4
7Da5kjy5GByLHE5OPQ4tpg,2023-08-03T22:01:00Z,IL MALE CHE MI FAI (feat. Marracash),0aGXQkS5LTFhYswwXJ8vJ6,27LlKWxS3KXW7RRAxN5S8s,['5AZuEF0feCXMkUCwQiQlW7'],167339,False,79,6,109.044,0.798,0.735,0.51,-7.157,0.141,0.0,0.0991,0,0.122,4
1la73rdzbQGNRFJyO9E71c,2023-08-03T22:01:00Z,Arai (feat. Capo Plaza),5r2DMxv3IGCkVIhksqgkFy,3lbFUmlaNMa9ZVSabLlkhn,['5SulO4l40qDuV9zUGLZx7n'],181668,True,76,4,127.988,0.735,0.816,0.675,-4.809,0.0653,0.0,0.126,0,0.101,4
6wf7Yu7cxBSPrRlWeSeK0Q,2023-08-03T22:01:00Z,"What Was I Made For? [From The Motion Picture ""Barbie""]",3AafSrFIbJPH6BJHiJm1Cd,6qqNVTkY8uBg9cP3Jd7DAH,[],222369,False,97,0,78.403,0.0911,0.444,0.142,-17.665,0.959,1.05e-06,0.098,1,0.0307,4
7kvQDzIegURcWHLC0fZfrQ,2023-08-03T22:01:00Z,Ancora,6ZEXxjoXce42TAPSQtzCs6,44DWomjW1oDuxIoBIRpmQ4,[],171775,True,75,9,138.018,0.7,0.739,0.583,-8.157,0.462,0.0,0.161,1,0.0795,4
2I3yY1YL9JPDyOznnyiJnJ,2023-08-03T22:01:00Z,ROOFTOP (feat. Guè),2eV25SPEQ57dzp4Qs9FonT,0QqmgpgI0C1DyyDk49vnxY,['7F2utINZ6tSokSiZTQBE27'],176146,True,73,10,99.856,0.579,0.637,0.305,-6.995,0.724,0.0,0.148,1,0.194,4
00oyMVy9fXV6M3X4BzLHld,2023-08-03T22:01:00Z,Abbronzatissima,2SqYx4suWqZ3FakytOVwRW,1ZDu0fOcpCIjDwyl2cvk08,[],172888,True,74,7,135.082,0.597,0.636,0.833,-9.538,0.0863,0.0,0.384,1,0.209,4
0uXDSAM6q44glALKnQQyqW,2023-08-03T22:01:00Z,Fantasmi (feat. Geolier),6hGUJpYzwN9DPqVUC2onlU,2aya6KuqjXEhHBqYKsTPLs,['27LlKWxS3KXW7RRAxN5S8s'],133266,False,74,0,97.971,0.766,0.757,0.457,-5.386,0.506,0.0,0.175,1,0.116,4
3myPe2jZvDbPoNXY7v2TU0,2023-08-03T22:01:00Z,Malamente,4ir7AIjfrMVHTxZhnfzhWl,1AgAVqo74e2q4FVvg0xpT7,[],181875,False,77,6,80.835,0.648,0.458,0.234,-8.372,0.228,0.0,0.0892,1,0.0974,3
0hReXAWKqGzHBYnw0S1CXu,2023-08-03T22:01:00Z,Altamente Mia,2DsrAMSZE08IvsVnluai0A,7FeObngbQ0GY3SojNwKdKn,['5YV5crRpcdknHgEzystZHr'],172718,True,73,3,80.055,0.652,0.608,0.391,-6.061,0.0377,0.0,0.131,1,0.0707,4
3UYr4TdhtCthMH9ujhx0BA,2023-08-03T22:01:00Z,Pelé,329aNexZnIOYq7GaNHCxSC,44DWomjW1oDuxIoBIRpmQ4,['4VmOlyJsnQB93ZIGMO2XWo'],133858,True,78,9,101.896,0.712,0.802,0.515,-7.204,0.139,0.0,0.075,0,0.423,4
4Y60H8heDsEpQ2hin2g6V5,2023-08-03T22:01:00Z,Baby Mama,3P40qeC2k4oGbF89ppRUJO,2KLafS2cc489GVGuYm5aE2,[],151160,True,73,5,90.475,0.832,0.595,0.243,-5.331,0.0345,0.0,0.149,0,0.0425,4
3k79jB4aGmMDUQzEwa46Rz,2023-08-03T22:01:00Z,vampire,5kqfR7EuGbyp8x27Pr1kY9,1McMsnEElThX1knmY4oliG,[],219724,True,98,5,137.827,0.532,0.511,0.322,-5.745,0.169,0.0,0.311,1,0.056,4
1DxEbt6OSbrkRthk6pjZue,2023-08-03T09:22:00Z,MERCHO,5beJZJo0DqVaPVlA1cHwjj,0niAkxgT6y57bRbT0Ge94z,"['48R2gYdPKtfnfKAzhSVPUx', '0uxYECT7XqHNccQAg5Uhe4']",161451,False,87,6,92.927,0.79,0.838,0.962,-1.602,0.431,3.33e-06,0.184,0,0.108,4
1xp1EsyBT4OAWWd8Gkhl60,2023-08-03T09:22:00Z,"CADILLAC (feat. MV Killa, Geolier, Tony Effe)",2QQRt0wNQI4hN0pyFAfqxK,49SLNYRfTi1p9R38NooZKS,"['0QqmgpgI0C1DyyDk49vnxY', '27LlKWxS3KXW7RRAxN5S8s', '6CKch2otN4SPznHf9ms5JF']",173906,True,70,1,128.172,0.489,0.765,0.192,-6.325,0.0522,0.0,0.113,1,0.26,4
2bRXm4AA0GbbDXlo5SuSNW,2023-08-03T09:22:00Z,Pe t'avè,5k0Gpr3JOlSNhF0VeSZ0zs,6yGn8XOk9ZS6vUFf10sP96,['1H4c9hV4loHbcfQfdQmmzh'],232440,False,59,9,126.965,0.455,0.735,0.336,-14.113,0.179,0.11,0.113,0,0.156,4
4TNFLwe6DhtR3Wn1JKMqMJ,2023-08-03T09:22:00Z,Makeba,2rb6C1wUwk7hFOVmfgt19k,2HHmvvSQ44ePDH7IKVzgK0,[],248986,False,84,2,116.051,0.663,0.825,0.417,-9.414,0.423,0.415,0.286,1,0.0687,4
3hUxzQpSfdDqwM3ZTFQY0K,2023-08-03T09:22:00Z,august,2fenSS68JI1h4Fo296JfGr,06HL4z0CvFAxyc27GXpf02,[],261922,False,91,5,89.937,0.623,0.532,0.403,-9.208,0.538,7.28e-05,0.0925,1,0.0331,4
7ABLbnD53cQK00mhcaOUVG,2023-08-03T09:22:00Z,LALA,3puAvurwvtvi1rodndIPW8,7iK8PXO48WeuP03g8YR51W,[],197920,True,99,1,91.986,0.737,0.708,0.607,-4.045,0.0739,0.00162,0.0955,1,0.0436,4
3elLXGwE5zaREuOzWdlRJ2,2023-08-03T09:22:00Z,Domani ci passa,1CxqsMftYqwpHFyV0llE5q,5RXnKYBIxi8zcFNCz03T71,[],145462,True,67,11,129.959,0.736,0.708,0.749,-4.391,0.0399,0.0,0.448,1,0.0398,4
0fABszUFNbNq9IW503Gj8v,2023-08-03T09:22:00Z,Tá OK,41iAYv4hU3BL86F0sOTvqp,6xlRSRMLgZbsSNd0BMobwy,['2UMj7NCbuqy1yUZmiSYGjJ'],92093,False,92,11,130.118,0.96,0.863,0.586,-1.458,0.497,0.00526,0.0853,1,0.0492,4
5VxmI3IdgAxWVvUnJoLuY2,2023-08-03T09:22:00Z,Speed Drive (From Barbie The Album),6MLx7SZjcmMHNUJc1Tcir0,25uiPmTg16RbhZWAqwLBy5,[],117809,False,88,0,173.925,0.879,0.652,0.789,-6.405,0.00284,0.0896,0.0918,1,0.0784,4
1Ukxccao1BlWrPhYkcXbwZ,2023-08-03T09:22:00Z,From The Start,1BOZNMzXTIkz8nUfGCxfpe,7gW0r5CkdEUMm42w9XpyZO,[],169573,False,88,1,81.89,0.405,0.664,0.743,-7.413,0.877,0.000765,0.11,1,0.08,3
55ZATsjPlTeSTNJOuW90pW,2023-08-03T09:22:00Z,Shorty Party,4eoF8b15EaosNzpn2N3Rt9,07PdYoE4jVRF6Ut40GgVSP,['4yEIQ0lJDgUEfsuYx3Gsmr'],265000,True,86,2,96.006,0.468,0.928,0.47,-8.196,0.328,4.27e-06,0.0986,1,0.364,4
0FDzzruyVECATHXKHFs9eJ,2023-08-03T09:22:00Z,A Sky Full of Stars,2G4AUqfwxcV1UdQjm2ouYr,4gzpq5DPGxSnKTe4SA8HAU,[],267866,False,88,6,124.97,0.675,0.545,0.162,-6.474,0.00617,0.00197,0.209,1,0.0279,4
5XeFesFbtLpXzIVDNQP22n,2023-08-03T09:22:00Z,I Wanna Be Yours,78bpIziExqiI9qztvNFlQu,7Ln80lUS6He07XvHI8qqHH,[],183956,False,95,0,67.528,0.417,0.464,0.479,-9.345,0.136,0.022,0.0974,0,0.0256,4
0MLu1cFYL4ikdRTdasCQT9,2023-08-03T09:22:00Z,M' Manc (con Geolier & Sfera Ebbasta),4LPEPv5dG2Cu5aceakd1cm,6hkKbkZGvAXuvle2FhCnxy,"['27LlKWxS3KXW7RRAxN5S8s', '23TFHmajVfBtlRx5MXqgoz']",180000,False,72,6,139.933,0.704,0.703,0.725,-6.117,0.048,0.0,0.41,0,0.0641,4
2pIC8fTfWwGjbo31YyNtzT,2023-08-03T09:22:00Z,RITMO DE TREINO,7kV5GsdeIupIcevrNDfFUz,1m8N1IE2yCPD2SCNpshEwe,"['0Vxqvpm9tpZcz6d4egDtjX', '7jqVVRFgBPvHWLnUwfRF6C']",102923,False,77,7,130.024,0.833,0.746,0.572,-3.9,0.127,0.149,0.272,1,0.154,4
6QTGiIuNopQu1iV2aa0fDS,2023-08-03T09:22:00Z,Pink (From Barbie The Album),7sxJ0kJ1I7cDD3OGIzOtnx,56oDRnqbIiwx4mymNEv7dS,[],143833,False,70,1,114.995,0.611,0.861,0.803,-7.891,0.0764,0.0,0.0763,1,0.0427,4
3Fcfwhm8oRrBvBZ8KGhtea,2023-08-03T09:22:00Z,Viva La Vida,0cnd1tlGnbfScH1KWwgxan,4gzpq5DPGxSnKTe4SA8HAU,[],242373,False,78,5,138.015,0.617,0.486,0.417,-7.115,0.0954,3.23e-06,0.109,0,0.0287,4
7L8cIUKXToCr6PV9hFoX3Q,2023-08-03T09:22:00Z,Cosa mi manchi a fare,11dh7pT3FRrGkI3TXl0e4k,582KhTHEVOONNQLmQ5612r,[],169306,False,66,0,117.038,0.471,0.79,0.746,-7.286,0.214,1.4e-06,0.0632,1,0.0311,4
545rFGADsAjNGw7Nb0fDUe,2023-08-03T09:22:00Z,MALESSERE,1Dwq1mXGAe79jZ1U7KHWq6,0dzIqD49huTggBCvkduz72,"['4bvY1rC6kHzkbt2ome594m', '4WEY1EtpUsTc7DkeqABuxf']",148459,True,52,0,140.02,0.802,0.701,0.748,-6.047,0.201,0.0,0.275,1,0.176,4
11CLbFT3tm8UTU2b0XNd79,2023-08-03T09:22:00Z,ALBV,7CIlHDEtln2cbqATa3uRoF,2R4kNOwHUUsuDYhKsESVbF,[],159000,True,70,6,99.734,0.627,0.71,0.265,-8.893,0.211,0.0,0.162,0,0.286,4
1BxfuPKGuaTgP7aM0Bbdwr,2023-08-03T09:22:00Z,Cruel Summer,1NAmidJlEaVgA3MpcPFYGq,06HL4z0CvFAxyc27GXpf02,[],178426,False,99,9,169.994,0.702,0.552,0.564,-5.707,0.117,2.06e-05,0.105,1,0.157,4
5BfCoUcWNXcpyJfjXRIeyC,2023-08-03T09:22:00Z,Moulaga,2k7vGyQFY5ILNhRf6Ia68J,3YwqjMyrRfuixi2pbgTGCE,['3IW7ScrzXmPvZhB27hmfgy'],179868,True,80,7,125.051,0.699,0.71,0.484,-4.664,0.327,4.64e-06,0.0975,0,0.1,4
6njJR3OIp3oA0Kc4aC9Tzf,2023-08-03T09:22:00Z,MONTAGEM - PR FUNK,2HuMAoXpr6HDryNHipbCpB,6zFMFB1JvNHkHvCSudF4id,[],61673,False,89,9,130.028,0.803,0.877,0.795,-3.195,0.734,0.056,0.087,1,0.0507,4
7LVHVU3tWfcxj5aiPFEW4Q,2023-08-03T09:22:00Z,Fix You,4E7bV0pzG0LciBSWTszra6,4gzpq5DPGxSnKTe4SA8HAU,[],295533,False,86,3,138.178,0.417,0.209,0.124,-8.74,0.164,0.00196,0.113,1,0.0338,4
3k0DJq2HdWJqnqor8NX0ac,2023-08-03T09:22:00Z,Padam Padam,7vH3G0c3n1WsgTJHBmZxdV,4RVnAU35WRWra6OZ3CbbMA,[],166266,False,84,5,128.101,0.622,0.746,0.719,-7.923,0.201,0.00113,0.104,1,0.241,4
4rXLjWdF2ZZpXCVTfWcshS,2023-08-03T09:22:00Z,fukumean,5qmZefgh78fN3jsyPPlvuw,2hlmm7s2ICUX0LVIhVFlZQ,[],125040,True,96,1,130.001,0.622,0.847,0.22,-6.747,0.119,0.0,0.285,0,0.0903,4
1xFtMgO9wxJOglbdzFpLMM,2023-08-03T09:22:00Z,Una Magica Storia D'Amore,1Umud5EOQ4sNzbOyewF67O,4eSMsVzRJHhN1aq0IvZcyn,[],254200,False,63,0,77.248,0.656,0.635,0.588,-9.521,0.197,0.0,0.314,0,0.0493,4
7MYGQdJf4kucbcZnHRtfQ1,2023-08-03T09:22:00Z,Malatìa,3tIWwSutrmjyPRqkmAugoW,0aEGIwEOdAGXZ3lyWdyRs7,['5aT3wwdkGD2KcX0oJ3nbfE'],97561,False,66,10,122.706,0.711,0.752,0.91,-8.679,0.904,1.83e-05,0.382,0,0.621,4
37CoOXIsgF3NzbK1zHZetk,2023-08-03T09:22:00Z,Mona Lisa (Spider-Man: Across the Spider-Verse),57bOm4y0cT0j9Kwl7Osasj,6USv9qhCn6zfxlBQIYJ9qs,[],186066,False,86,1,111.043,0.646,0.759,0.445,-7.603,0.231,0.0,0.161,1,0.12,4
1XpmMe95dk9jh3zuOMpeU2,2023-08-03T09:22:00Z,Capri Sun,6LmhYmD5q0vflzqQhkfeN1,5SulO4l40qDuV9zUGLZx7n,[],199680,True,74,0,93.068,0.852,0.683,0.448,-2.755,0.0454,0.0,0.246,1,0.0636,4
6ZeuLKwFxg10M4DhJPBjNm,2023-08-03T09:22:00Z,ME STAJE APPENNENN' AMÒ,6nuNEPqjdcumKXE0Nd99Wr,4X89u81dkCXBSGo8i2DhMW,[],306260,False,68,9,115.042,0.748,0.648,0.122,-8.639,0.0453,0.000103,0.44,0,0.103,4
1dV2NyQUs4fnjIt03nsObq,2023-08-03T09:22:00Z,Casper,4jgelDulWcFndTEWGLyqJw,6W8rk6H6C3Mcj0lALuLVg1,[],183748,False,69,5,170.111,0.747,0.687,0.622,-4.719,0.283,0.0,0.091,1,0.0633,4
2FDTHlrBguDzQkp7PVj16Q,2023-08-03T09:22:00Z,Sprinter,5l0QlaI3wdZpE7ggoO5Rwg,6Ip8FS7vWT1uKkJSweANQK,['5H4yInM5zmHqpKIoMNAx4r'],229133,True,97,1,141.095,0.583,0.916,0.661,-8.067,0.186,0.0,0.0798,1,0.241,4
73RbfOTJIjHzi2pcVHjeHM,2023-08-03T09:22:00Z,What It Is (Solo Version),71MqBkcflJ1Rz1SHo8XSi5,4E2rKHVDssGJm2SCDOMMJB,[],189824,True,91,1,171.925,0.758,0.74,0.757,-5.851,0.061,1.44e-06,0.0967,0,0.0921,4
5zsHmE2gO3RefVsPyw2e3T,2023-08-03T09:22:00Z,What's Up Danger (with Black Caviar),35s58BRTGAEWztPo9WqCIs,1QvK8bFc2WREH4LDlJcJbi,['1wqW0IQWC7V7jktcjVHID6'],222306,False,81,2,95.036,0.755,0.701,0.116,-5.82,0.00363,0.000795,0.121,1,0.0417,4
1odExI7RdWc4BT515LTAwj,2023-08-03T09:22:00Z,Daylight,6NcI39WPu4kY6Tul11nhSv,33NVpKoXjItPwUJTMZIOiY,[],212953,False,97,2,130.09,0.43,0.508,0.324,-9.475,0.83,0.000441,0.093,0,0.0335,4
0zKbDrEXKpnExhGQRe9dxt,2023-08-03T09:22:00Z,Lay Low,0EYKSXXTsON8ZA95BuCoXn,2o5jDhtHVPhrJdv3cEQ99Z,[],153442,False,86,1,122.06,0.855,0.534,0.42,-4.923,0.0607,0.000263,0.346,0,0.183,4
5htUUUBlgHZ9fztWTTDEFm,2023-08-03T09:22:00Z,Due Vite,5rLrnpQAVeBYEw6tH6PUKj,3xGlLcG9CUrs5MvFkSLOS5,[],225652,False,73,2,116.938,0.541,0.635,0.133,-6.157,0.4,0.0,0.0879,1,0.0314,4
1DmW5Ep6ywYwxc2HMT5BG6,2023-08-03T09:22:00Z,Tattoo,0LRTS7FyYLppkDLOZT02Xp,49aaHxvAJ0tCh0F15OnwIl,[],183374,False,91,3,150.002,0.779,0.545,0.303,-6.235,0.243,1.66e-06,0.123,0,0.0751,4
7FbrGaHYVDmfr7KoLIZnQ7,2023-08-03T09:22:00Z,Cupid - Twin Ver.,5letLUZIFsQikJYShfGNs4,4GJ6xDCF5jaUqD6avOuQT6,[],174253,False,96,11,120.018,0.592,0.783,0.726,-8.332,0.435,4.15e-06,0.347,0,0.0331,4
3X6QTmtaKukOu5lISJYi4g,2023-08-03T09:22:00Z,ORIGAMI ALL'ALBA - CLARA,282p191UnQOp3i5NREMfYL,1bzx15Bv1ioIaewP85ad5J,"['6od7hFnrVLa1zCuSyQimic', '6FPxOArEPVZUDv925qq8IQ']",153758,False,75,8,143.91,0.751,0.633,0.43,-6.479,0.577,0.0,0.141,0,0.0643,4
1ydmhnyDOWr5y0s7Vvdw5i,2023-08-03T09:22:00Z,Can't Hold Us (feat. Ray Dalton),2pFX16u42q0e5F5vRmmzYT,5BcAKTbp20cv7tC5VqPFoC,"['3JhNCzhSMTxs9WLGJJxWOY', '4myTppRgh0rojLxx8RycOp', '4e0nWw2r4BoQSKPQ2zpU13']",258431,False,65,2,146.097,0.927,0.633,0.88,-4.468,0.0267,0.0,0.0986,1,0.0839,4
14LdhxElpZS0rKVV4nxtdA,2023-08-03T09:22:00Z,Queen of Kings,6Fkp68IAnNvIRJ8rm1MxhB,35HMF6Y8dSzNfeJs3X65fw,[],147979,False,82,4,125.972,0.908,0.563,0.171,-4.25,0.0696,0.0,0.328,0,0.0868,4
5dsz7MTrNdN9aMTrnp7sOG,2023-08-03T09:22:00Z,CRUDELIA - I nervi,3ZOt77e63uMgJXU7xcFpqu,5AZuEF0feCXMkUCwQiQlW7,[],230922,True,64,7,82.178,0.554,0.547,0.0702,-7.563,0.149,0.0,0.344,1,0.102,3
2i2gDpKKWjvnRTOZRhaPh2,2023-08-03T09:22:00Z,Moonlight,1y8Yw0NDcP2qxbZufIXt7u,1U1el3k54VvEUzo3ybLPlM,[],187557,False,89,7,136.872,0.723,0.639,0.878,-6.462,0.511,0.0,0.167,0,0.0532,4
0Ymjv0OJeIIPXr6s9wi3iW,2023-08-03T09:22:00Z,MATHEMATICAL DISRESPECT,2na9riat7uwn9pax75cJue,6FAo7ORAHEzSSf5q10LLfN,[],88304,True,84,1,146.771,0.507,0.795,0.48,-8.06,0.0612,0.0,0.272,1,0.303,4
0rzaRSujxA0bKyjJl6vHYq,2023-08-03T09:22:00Z,Satellite,5r36AJ6VOJtp00oxSkBZ5h,6KImCVD70vtIoJWnq6nGn3,[],218577,False,87,0,138.984,0.457,0.576,0.301,-6.473,0.143,3.05e-05,0.0917,1,0.0304,4
3xGD5KhnizETt7KQwxtUAc,2023-08-03T09:22:00Z,Senza Di Me (feat. Venerus & Franco126),1RIFJfcfz9CgzSER8yweTm,4upwdFMlZBmQ68jP9jPzjK,"['49faW2w8eguUIAG5c85KcD', '2KkO9uXHF9BVNJASjLekAc']",201961,False,66,8,107.282,0.636,0.698,0.313,-5.844,0.167,0.0,0.125,1,0.034,3
4xapIn6OHVjfotQKcgOL8K,2023-08-03T09:22:00Z,Per dimenticare,6jH8B2boL4X8mBVm2R4eaK,3bf7Y2it29DeOjXpIibCOe,[],211360,False,52,11,165.044,0.875,0.633,0.905,-6.894,0.113,0.000435,0.104,1,0.0525,4
3uQLQ73joqyMYDhI2UaBOq,2023-08-03T09:22:00Z,Mollami Pt.2,5FnVg6RBrEFUIEpHRw8EB1,7F2utINZ6tSokSiZTQBE27,[],155133,True,68,6,99.997,0.805,0.757,0.848,-4.84,0.0802,2.93e-05,0.118,0,0.0553,4
1DQXiBc8DqPfcdLVZkouhI,2023-08-03T09:22:00Z,‘O Mar For,4gNqj9AqQFp0OGiwrVTo8W,064Wlx4YXsDEqEG0o5Hjxg,"['1bzx15Bv1ioIaewP85ad5J', '6od7hFnrVLa1zCuSyQimic', '6lEWyvLmlGZnwDdsUtu13P']",199856,False,66,11,129.418,0.524,0.316,0.488,-7.713,0.0384,0.000116,0.099,0,0.0454,4
7L7QYf7S6wg6pseN2C0d6K,2023-08-03T09:22:00Z,Gli occhi,2vdMQdtjraDA0paMwtEbVd,7BgEOZ9w3Y4IMShXTMu1nN,[],142350,False,68,4,99.783,0.544,0.661,0.768,-7.528,0.382,0.0,0.164,1,0.0782,4
5u4hhtZ7f4rWkMZEZcTKrH,2023-08-03T09:22:00Z,Relax My Eyes,2vIDF8BeMN3BcF0yOSMgmN,4p5WgeiPSPpqPDs7T6OkWf,['0jqbEIAvdjUOi5Za48pzQG'],192150,False,82,3,131.975,0.616,0.747,0.908,-9.76,0.176,0.116,0.143,0,0.0324,4
4ztdjZ2t7BVo5DLIFQBdJh,2023-08-03T09:22:00Z,Jericho,3TF9WzclcGdnebpaHgMyxh,2ih5M0aTrQ97JX1nZuxDQY,[],158133,False,83,2,153.919,0.541,0.721,0.616,-8.924,0.528,0.0,0.13,0,0.12,4
4nrPB8O7Y7wsOCJdgXkthe,2023-08-03T09:22:00Z,"Shakira: Bzrp Music Sessions, Vol. 53",1gi2iwr1l8IUyHYHxi01pg,716NhGYqD1jl2wI1Qkgq36,['0EmeFodog0BfCgMzAIvKQp'],214945,False,91,2,122.104,0.632,0.778,0.498,-5.6,0.274,0.0,0.0915,0,0.0493,4
1daDRI9ahBonbWD8YcxOIB,2023-08-03T09:22:00Z,Angels Like You,5BRhg6NSEZOj0BR6Iz56fR,5YGY8feqx7naU7z4HrwZM6,[],196453,False,93,5,121.981,0.642,0.672,0.494,-4.035,0.0981,0.0,0.1,1,0.0313,4
0NwuXciw6eQc4edjwSBnV3,2023-08-03T09:22:00Z,Non Abbiamo Età,2PjyVGPJwYRg9GbNXlicKM,3yiEJ9SByXZMXTwaKdVFN4,[],181661,False,70,6,193.259,0.689,0.372,0.191,-4.711,0.0522,0.0,0.154,1,0.243,4
4w9soAM7IrmYDhSXLp14p6,2023-08-03T09:22:00Z,Peaches,3QITNyRzvTqn0t9tLmS1Vd,0qpMYTgbXRi1ZcX6vend3T,[],95440,False,80,10,92.138,0.312,0.698,0.419,-10.9,0.797,0.0,0.1,0,0.0483,4
3CxFt7ONHGfR5ls3JQqtV8,2023-08-03T09:22:00Z,Vip In Trip,29ppT5JZzykgZd8pPhYxwY,7u710e44HW3K7A5eTnRqHC,[],236253,True,57,9,113.991,0.804,0.855,0.888,-3.358,0.0847,0.0,0.64,1,0.122,4
2UW7JaomAMuX9pZrjVpHAU,2023-08-03T09:22:00Z,La Bebe - Remix,6aBVGuOUEuX18rHxyDWbti,1NNRWkhwmcXRimFYSBpB1y,['12GqGscKJx3aE4t07u7eVZ'],234352,True,97,2,169.922,0.479,0.812,0.559,-5.678,0.213,1.21e-06,0.0756,0,0.333,4
1rrqJ9QkOBYJlsZgqqwxgB,2023-08-03T09:22:00Z,Rush,6CvEsGBD3JdbDKpmJaXn2E,3ZpEKRjHaHANcpk10u6Ntq,[],185093,False,82,1,99.97,0.503,0.792,0.381,-8.044,0.0369,0.00057,0.0959,1,0.0626,4
2FSyRgYesfoqC0xGVmHgeH,2023-08-03T09:22:00Z,Shawty (feat. ANNA),0Lk62qOfyMoDWD4iIpNZjy,4y5lvMadZv6NAv8RgcCRem,['7K80yOTC0Id95gRaOxDG5u'],184931,True,67,10,146.066,0.672,0.749,0.692,-4.993,0.145,0.0,0.133,1,0.0395,4
4XH6VpgxRoE0HVi07xUqZd,2023-08-03T09:22:00Z,Più di te,4kOeOxOX8Jr1wCgEQr7M3C,3HL1CyOnDLFJo1Rr8YBlKy,[],169014,False,51,0,113.249,0.621,0.698,0.964,-3.923,0.487,0.000112,0.0799,1,0.0352,4
3AjSfp5FDvwtMU9XBsbS8j,2023-08-03T09:22:00Z,Push Up - Main Edit,3v5BP6gPT1nNU9rjs57fF0,2gW0M5fn2r7Lo4Hn1r8HZ5,[],139300,False,86,7,75.023,0.83,0.767,0.187,-8.78,0.209,0.836,0.0582,1,0.206,4
1sMzjYyFSWexHB145BgD6O,2023-08-03T09:22:00Z,GTA,4EjqOuqjcPm50M6cMZwGYN,6KPfd2qfwePi6IM7RyQ3hd,['6BGAhqSN3qEqlZRpMogAFN'],157714,True,67,2,139.964,0.769,0.774,0.785,-6.06,0.214,0.000226,0.124,0,0.0452,4
0goer5e8B6SJaTV2B51k6f,2023-08-03T09:22:00Z,La bandite,2GLuHlc49dJKY8yzxUZb8p,3IW7ScrzXmPvZhB27hmfgy,[],160893,True,78,5,122.491,0.717,0.845,0.686,-6.771,0.666,0.0,0.11,0,0.211,4
190jyVPHYjAqEaOGmMzdyk,2023-08-03T09:22:00Z,Beauty And A Beat,70f70xLCpH7wHaVvB2oZT9,1uNFoZAHBGtllmzznpCI3s,['0hCNtLu0JehylgoiP8L4Gh'],227986,False,80,0,128.003,0.843,0.602,0.526,-4.831,0.000688,5.27e-05,0.0682,1,0.0593,4
5bZjb7xKqLqa58QiUBcVvl,2023-08-03T09:22:00Z,Marianela (Que Pasa),5As1VmPUMn4HIgYSbFD6l0,5PlfkPxwCpRRWQJBxCa0By,"['5rRcnWrevHgbuWjl7Lhft7', '1Vr7DTbtTpOp4tn4hAGOYo']",145766,False,77,1,124.043,0.893,0.828,0.602,-3.344,0.033,0.00535,0.0811,1,0.0496,4
6P68S7IrfuDyXOmhUpwvxZ,2023-08-03T09:22:00Z,YAMAMAY,4yMQk3qc1pbUOLjgRN1gIB,4w9mPW732RnZkoqsy3lRsg,[],162499,True,68,2,107.995,0.63,0.853,0.228,-8.207,0.039,5.65e-06,0.111,1,0.251,4
474uVhyGgK5MtY9gMcDgGl,2023-08-03T09:22:00Z,It's Called: Freefall,7vXiklrUeffx5o2F8VYwm3,4hz8tIajF2INpgM0qzPJz2,[],152293,True,82,2,97.944,0.516,0.744,0.281,-6.365,0.632,0.0,0.605,1,0.0513,4
1HEGcG1QUJfyyPfq5EMF9b,2023-08-03T09:22:00Z,Lingerie,7GWVPJPcu8o1LCw94e5Rew,1AgAVqo74e2q4FVvg0xpT7,['23TFHmajVfBtlRx5MXqgoz'],198026,False,66,9,128.065,0.637,0.64,0.129,-7.816,0.0119,5.71e-05,0.0973,1,0.0479,4
2L9N0zZnd37dwF0clgxMGI,2023-08-03T09:22:00Z,ceilings,68L5xVV9wydotfDXEik7eD,1GmsPCcpKgF9OhlNXjOsbS,[],182887,False,87,9,148.005,0.322,0.516,0.261,-11.762,0.473,0.00194,0.215,1,0.0292,3
6AQbmUe0Qwf5PZnt4HmTXv,2023-08-03T09:22:00Z,Boy's a Liar Pt. 2,6cVfHBcp3AdpYY0bBglkLN,78rUTD7y6Cy67W1RVzYs7t,['3LZZPxNDGDFVSIPqf4JuEf'],131013,False,93,5,132.962,0.809,0.696,0.857,-8.254,0.252,0.000128,0.248,1,0.05,4
6UN73IYd0hZxLi8wFPMQij,2023-08-03T09:22:00Z,Players,4cAAsw7mPkGt15GXQzWlrM,6AMd49uBDJfhf30Ak2QR5s,[],139560,True,86,6,105.001,0.516,0.954,0.624,-5.817,0.03,7.54e-06,0.0504,1,0.16,4
780be5fB7823aHG06mwTat,2023-08-03T09:22:00Z,Baianá,5pmFI5q0ob82elppBCel0W,3MyFDtqB80WZvbtCZRsekM,[],180842,False,79,2,121.964,0.722,0.587,0.466,-6.983,0.000754,0.668,0.543,0,0.0709,4
22quZFeltYbo325rn3ktTe,2023-08-03T09:22:00Z,What You Say?,2yRIzD4GpnSNlGw5gt0Y1o,7zpN81tVvPwlHcJSkSCyRa,[],203688,False,66,6,136.02,0.791,0.693,0.293,-7.902,0.0284,0.00111,0.117,0,0.0508,4
53jnnqFSRGMDB9ADrNriCA,2023-08-03T09:22:00Z,Bloody Mary,6LY3AerY6KNGOPsNPL63Kk,1HY2Jd0NmPuamShAr6KMms,[],244760,False,82,9,99.998,0.637,0.591,0.432,-6.365,0.0107,1.95e-06,0.113,0,0.03,4
3mMjLv3IyxlEKmXg3JxCI5,2023-08-06T09:05:15Z,Rubami la Notte,6rOuSJCksAl2B5KUvVChR3,6RdcIWVKYYzNzjQRd3oyHS,[],189583,False,73,7,77.011,0.882,0.547,0.642,-5.187,0.0671,0.0,0.613,1,0.0379,4
0mHC3BK9vFGoEU0EcGPWRZ,2023-08-06T09:05:15Z,CENERE,7qMFX6YMY6dhl4OWzve4ty,0jdNdfi4vAuVi7a6cPDFBM,[],208323,False,75,2,119.856,0.628,0.652,0.317,-6.529,0.305,0.0,0.221,0,0.107,4
3g6ejyAz7jwE6MitrKCMVY,2023-08-06T09:05:15Z,PARAFULMINI (con Bresh & Fabri Fibra),0Zovm2YyZr0yUhiQAVuJAO,3fhMfkPPzksWuw0hEm4ldm,"['7FeObngbQ0GY3SojNwKdKn', '7u710e44HW3K7A5eTnRqHC']",208909,False,74,5,110.027,0.774,0.785,0.573,-6.028,0.179,0.0,0.148,1,0.215,4
3RyVu4sbEBBRi9fKif6fHc,2023-08-06T09:05:15Z,HOLLYWOOD,6QqDUInH8FiRADP1bG8LZF,5iot8OPcosJN9nCl7I5SdK,"['056KMTw6IztdQjBmFfVyO3', '6hkKbkZGvAXuvle2FhCnxy']",184800,False,64,5,100.025,0.852,0.686,0.757,-3.674,0.126,0.0,0.142,0,0.0454,4
1kZLATTXQa5BtEKH8GbW2U,2023-08-06T09:05:15Z,Red Light,4ir7AIjfrMVHTxZhnfzhWl,1AgAVqo74e2q4FVvg0xpT7,[],167880,False,77,4,66.512,0.624,0.558,0.574,-6.567,0.0678,0.0,0.0746,1,0.0439,4
2E32Pv8w20r6ZH4oFecxOf,2023-08-06T09:05:15Z,X CASO (feat. Sfera Ebbasta),5FAlSQMZ4j8pPa4sp0ZB4K,27LlKWxS3KXW7RRAxN5S8s,['23TFHmajVfBtlRx5MXqgoz'],215421,True,76,10,100.021,0.464,0.781,0.322,-6.88,0.334,0.0,0.138,1,0.0443,4
5omIW7YOPhA6CULhkdz6jE,2023-08-06T09:05:15Z,Paradiso Artificiale (feat. Baby Gang & Kid Yugi),4ir7AIjfrMVHTxZhnfzhWl,1AgAVqo74e2q4FVvg0xpT7,"['3LvwPiJQJ0da0GurKMToV0', '0EUR8jz8L936AEbV2Spkca']",162411,False,77,10,104.522,0.693,0.743,0.567,-7.624,0.326,0.0,0.205,0,0.114,4
14ZxYiB4WZvbma2Jr15MeP,2023-08-06T09:05:15Z,ROOFTOP (feat. Guè),5y2UTfhxtOcFE1v5S585kK,0QqmgpgI0C1DyyDk49vnxY,['7F2utINZ6tSokSiZTQBE27'],176146,True,51,10,99.856,0.579,0.637,0.305,-6.995,0.724,0.0,0.148,1,0.194,4
1PmB6iBhWIS1zOMQLEFqyQ,2023-08-06T09:05:15Z,Lambada (feat. Paola & Chiara),0sAh6LuYBSiFz3PVSkWCbF,4mAsWDGLUIEdo6imU77WG6,['6sXWE3eSY59H6zy1tiRPue'],175515,False,59,7,128.006,0.691,0.815,0.445,-4.966,0.0315,0.000614,0.0393,0,0.0425,4
4midGjEpVz0mYkIdQMFX3l,2023-08-06T09:05:15Z,CHIAGNE (feat. Lazza & Takagi & Ketra),5FAlSQMZ4j8pPa4sp0ZB4K,27LlKWxS3KXW7RRAxN5S8s,"['0jdNdfi4vAuVi7a6cPDFBM', '76UCIJTB0jcJvBaL0CdIqx']",179863,False,73,6,131.947,0.737,0.716,0.584,-5.831,0.115,0.0,0.0922,0,0.0578,4
3wld38PU9xGmtSbO5elWSt,2023-08-06T09:05:15Z,"FASHION (feat. ANNA, Lazza, Tony Effe & Benny Benassi)",0wseGI0Yw53Ys8W7QGX36a,0qts5zYDAeK8dBmrdF2Zwq,"['7K80yOTC0Id95gRaOxDG5u', '0jdNdfi4vAuVi7a6cPDFBM', '6CKch2otN4SPznHf9ms5JF', '4Ws2otunReOa6BbwxxpCt6']",182407,True,74,10,138.03,0.637,0.693,0.489,-8.504,0.0786,0.00333,0.23,1,0.0419,4
1pi9osnCVKgqMuMrVfAcBM,2023-08-04T04:09:01Z,Make Up Your Mind,1Fb1bL19kIPe24nhMcpE80,0huGjMyP507tBCARyzSkrv,[],172892,True,56,0,118.022,0.571,0.978,0.96,-7.569,0.0372,0.0,0.09,1,0.091,4
3V0A5gVJFGy4Hmo3MJ59uD,2023-08-04T04:09:01Z,The One,4GVyz2cTtsOtCX5Jk1zeaU,6Ha4aES39QiVjR0L2lwuwq,[],134715,True,55,0,142.982,0.574,0.853,0.526,-6.082,0.0105,2.4e-06,0.102,1,0.197,4
1zfPNHikEYPcPLxJRdDeIk,2023-08-04T04:09:01Z,Always Gonna Be,1WI5hRCxaEOSMUtKxO5fKa,7z5WFjZAIYejWy0NI5lv4T,[],172213,False,55,10,155.875,0.671,0.443,0.62,-5.45,0.0185,0.0,0.123,1,0.0293,4
5yLoEqjfAEjTfy2clm49rz,2023-08-04T04:09:01Z,Left 4 Dead,6ZnveWEVVScM3a2labkJLv,6Xgp2XMz1fhVYe7i6yNAax,[],118640,True,57,0,161.772,0.523,0.661,0.471,-6.172,0.618,0.0,0.259,1,0.136,4
7ggFrwti59f2wm5aYMxo6O,2023-08-04T04:09:01Z,Love Goes On,7nWjFzbfY7W4FxTAzKfhMu,0fiWOxhsBsQQvFDtxUQWo0,[],200066,False,45,6,100.035,0.458,0.549,0.475,-8.996,0.0664,0.0,0.115,1,0.0311,4
1ubTdHUiLRXe9XaHjo6aAX,2023-08-04T04:09:01Z,MUSTARD (WITH 6LACK),4alOM8XlyGXSsr3IIlshl8,3DGlTwdM5Dim9XQipb3jMf,['4IVAbR2w4JJNJDDRFP3E83'],201464,False,56,5,118.896,0.439,0.694,0.298,-7.56,0.323,1.25e-06,0.551,0,0.0628,4
3horUXBBgEyTEAxfeT9c0P,2023-08-04T04:09:01Z,TGIF,0aNeBf2SZFAUOYuyCBPU0c,0LOK81e9H5lr61HlGGHqwA,[],171240,False,60,7,128.022,0.813,0.872,0.665,-5.215,0.0292,0.000169,0.211,1,0.102,4
0p4gPitg46gAPG3IdJvW5d,2023-08-04T04:09:01Z,Pleasure Peak,3myfX09GyHOpYaDN0AlHFY,4XC335ouK6pXyq4QiIb8bP,['7B1LLuCQk13H4Mb6CFBftU'],200826,False,49,9,130.96,0.903,0.766,0.588,-4.956,0.0648,0.381,0.102,0,0.075,4
24ip7sFlOP3Ftl5EdxV6Zd,2023-08-04T04:09:01Z,Now I Know You,71KLx5jfz3tTE83sKmeXYp,5JKePhHHAtaMvBoWuULgm6,[],212985,False,44,1,85.035,0.684,0.497,0.393,-7.381,0.0391,0.0108,0.106,1,0.0238,4
1Z3hqW2OprFrwO05euqt8z,2023-08-04T04:09:01Z,Valapriso,6Ro2L2h4BlChNYSiy00mys,74slMAMk8L6oMf6OhNyZ8Q,[],187500,False,46,6,112.063,0.526,0.616,0.415,-8.064,0.208,0.0,0.301,1,0.037,4
5tbPAlC6DtO9LvqbN3GJ8D,2023-08-04T04:09:01Z,All Again,7dHj0WLfCcsqzo82GSnPCz,2ErsJAz6qJ5cqjoVAvfvaC,[],228346,True,51,8,92.089,0.454,0.511,0.548,-9.24,0.217,0.000704,0.129,1,0.0257,4
7msMFkuYQdBaJhiav2UrM1,2023-08-04T04:09:01Z,"Echoes (feat. Tony Duardo, Manana & Lusanda)",6GPfETz7e4MYd3kU4CtLIK,68McnNC9twEtiynOAJRRgZ,"['6qF0eiWwQF073J1MuVFs5z', '6omm7OGZMQZ2XODf4JVKnQ', '7CSAqTFm0mlnIQOCtzi6NV']",245041,False,48,1,110.025,0.426,0.715,0.588,-11.326,0.347,0.000761,0.178,1,0.107,4
2DBkMf9PHeJAc44vuYjfPL,2023-08-04T04:09:01Z,Be Okay,2WP9xHy2XZjI78eXGmQ5XE,40LHVA5BTQp9RxHOQ9JPYj,[],208965,False,49,8,133.124,0.267,0.457,0.408,-9.108,0.881,5.43e-05,0.0865,1,0.0305,4
7Mjp2UDsPGeWqCLFnKPP2v,2023-08-04T04:09:01Z,Have A Good Time,7AjXiy71zgyqiAw8iqtf9S,7FY5V3XMwlNBPitEjXowHQ,[],211093,False,49,8,77.018,0.727,0.616,0.565,-3.646,0.0699,1.1e-05,0.0675,1,0.0358,4
4tyDTLhNhe5y0g53vrpv8e,2023-08-04T04:09:01Z,Desire,1KT4zt8tTkUTQlUWJKLjQW,7FtCyCJCJaxabYO7Uyda5B,[],192857,False,49,6,111.972,0.779,0.73,0.929,-5.058,0.0127,0.0142,0.0647,0,0.0333,4
3syxwxJqX5jpgjNYmvzdW6,2023-08-04T04:09:01Z,CAKE,6P01cKb7sdwfnNpuMLNEik,2KC9Qb60EaY0kW4eH68vr3,[],198887,False,74,7,103.07,0.758,0.801,0.576,-4.31,0.0663,4.1e-06,0.0431,1,0.0445,4
4P6ivDGUbbfXWpFJVyzV6s,2023-08-04T04:09:01Z,ICE COLD ZEL FREESTYLE [Feat. ICECOLDBISHOP],6XJQyWSjUaPb0M30hX2QU8,6fxyWrfmjcbj5d12gXeiNV,['04zbRSHjzlQYvV31SW7qZ4'],99720,True,52,1,143.081,0.811,0.699,0.0613,-6.303,0.0486,0.0,0.131,1,0.158,4
1iSNk5qM7aScyTL3508KQ6,2023-08-04T04:09:01Z,Nightmare on Peachtree Street (feat. Freddie Dredd),6bgMTwZUkaJeNvlvlM8u9R,2YOYua8FpudSEiB9s88IgQ,"['41X1TR6hrK8Q2ZCpp2EqCz', '0dlDsD7y6ccmDm8tuWCU6F', '46VgqDxDEn45y1t0zBS7Do']",192989,True,56,10,125.033,0.679,0.814,0.357,-6.237,0.0176,0.0,0.757,0,0.128,4
2nLKcpdoIX6oFo5npWHVF4,2023-08-04T04:09:01Z,City Of Dreams (feat. Chris Brown),1paIukF9TxaYwBpYbyFdOt,1MXZ0hsGic96dWRDKwAwdr,['7bXgB6jMjp9ATFy66eO08Z'],160007,True,49,5,131.032,0.659,0.844,0.663,-5.741,0.17,0.0,0.101,1,0.0611,4
0BvZVtYs6d7FwMK9JlfXd0,2023-08-04T04:09:01Z,Float Away,3ia102yZXVYkbU25GbGxSe,5szdY7KaSi7epwyffrbV8c,['6ft7JnxMyZhp7N52qzHymY'],186000,False,49,9,177.76,0.683,0.449,0.684,-6.155,0.614,4.63e-05,0.166,0,0.0473,4
1oRTzF2rBqLGm1goxeflIm,2023-08-04T04:09:01Z,dose no. 2,40ptDph9mAXMnkZJKRe3UM,4o0pNHbyj36LPvukNqEug0,[],174290,False,55,0,136.018,0.761,0.584,0.765,-5.4,0.0105,8.8e-06,0.625,1,0.0319,4
2Sym6hOXUGlWUSR43cJkj3,2023-08-04T04:09:01Z,Confirmation,5U4deWruWEu8HcWXc1E7eY,3KNIG74xSTc3dj0TRy7pGX,[],192000,True,51,5,139.95,0.459,0.75,0.407,-9.792,0.117,0.0,0.106,0,0.217,4
6Vuas3LiStIwzv3iG2WZV3,2023-08-04T04:09:01Z,OUTTA CONTROL,3SOrMCFaErYHw8BDd1XxYi,4jwROPSUkTkohLCRiyjiZZ,[],207000,True,48,8,159.997,0.598,0.836,0.908,-5.829,0.242,2.89e-06,0.101,1,0.448,4
1lpSuS2256fbNn3yKcrdqB,2023-08-04T04:09:01Z,Girl Supreme,4K7d10ZpPwzWTEnsVxJJ7v,2tBWWgGv7H5ymPtJrT1rNu,[],168798,False,41,0,172.018,0.742,0.549,0.625,-6.605,0.00772,0.02,0.059,1,0.0573,4
2iv9L7pBxfuGIRbJx7ip1D,2023-08-04T04:09:01Z,Make Me Cry (feat. Deadbeat Girl),2DiEV6hfnGqeCud4kf5gyK,25jJ6vyXwTRa0e6XCcdR6U,['6V267iCF72e4eP1L3ZkKQt'],210707,False,46,5,212.233,0.755,0.266,0.45,-7.162,0.00102,0.0465,0.29,0,0.277,4
5UrwXORPNlSUuR0SemqM3O,2023-08-04T04:09:01Z,Not Joking,5ti35p8028PSksErKRW415,5ictveRyhWRs8Gt8Dvt1hS,[],198226,False,48,7,128.189,0.917,0.424,0.308,-3.695,0.0795,0.00333,0.247,1,0.0836,4
7Fdhp8np9nZhsghO2VIPvJ,2023-08-04T04:09:01Z,How We Roll,6QK3O5sAs6NJ8n3h8UssuZ,2NdeV5rLm47xAvogXrYhJX,['7bXgB6jMjp9ATFy66eO08Z'],199512,True,63,8,96.015,0.631,0.777,0.337,-5.649,0.183,4.4e-06,0.119,0,0.0612,4
493bo0JRXNe100o1oxswNz,2023-08-04T04:09:01Z,ONLY FANS,6TyazNC4sGL6mlQ1vkfih5,42yf4QkiE9a252krn9OUCb,[],137107,True,39,1,140.069,0.532,0.772,0.228,-6.109,0.00176,0.0,0.106,1,0.155,4
049m5wlslFiYLQuqxrG6QB,2023-08-04T04:09:01Z,Realest (with Eminem),2qJd6dBsXw6hZrZp8L8n2P,1IQ4CjwKkdARjL5KtYiMt4,['7dGJo4pcD2V6oG8kP0tJRR'],217470,True,67,1,144.983,0.715,0.782,0.174,-5.038,0.0145,0.0,0.106,1,0.133,4
3oXsp44OaIdNIsFCqiGkDw,2023-08-04T04:09:01Z,Mandem,0DyM4ObPQl24gdZ1Xhq6Ga,3S0tlB4fE7ChxI2pWz8Xip,['59wfkuBoNyhDMQGCljbUbA'],241567,True,54,10,159.995,0.711,0.771,0.564,-7.865,0.0596,3.96e-05,0.629,0,0.337,4
2TSU0Ti5e5beL9mYlHbYQu,2023-08-04T04:09:01Z,Need Your Love,12PQ5IbSS0mm4XMgQubpX9,6roDXEmZ6AARdOUv6x5U2v,['1QOHbhVRpDoNtRkz79si6b'],176041,False,45,5,125.975,0.882,0.613,0.255,-4.963,0.0223,0.0,0.303,0,0.0449,4
58xvp9g5PJ1seHW8pKTHN3,2023-08-04T04:09:01Z,Blue Days,60w04vsIPYkG0lG9sqBjMf,384r9G0NILqkGrQL8IPMkC,[],292346,False,37,1,77.285,0.331,0.305,0.101,-12.648,0.201,0.129,0.0957,1,0.0368,4
5k6L1lOs0AANCee7nYW2au,2023-08-04T04:09:01Z,A Little Love,6E1vE4WcIXDDNOPW4jPYff,0F9yMp30FUREoa635VLsY8,['69tiO1fG8VWduDl3ji2qhI'],201893,False,50,2,127.839,0.447,0.559,0.341,-6.678,0.789,4.55e-06,0.193,1,0.0335,4
0RxJW4CqKIM1v0DN3z32zG,2023-08-04T04:09:01Z,Take Me Back,21RRWWtERAfAwBFv9rzktq,0OEYE03fBF2VoTBxGuaUxL,[],200727,True,48,7,82.35,0.634,0.588,0.395,-4.609,0.261,0.0,0.54,1,0.046,4
1GuW9IWVsGZOIhpwvMt7Ht,2023-08-04T04:09:01Z,I'm Alright,7J89BNNwTMOeNj6PzNXOHI,6WKdhhc03LqnixYI2ZzWzO,[],275739,True,41,2,115.035,0.903,0.417,0.266,-5.484,3.49e-06,0.199,0.236,1,0.0625,4
2kzfmR5NzxcJdp2yMAhZE2,2023-08-04T04:09:01Z,how's it feel to be a boy,4sHzSRwp8ALK3b6itOJvrA,5kVRPeQHKUoQ7ooGlewyXP,[],141373,False,32,7,104.04,0.456,0.729,0.286,-9.876,0.147,5.26e-05,0.367,1,0.109,4
2cxtkjiJYEiGD4hcZsjBWr,2023-08-04T04:09:01Z,Sweet Tea,7KgXqySqEbM0qbJuyhfrXp,1A9o3Ljt67pFZ89YtPPL5X,[],247957,False,55,11,103.101,0.245,0.296,0.196,-9.133,0.901,1.02e-05,0.258,1,0.0336,4
7ERJJ8c4gxANECZgSBAdBm,2023-08-04T04:09:01Z,Game Over,5O0jQrdJ5K8wo1feyiZy88,1HcAkAeL4xf02wzAnl7mIV,['1XavfPKBpNjkOfxHINlMHF'],142040,False,41,9,126.398,0.616,0.525,0.693,-5.134,0.0912,1.27e-06,0.137,1,0.0935,5
0NUsMgXjITsbxk5WC4aleu,2023-08-04T04:09:01Z,Don't Look Down (feat. BANKS),1tBi2zMsVkQYk8VBkdCNnu,24V5UY0nChKpnb1TBPJhCw,['2xe8IXgCTpwHE3eA9hTs4n'],205423,False,52,1,117.969,0.748,0.66,0.536,-7.351,0.0279,0.0035,0.0968,0,0.0516,4
7IPvreDoOx2OkR3Qu1G9aS,2023-08-04T04:09:01Z,El Patrocinador,1FaB00fCiDbBoK7xtaQHne,7Gi6gjaWy3DxyilpF1a8Is,['1dKdetem2xEmjgvyymzytS'],206960,True,63,7,127.555,0.466,0.617,0.6,-5.23,0.146,0.0,0.051,0,0.0315,4
6mu9Jh4M8tAZyk3Z1qqgji,2023-08-04T04:09:01Z,A Few Hearts Ago,3DVKTlns8aHzrl8oat68Cw,3g2yaL04Uapb5fxmwsUZgV,[],188133,False,48,3,166.005,0.859,0.557,0.624,-2.772,0.107,0.0,0.115,1,0.0767,4
6xpPSguO2bzapQNO2j23c3,2023-08-04T04:09:01Z,cheater,4tTE6p1ed8F6OLGeRWRgMw,4319F2mBye7whEKPHX8pSm,[],140540,True,32,4,120.005,0.439,0.728,0.381,-8.458,0.303,1.48e-05,0.0637,1,0.0431,4
2foKNLF3iIbX8cs0NyGMB2,2023-08-04T04:09:01Z,This Isn't Me,7IOGKde0zgOWxGdImhJ0TN,1Yq3rS7K1SQKqjMOHXpqqt,[],217040,True,34,2,96.94,0.718,0.491,0.257,-6.507,0.313,0.000152,0.115,1,0.0463,4
5tgXL0bJKzjwC2hZSYJzgl,2023-08-04T04:09:01Z,Count 'Em,6lbqpHtIIM0pEC3zDoUYfd,1bdnGJxkbIIys5Jhk1T74v,[],227266,False,45,1,139.987,0.805,0.496,0.166,-4.765,0.0121,0.0,0.346,1,0.048,4
5BblwbftnIDV0Je620kSKs,2023-08-04T04:09:01Z,Invisible Hand,0tdKFj9MZ2g1oPb2VoEepz,3gPZCcrc8KG2RuVl3rtbQ2,[],234134,False,47,4,95.005,0.777,0.638,0.331,-5.807,0.0146,0.221,0.0473,0,0.063,4
1saV6V91Azb0559mxmX4nF,2023-08-04T04:09:01Z,Mama (with Skilla Baby & Tay B),1XwVNB9mqxR00Wbj34mnn3,1jBoSSrbz9n4ehQWA4cZgB,"['1GVenmuuAtusi17LY6FvgI', '1bPS827zEKbtWhNcWUMTpO']",174250,True,42,1,159.897,0.626,0.67,0.168,-4.357,0.0244,0.0,0.0859,1,0.156,4
3HCDcijVzbd59yvVn0nLPY,2023-08-04T04:09:01Z,BUTTERFLY COUPE feat. Tyga,4Lm3jQ2K459Vufnq6wHjn4,47TMF0JlFsz01KilGzc5Ly,['5LHRHt1k9lMyONurDHEdrp'],164848,True,51,1,99.058,0.523,0.936,0.172,-4.731,0.237,0.0,0.0978,1,0.214,4
6NJ8Z5GDoHe47R6gGX6sLq,2023-08-04T04:09:01Z,Admirin' You (feat. Preston Pablo),2rSFhbKldPsvtXI5IuseAF,6DARBhWbfcS9E4yJzcliqQ,"['3nqS8jzqmsPKFJTp0BOIel', '5TvdGhdmRObqOkU6eGfXb5']",214750,False,70,1,96.018,0.664,0.756,0.675,-6.227,0.0935,0.0,0.104,1,0.0851,4
6t1Irvbvz3xb71iaqsac10,2023-08-04T04:09:01Z,Irish Goodbye,6dQpeNbSypatcAG3N53Ldz,0iqCNJHozJhcjPDoX1EJ6a,[],176522,False,33,4,153.863,0.502,0.536,0.668,-8.712,0.41,2.11e-05,0.0959,1,0.031,4
7lf5XQQCIQkzO15CqYDjo7,2023-08-04T04:09:01Z,Kiss Ur Face Forever,5Ok9hJcXLgtUlJw7UUBQ2s,3ajf12ub55b51qcS94d9Co,[],166556,False,50,11,84.67,0.811,0.311,0.618,-6.929,0.000669,0.0393,0.146,1,0.135,4
5VFT3GDJFDTZzgRnZPWxt7,2023-08-04T04:09:01Z,TWIN,4uJLBDkj7s3plfhXRuel49,5tOWIviwLM1EIqGAbF8VSU,[],136946,False,35,0,142.042,0.457,0.428,0.0405,-10.482,0.536,0.94,0.102,1,0.0372,4
3TZaeEmGv6HsdARIAwvdIs,2023-08-04T04:09:01Z,Ready For It (feat. Eric Bellinger),42fWXOdXkh3M5872YHc9zS,5ae3MM8dgOn3QPHzqFDJlY,['7ibAWtDtmEfaVhc1FJ3Vl9'],147394,False,42,7,96.208,0.679,0.522,0.682,-4.82,0.565,5.92e-05,0.112,0,0.261,4
2XldTQx4fPea7WkTk0Hf6n,2023-08-04T04:09:01Z,Hooked,0Eq2HvIBLUXerBacJTvEep,6kf69CwzgodrETRgzcjX95,['5ITI6SEoUZMIXXkzCfr4oE'],184914,False,45,0,89.989,0.559,0.718,0.33,-8.901,0.189,0.0142,0.153,1,0.0784,4
7sz7Ux2pAuM5V5RdjbaH6V,2023-08-04T04:09:01Z,Kiss from a Rose,0cG8Sv80ABlYVGf20D0AAf,2d6ggH1oVt4z2zCuY2u5DW,[],304875,False,36,0,134.879,0.428,0.371,0.172,-9.513,0.752,0.0,0.136,1,0.0387,3
2SHd3iSPeYj9epQUrYVmtX,2023-08-04T04:09:01Z,Let It Rain,7l3lv5SWsUy7ehwvnMmsXJ,4jE1yavE4c5IR1hhM4wHhY,[],159878,False,39,8,156.037,0.556,0.579,0.597,-6.596,0.225,0.0,0.197,0,0.0599,4
5npAbr2v6wRL75IHWp2Noi,2023-08-04T04:09:01Z,Feria en el Sobre,23Mm9RJhQPOToWrGdcAmRc,2hejA1Dkf8v8R0koF44FvW,"['12GqGscKJx3aE4t07u7eVZ', '1Q6SZxTvaE3HhslV0iXbI6']",194100,False,61,2,94.988,0.631,0.823,0.278,-6.003,0.0761,0.0,0.105,1,0.125,4
0US2yd2oJjwhUol9RJFdSP,2023-08-04T04:09:01Z,The Soul Pt. 3,4YWmTUNhDr28SBv7wu9uce,6XpXnnKHIhCOUbOLOJGe6o,['4s8ZGMVf3OiPktSP4ulpqU'],162635,True,44,1,178.891,0.776,0.445,0.794,-8.457,0.341,0.0,0.249,1,0.483,4
0pL5FkotNaqETehRvpKYeW,2023-08-04T04:09:01Z,Cleanse,31aJvCZPe473oZlMpBmnQB,5rDXcEIODl8TgGTgrntnjX,[],212977,True,38,11,87.657,0.593,0.562,0.216,-6.842,0.516,0.0,0.109,1,0.269,4
6xVgDPrFSlBinlx7lRzI1S,2023-08-04T04:09:01Z,Don’t Lie [Feat. Malaya],1JUxXtOkoLUgwHN7dfb2ML,4JG781pl96pL2h0AoERgOA,['0qeCnlpThKmwCQezKhnVQb'],261716,False,36,5,146.046,0.811,0.523,0.489,-5.815,0.029,0.00504,0.235,0,0.0964,4
2jMetr6nF6WLRPzRmGh1Pc,2023-08-04T04:09:01Z,Worst In Me,2lVxm2kp7BtwXPl1VQElSP,5rjz63sgMaAUAyBMyCUK5D,[],149973,False,45,2,155.698,0.457,0.428,0.226,-6.357,0.0784,0.0,0.274,1,0.0262,4
2ClUu1kEWAGb6KZroRkkUq,2023-08-04T04:09:01Z,Fake Names,6HR8wY3bzZWNoU3sJZY2bX,6BpvASijzSWj7gnZD4Dvf1,[],159613,False,47,1,119.911,0.897,0.609,0.479,-2.881,0.01,0.0,0.18,0,0.0659,4
5IiyHmNFsTx6PLI2diNH98,2023-08-04T04:09:01Z,Big Blind,1XMyj6Y85Sp1J4y4FHcELm,6meTcQ79DrfkIuSLPZkpBg,[],144986,False,58,8,169.923,0.975,0.333,0.381,-3.712,3.11e-05,0.00567,0.386,1,0.146,4
4Eu55UEC15GIYXr2CvISI5,2023-08-04T04:09:01Z,Resolution/Revolution,0vevdASAFEvU6TwqXFdZ9m,13dTrWNNrnZ3AkgNyQNKP5,[],202992,False,41,4,162.014,0.947,0.366,0.392,-2.113,7.49e-05,0.00433,0.166,0,0.0758,4
2iNNtNfAGVjO3woehIxvFa,2023-08-04T04:09:01Z,Doppelgänger,7L14vX6K0BxZdxmZOzchhk,0LyP0Zn0mXLb65AgGOS6EY,[],193720,False,42,4,135.058,0.769,0.61,0.529,-4.284,0.115,0.00658,0.281,0,0.065,4
0XdRxcFMrTCJGlJ9VZFoxh,2023-08-04T04:09:01Z,The Nac 3,77iWKhQsnPv2ceYGWZ4TMS,6w60ExNMjs0gd4ioh7GMRI,[],146041,True,50,1,171.974,0.696,0.735,0.479,-7.597,0.0449,0.0,0.0871,1,0.261,4
5kCWAi0N7NIWcEfW8kKpwi,2023-08-04T04:09:01Z,Tell Shyanne,1hZAoVLexmc57NQ0BB2W76,3YYbAExunnHv5pW7GUZefk,[],143000,True,55,1,136.001,0.568,0.729,0.749,-7.082,0.465,0.0,0.114,0,0.233,4
1nLUcjQbw4rOc6DMNGzQDu,2023-08-04T04:09:01Z,Gang Gang (feat. Luh Tyler),1ZhwOV5hoXbZayFi89D4EL,7hf5PZjVOqTQ2id3PF7I5Y,['1K15GRZZATsCJyGJ4bYiEz'],146823,True,37,1,85.055,0.529,0.594,0.144,-8.804,0.121,0.0,0.125,1,0.202,4
6DWsAyAZdQe478O3vQyvmK,2023-08-04T04:09:01Z,Balance (feat. Skillibeng),75liolcLZGv2M5gobKgFWk,7aFTOGFDEqDtJUCziLVsVC,['5FkUhnHQ0KC63549LHHtst'],203816,True,45,4,125.013,0.797,0.87,0.643,-5.506,0.1,0.00112,0.0894,0,0.133,4
3Xv4C3ZIpd1D0S9lUh4S1b,2023-08-04T04:09:01Z,Bicha,2LhBFY1mquGDfrsIw0oPaS,7DgpPXntG6DkNR4hCi4PjP,['0KKUc4amZyvswV2YL6WTar'],149696,True,39,2,98.033,0.77,0.833,0.392,-3.146,0.0913,2.12e-05,0.17,1,0.0467,4
7j8mf8Qrvmhjl8Yr13iFr7,2023-08-04T04:09:01Z,Keep Me In Love,7ETOuFfahxfhuMlKPYbFPt,6hfwwpXqZPRC9CsKI7qtv1,[],156034,False,51,3,96.007,0.551,0.571,0.38,-8.606,0.04,0.00523,0.187,0,0.0333,4
3hV8mynJ4tgoClJdqR9ARM,2023-08-04T04:09:01Z,Mucho Peor - Spotify Singles,0TT1zlm2slQsgLfVq5UWcf,76KihzDzdR7li8RPVY50EA,"['7lSGnBub2g8JGbNDgmrXsJ', '4YJQjp0wW8B5luWzPOcHrG', '3kN2uYBnEM2IqRxa69sxkr']",211791,False,43,1,139.9,0.566,0.629,0.26,-8.753,0.522,0.000414,0.178,0,0.0742,4
56CmYOZ5YNtmuVUtY5W5jF,2023-08-04T04:09:01Z,Fall In Love With Me,67JHB0s8c5pbNELuRkl0E8,4eYE8Z6cfEHEdG22lTyucP,[],195546,False,46,4,74.958,0.659,0.682,0.745,-7.819,0.232,4.08e-06,0.112,1,0.0495,4
33PgZWGbFC7cuDnxUwEsPN,2023-08-04T04:09:01Z,Let It Flow (feat. Hailey Whitters),1YvMkfsDEkfxTf7LZzsZ3E,1IdbSuYtF7RSaFarmctwoE,['4e9TBaTlI3LVQz3tkTYC0I'],170751,False,38,7,75.95,0.495,0.431,0.431,-7.022,0.373,0.0,0.112,1,0.0365,4
05QrjMU5kHV7dpyNmSxqdv,2023-08-04T04:09:01Z,Peanut Butter & Tears,7FxcCo8w3LEpJsZuFhsO4I,2o8gT0fQmFxGNbowbdgeZe,[],225613,False,60,10,99.987,0.737,0.531,0.898,-5.574,0.00327,0.0,0.36,0,0.0261,4
6qh5yE6FEk0n6hsCufMIX6,2023-08-04T04:09:01Z,Johnny's Dead,5y8pk29U5u1ZF2Woi7jqgn,1u5SWpU4mZSziEz2hdPSWQ,[],157363,True,44,4,110.058,0.862,0.471,0.583,-4.206,6.05e-05,0.0,0.215,1,0.0423,4
