,id,name,album,uscita,artista,collaboratori,generi,popularity,key,bpm,energy,danceability,happiness,loudness,acousticness,instrumentalness,liveness,mode,speechiness,time_signature,valence,canzoneArtistaPreferito,canzoneSimileArtistaPreferito,canzoneSimileGenerePreferito,GenerePreferito,artistaPreferito,artistaPreferitoCoinvolto,preferito,cluster_labels
2,3lyHyxVE8JHvNz75wBmExR,Master_Of_Puppets_-_Remastered,Master_Of_Puppets_(Deluxe_Box_Set_/_Remastered),1986-03-03,Metallica,[],"['hard rock', 'metal', 'old school thrash', 'rock', 'thrash metal']",52,4,105,0.84,0.54,0.56,-9.11,0.0,0.431,0.15,0,0.035,4,0.56,0.0,0.0,0.0,1.0,0.0,0.0,1,29
4,2G6N99ANS6NGn9BusRUmCx,Spot_Holes_2,Spider-Man:_Across_the_Spider-Verse_(Original_Score),2023-06-02,Daniel_Pemberton,[],"['british soundtrack', 'orchestral soundtrack', 'soundtrack']",69,0,120,0.44,0.22,0.06,-12.89,0.56,0.961,0.09,1,0.042,3,0.0557,0.0,0.0,0.0,0.0,0.0,0.0,1,28
7,1xK59OXxi2TAAAbmZK0kBL,Romantic_Homicide,Romantic_Homicide,2022-07-20,d4vd,[],"['bedroom pop', 'bedroom r&b']",92,6,132,0.54,0.57,0.22,-10.61,0.45,0.008,0.32,1,0.03,4,0.216,0.0,0.0,0.0,0.0,0.0,0.0,1,27
8,7zBQRGpYImAdIZc97FNj3V,"Shell_Shocked_(feat._Kill_the_Noise_&_Madsonik)_-_From_""Teenage_Mutant_Ninja_Turtles""","Shell_Shocked_(feat._Kill_the_Noise_&_Madsonik)_[From_""Teenage_Mutant_Ninja_Turtles""]",2014-07-22,Juicy_J,"['Wiz_Khalifa', 'Ty_Dolla_$ign', 'Kill_The_Noise', 'Madsonik']","['crunk', 'memphis hip hop', 'pop rap', 'rap', 'southern hip hop', 'trap']",67,6,165,0.81,0.6,0.46,-5.67,0.01,0.0,0.17,0,0.075,4,0.459,0.0,0.0,0.0,1.0,0.0,0.0,1,2
10,0V5cvmTKsYmF5FmGGEAfmS,Je_te_laisserai_des_mots,Je_te_laisserai_des_mots,2010-09-10,Patrick_Watson,[],"['indie folk', 'indie quebecois']",86,2,133,0.19,0.3,0.21,-16.76,0.99,0.489,0.1,1,0.036,4,0.213,0.0,0.0,0.0,0.0,0.0,0.0,1,27
14,5j3QqRGflS4o5jbsFSwKW1,Six_Days_-_Remix,The_Fast_And_The_Furious:_Tokyo_Drift_(Original_Motion_Picture_Soundtrack),2006-06-20,DJ_Shadow,['Mos_Def'],"['downtempo', 'electronica', 'instrumental hip hop', 'trip hop']",74,5,172,0.94,0.64,0.72,-6.25,0.04,0.0,0.33,0,0.264,4,0.718,0.0,0.0,0.0,0.0,0.0,0.0,1,12
18,1fewSx2d5KIZ04wsooEBOz,Space_Cadet_(feat._Gunna),NOT_ALL_HEROES_WEAR_CAPES_(Deluxe),2018-11-06,Metro_Boomin,['Gunna'],"['hip hop', 'rap']",84,5,109,0.46,0.9,0.64,-9.79,0.37,0.0,0.24,0,0.065,4,0.638,0.0,0.0,0.0,1.0,0.0,0.0,1,21
25,0U2m1KimKHxTAJwjYb7kaY,LUNEDI__-_Unplugged,Salmo_Unplugged,2023-05-29,Salmo,[],"['italian hip hop', 'italian pop', 'italian underground hip hop', 'rap sardegna']",56,3,120,0.56,0.52,0.21,-11.1,0.6,0.0,0.41,1,0.149,4,0.211,1.0,0.0,0.0,1.0,1.0,0.0,1,28
27,10bt2wAkFgCWRCEOyAyWT9,How_Could_You_Leave_Us,Therapy_Session,2016-04-22,NF,[],"['hip hop', 'pop rap']",68,6,78,0.71,0.54,0.09,-7.88,0.51,0.0,0.1,1,0.758,4,0.09,1.0,0.0,0.0,1.0,1.0,0.0,1,7
28,4g1Ant3Me43Cm5Lx91bV8e,"Angel_Pt._1_(feat._Jimin_of_BTS,_JVKE_&_Muni_Long)","Angel_Pt._1_(feat._Jimin_of_BTS,_JVKE_&_Muni_Long_/_FAST_X_Soundtrack)",2023-05-18,Kodak_Black,"['NLE_Choppa', 'Jimin', 'JVKE', 'Muni_Long', 'Fast_&_Furious:_The_Fast_Saga']","['florida drill', 'florida rap', 'melodic rap', 'miami hip hop', 'rap', 'trap', 'trap latino']",85,10,74,0.67,0.53,0.24,-4.27,0.11,0.0,0.1,0,0.275,4,0.239,0.0,0.0,0.0,1.0,0.0,0.0,1,7
32,7KQvNlIPfn91wwxUT7OtNU,Erwin_s_Speech_(Interlude),100_Myles_Per_Hour,2022-07-29,KT.$PAZZIN,[],[],33,4,109,0.38,0.53,0.77,-18.25,0.77,0.0,0.24,0,0.395,4,0.774,0.0,0.0,0.0,0.0,0.0,0.0,1,29
33,0jqK7sGTLsHPkQrrcrGuKD,Still_Waiting,Does_This_Look_Infected?,2002-01-01,Sum_41,[],"['alternative metal', 'canadian pop punk', 'canadian punk', 'modern rock', 'nu metal', 'pop punk', 'post-grunge', 'punk', 'rock']",75,7,192,0.95,0.43,0.56,-4.92,0.0,0.0,0.27,1,0.26,4,0.56,0.0,0.0,0.0,1.0,0.0,0.0,1,4
34,4KacUpvbA3Mfo05gttTjhN,Fat_Lip,"All_Killer,_No_Filler",2001-01-01,Sum_41,[],"['alternative metal', 'canadian pop punk', 'canadian punk', 'modern rock', 'nu metal', 'pop punk', 'post-grunge', 'punk', 'rock']",77,9,197,0.91,0.4,0.63,-5.21,0.0,0.0,0.07,1,0.142,4,0.626,0.0,0.0,0.0,1.0,0.0,0.0,1,4
41,4NIlOI5gqHkkWGYBcLMX07,Ispirazione,"The_Illest,_Vol._1",2015,Mostro,"['lowlow', 'Vegas_Jones']","['italian hip hop', 'italian pop']",36,10,174,0.77,0.47,0.47,-6.69,0.37,0.0,0.12,0,0.495,3,0.474,1.0,0.0,0.0,1.0,1.0,0.0,1,12
45,7Da5kjy5GByLHE5OPQ4tpg,IL_MALE_CHE_MI_FAI_(feat._Marracash),IL_CORAGGIO_DEI_BAMBINI_-_ATTO_II,2023-04-07,Geolier,['Marracash'],"['italian hip hop', 'italian pop', 'rap napoletano', 'trap italiana']",82,6,109,0.8,0.73,0.51,-7.16,0.14,0.0,0.1,0,0.122,4,0.51,0.0,0.0,0.0,1.0,0.0,0.0,1,21
47,4J0zh9uSyny2f6TyFDzSwM,"Dio,_Ma_Quanto_E_Ingiusto_Il_Mondo",Notre-Dame_de_Paris_(Italian_Platinum_Edition),2002-01-04,Richard_Cocciante,[],[],17,8,113,0.27,0.46,0.24,-10.68,0.77,0.0,0.11,1,0.03,4,0.244,0.0,0.0,0.0,0.0,0.0,0.0,1,3
52,55SCtqrks5WVsUHC2TxnLC,We_Know_What_You_Whisper,Black_Panther:_Wakanda_Forever_(Original_Score),2022-11-11,Ludwig_Göransson,['Busiswa'],"['nordic soundtrack', 'orchestral soundtrack', 'soundtrack']",62,8,124,0.23,0.49,0.04,-16.11,0.49,0.101,0.1,1,0.066,4,0.0396,0.0,0.0,0.0,0.0,0.0,0.0,1,28
53,6DCJbX1rENLZVbjKdL74a9,"Marie_Douceur,_Marie_Colère",John_Wick:_Chapter_4_(Original_Motion_Picture_Soundtrack),2023-03-24,Manon_Hollander,[],[],43,9,161,0.86,0.29,0.35,-4.24,0.0,0.005,0.08,1,0.078,4,0.351,0.0,0.0,0.0,0.0,0.0,0.0,1,2
55,6opC2yzUVgBUX8rSpQJIN0,September,September,2022-08-01,CMDV,[],[],36,1,142,0.05,0.58,0.42,-24.0,0.91,0.0,0.08,1,0.057,3,0.419,0.0,0.0,0.0,0.0,0.0,0.0,1,24
57,6j5UUQakIGbRcLaoeJsSf7,Deep_Thoughts,Deep_Thoughts,2022-12-02,ofSoft,[],[],51,6,67,0.11,0.48,0.04,-25.39,0.84,0.871,0.11,1,0.038,3,0.0413,0.0,0.0,0.0,0.0,0.0,0.0,1,15
65,767T5vqvDToZ8LtqT8iZx9,Lord_Knows_/_Fighting_Stronger,CREED:_Original_Motion_Picture_Soundtrack,2015-11-20,Meek_Mill,"['Jhené_Aiko', 'Ludwig_Göransson']","['hip hop', 'philly rap', 'pop rap', 'rap', 'southern hip hop', 'trap']",57,10,115,0.43,0.29,0.06,-11.84,0.25,0.006,0.05,1,0.046,4,0.0579,0.0,0.0,0.0,1.0,0.0,0.0,1,3
67,1E2dhjasJrVyhtoel7EHhI,Self_Talk,Self_Talk,2022-03-11,Parker_Jack,[],[],67,0,122,0.53,0.84,0.66,-12.21,0.56,0.0,0.07,1,0.44,4,0.66,0.0,0.0,0.0,0.0,0.0,0.0,1,28
73,5XeFesFbtLpXzIVDNQP22n,I_Wanna_Be_Yours,AM,2013-09-09,Arctic_Monkeys,[],"['garage rock', 'modern rock', 'permanent wave', 'rock', 'sheffield indie']",95,0,68,0.42,0.46,0.48,-9.35,0.14,0.022,0.1,0,0.026,4,0.479,0.0,0.0,0.0,1.0,0.0,0.0,1,7
74,23w7p4AuDtw9CrhFBcMat5,Adonis_Interlude_(The_Montage)_(with_J._Cole),Creed_III:_The_Soundtrack,2023-03-03,Dreamville,['J._Cole'],"['hip hop', 'pop rap', 'rap', 'underground hip hop']",66,1,196,0.83,0.47,0.43,-5.29,0.17,0.0,0.09,1,0.438,4,0.431,0.0,0.0,0.0,1.0,0.0,0.0,1,4
75,6G45nT1iMlP1HdJ0MCTuDU,"Blood,_Sweat_&_Tears_(with_Bas_&_Black_Sherif_feat._Kel-P)","Blood,_Sweat_&_Tears_(with_Bas_&_Black_Sherif_feat._Kel-P)",2023-02-22,Dreamville,"['Bas', 'Black_Sherif', 'Kel-P']","['hip hop', 'pop rap', 'rap', 'underground hip hop']",56,2,110,0.5,0.67,0.41,-9.72,0.58,0.0,0.24,1,0.072,4,0.409,0.0,0.0,0.0,1.0,0.0,0.0,1,8
76,4hZAxSYVhaiFousCQM8LFc,Morto_Mai_(Piano_Solo),Re_Mida_(Piano_Solo),2019-10-01,Lazza,[],"['italian hip hop', 'italian pop', 'rap genovese', 'trap italiana']",61,7,110,0.56,0.68,0.51,-8.69,0.73,0.0,0.12,0,0.041,5,0.51,0.0,0.0,0.0,1.0,0.0,0.0,1,21
78,56pKYnSA0CyayMJWcEU5kH,I_m_Not_a_Hero,The_Dark_Knight_(Original_Motion_Picture_Soundtrack),2008-07-14,Hans_Zimmer,['James_Newton_Howard'],"['german soundtrack', 'orchestral soundtrack', 'soundtrack']",57,10,130,0.29,0.3,0.05,-17.11,0.69,0.683,0.08,1,0.056,4,0.0492,1.0,0.0,0.0,0.0,1.0,0.0,1,27
79,0zO8ctW0UiuOefR87OeJOZ,Collard_Greens,Oxymoron_(Deluxe),2014-01-01,ScHoolboy_Q,['Kendrick_Lamar'],"['gangster rap', 'hip hop', 'pop rap', 'rap', 'southern hip hop', 'trap']",80,11,154,0.57,0.82,0.65,-4.87,0.03,0.0,0.2,1,0.063,4,0.65,0.0,0.0,0.0,1.0,0.0,0.0,1,2
81,5lWFrW5T3JtxVCLDb7etPu,Bad_-_2012_Remaster,Bad_25th_Anniversary,2012-09-18,Michael_Jackson,[],"['r&b', 'soul']",71,8,114,0.89,0.79,0.39,-3.79,0.0,0.423,0.07,1,0.04,4,0.394,0.0,0.0,0.0,0.0,0.0,0.0,1,14
83,5T7ywazdGIydr6JCW6t02j,Smooth_Criminal_-_2012_Remaster,Bad_(Remastered),1987-08-31,Michael_Jackson,[],"['r&b', 'soul']",75,8,118,0.98,0.85,0.59,-3.95,0.25,0.468,0.31,1,0.075,4,0.595,0.0,0.0,0.0,0.0,0.0,0.0,1,14
85,7J1uxwnxfQLu4APicE5Rnj,Billie_Jean,Thriller,1982-11-30,Michael_Jackson,[],"['r&b', 'soul']",82,11,117,0.46,0.93,0.88,-9.62,0.02,0.044,0.04,0,0.054,4,0.884,0.0,0.0,0.0,0.0,0.0,0.0,1,3
88,0XRbYXQUymj9SJkrr8YK5B,Keep_Ya_Head_Up,Strictly_4_My_N.I.G.G.A.Z...,1993-02-16,2Pac,[],"['g funk', 'gangster rap', 'hip hop', 'rap', 'west coast rap']",74,4,172,0.73,0.6,0.59,-7.01,0.14,0.0,0.51,1,0.425,4,0.595,0.0,0.0,0.0,1.0,0.0,0.0,1,12
90,2AzbPKN2Vf3CUukNZGnjYx,MOSTRO,MOSTRO,2023-02-08,gIANMARIA,[],['emo trap italiana'],61,3,115,0.58,0.72,0.69,-5.69,0.19,0.0,0.11,1,0.057,4,0.688,0.0,0.0,0.0,0.0,0.0,0.0,1,8
96,3PYFSGwWNZWnQpiuGke2J9,under_the_weather,under_the_weather,2023-02-03,CORPSE,[],['pov: indie'],67,6,72,0.38,0.47,0.37,-15.97,0.77,0.013,0.11,1,0.268,4,0.366,0.0,0.0,0.0,0.0,0.0,0.0,1,15
98,0Uk8PDdq76h1xeLGVU2Xwv,Gravitational_Forces_-_Remix,Gravitational_Forces_(Remix),2023-01-27,feokky,[],[],4,7,92,0.28,0.46,0.04,-25.73,0.8,0.702,0.11,0,0.044,4,0.0376,0.0,0.0,0.0,0.0,0.0,0.0,1,25
100,4hArX7vFWANuw0gCA1KG5k,BODY_PARTS_-_I_denti,Persona,2020-03-27,Marracash,[],"['italian hip hop', 'italian pop', 'italian underground hip hop', 'rap napoletano']",54,7,106,0.75,0.69,0.38,-5.98,0.18,0.0,0.18,1,0.172,3,0.383,0.0,0.0,0.0,1.0,0.0,0.0,1,21
101,7oe1XGwYoXE3dd1v5ygE0z,"Running_Up_That_Hill_-_Epic_Version_(from_""Stranger_Things)_-_Cover","Running_Up_That_Hill_-_Epic_Version_(from_""Stranger_Things)_[Cover]",2022-06-30,Samuel_Kim,[],['anime lo-fi'],55,0,108,0.72,0.49,0.14,-9.0,0.01,0.736,0.15,0,0.042,4,0.143,0.0,0.0,0.0,0.0,0.0,0.0,1,8
103,3eZUF65HbA141qh7OGsBER,L_ANGELO_CADUTO_-_feat._Shari,FLOP,2021-10-01,Salmo,['Shari'],"['italian hip hop', 'italian pop', 'italian underground hip hop', 'rap sardegna']",51,7,115,0.49,0.72,0.58,-7.38,0.26,0.0,0.05,1,0.075,4,0.576,1.0,0.0,0.0,1.0,1.0,0.0,1,14
106,2nMeu6UenVvwUktBCpLMK9,Young_And_Beautiful,Young_And_Beautiful,2013-01-01,Lana_Del_Rey,[],"['art pop', 'pop']",87,11,114,0.42,0.32,0.15,-8.92,0.26,0.0,0.11,0,0.037,4,0.151,0.0,0.0,0.0,1.0,0.0,0.0,1,3
107,7ckSHKZnX72c6IQnKGJNpi,Runnin_(feat._A$AP_Rocky_&_Jacob_Banks),Creed_II_(Score_&_Music_from_the_Original_Motion_Picture),2018-11-16,Ludwig_Göransson,"['A$AP_Rocky', 'Jacob_Banks']","['nordic soundtrack', 'orchestral soundtrack', 'soundtrack']",61,4,135,0.5,0.31,0.1,-13.06,0.27,0.003,0.08,1,0.102,4,0.0982,0.0,0.0,0.0,0.0,0.0,0.0,1,27
110,346SJSEbB6pNZMpwovxDiu,Mother_I_Sober_(feat._Beth_Gibbons_of_Portishead),Mr._Morale_&_The_Big_Steppers,2022-05-13,Kendrick_Lamar,['Beth_Gibbons'],"['conscious hip hop', 'hip hop', 'rap', 'west coast rap']",64,8,140,0.37,0.49,0.49,-14.86,0.87,0.0,0.11,0,0.329,4,0.491,0.0,0.0,0.0,1.0,0.0,0.0,1,27
112,1AJuDhb8wqV4gU5Ts6Htl5,Superhero_(Heroes_&_Villains)_[with_Future_&_Chris_Brown],HEROES_&_VILLAINS_(Heroes_Version),2022-12-05,Metro_Boomin,"['Future', 'Chris_Brown']","['hip hop', 'rap']",62,5,117,0.61,0.53,0.49,-5.3,0.15,0.0,0.19,0,0.259,4,0.492,0.0,0.0,0.0,1.0,0.0,0.0,1,14
114,6bHjk4FudnJpUEz1PGs1YS,Tears_in_the_Rain,Blade_Runner_2049_(Original_Motion_Picture_Soundtrack),2017-10-05,Hans_Zimmer,['Benjamin_Wallfisch'],"['german soundtrack', 'orchestral soundtrack', 'soundtrack']",51,0,116,0.31,0.19,0.03,-18.0,0.65,0.859,0.08,1,0.043,3,0.0316,1.0,0.0,0.0,0.0,1.0,0.0,1,28
117,4NgherJDfCXWBZBYheM4jK,WASTE,DISORDER,2021-10-29,Kxllswxtch,[],"['dark trap', 'oc rap', 'scream rap']",83,7,132,0.12,0.63,0.11,-14.41,0.86,0.001,0.15,1,0.032,4,0.11,0.0,0.0,0.0,0.0,0.0,0.0,1,27
127,0khxy4FwKPWRhpAcN6Gf6Y,Gravitational_Forces,Luxury_Fashion,2021-02-08,ITG_Studios,[],[],58,2,102,0.47,0.58,0.03,-12.15,0.01,0.73,0.11,1,0.041,4,0.0293,0.0,0.0,0.0,0.0,0.0,0.0,1,29
129,6GUq9y0Iy5QrAuPYxTrFp2,S.T.A.Y.,Interstellar_(Original_Motion_Picture_Soundtrack)_[Expanded_Edition],2014-11-18,Hans_Zimmer,[],"['german soundtrack', 'orchestral soundtrack', 'soundtrack']",66,5,191,0.03,0.08,0.03,-30.78,0.93,0.929,0.07,1,0.043,3,0.0256,1.0,0.0,0.0,0.0,1.0,0.0,1,16
132,7ybDQMh1p8DEbwwoARCjzH,Set_Fire_To_The_Rain_x_Another_Love_-_Remix,Set_Fire_To_The_Rain_x_Another_Love_(Remix),2022-11-26,Xanemusic,"['NVBR', 'kevoxx']",['sped up'],1,7,113,0.67,0.38,0.24,-9.37,0.18,0.0,0.3,1,0.036,4,0.244,0.0,0.0,0.0,0.0,0.0,0.0,1,3
136,4mowfIHVIYRoepbExd1cwu,God_of_War_Ragnarök_(feat._Eivør),God_of_War_Ragnarök_(Original_Soundtrack),2022-11-09,Bear_McCreary,['Eivør'],"['orchestral soundtrack', 'scorecore', 'soundtrack']",60,8,76,0.35,0.23,0.1,-10.97,0.56,0.744,0.11,1,0.031,4,0.0994,0.0,0.0,0.0,0.0,0.0,0.0,1,7
138,7ahabzYSnRJlsozhUgXvaR,Love_Me_(ecstazzz_Remix),Love_Me_(ecstazzz_Remix),2021-07-15,Zyrex,[],[],50,9,95,0.26,0.79,0.57,-15.14,0.68,0.0,0.34,1,0.309,4,0.569,0.0,0.0,0.0,0.0,0.0,0.0,1,25
141,4gRMhEkKrf16k9zjxLrzsm,XO_Tour_Life_-_Remix,XO_Tour_Life_(Remix),2018-05-08,Hux,[],[],35,11,77,0.66,0.71,0.45,-7.02,0.03,0.0,0.11,0,0.056,4,0.445,0.0,0.0,0.0,0.0,0.0,0.0,1,7
142,24z3vdNKRQrscegDnzgPZ8,Afterdark_(Slowed),Afterdark_(Slowed),2021-07-10,Synthellar,[],[],33,1,180,0.13,0.32,0.07,-17.67,0.8,0.921,0.09,1,0.032,4,0.0722,0.0,0.0,0.0,0.0,0.0,0.0,1,16
146,4tQrHKTEQdJq8eATHcvDc1,Suicidal_Thoughts,Suicidal_Thoughts,2022-07-17,Nartuok,[],[],3,1,168,0.69,0.65,0.51,-6.78,0.0,0.0,0.28,1,0.224,4,0.505,0.0,0.0,0.0,0.0,0.0,0.0,1,12
149,6pWgRkpqVfxnj3WuIcJ7WP,Cornfield_Chase,Interstellar_(Original_Motion_Picture_Soundtrack)_[Expanded_Edition],2014-11-18,Hans_Zimmer,[],"['german soundtrack', 'orchestral soundtrack', 'soundtrack']",77,9,94,0.23,0.18,0.05,-16.46,0.95,0.982,0.1,0,0.042,4,0.048,1.0,0.0,0.0,0.0,1.0,0.0,1,25
154,0sf12qNH5qcw8qpgymFOqD,Blinding_Lights,Blinding_Lights,2019-11-29,The_Weeknd,[],"['canadian contemporary r&b', 'canadian pop', 'pop']",21,1,171,0.8,0.51,0.34,-4.08,0.0,0.0,0.09,1,0.063,4,0.345,0.0,0.0,0.0,1.0,0.0,0.0,1,12
155,5AnZGhVpAit04ocwEbzy04,T_Challa,Black_Panther:_Wakanda_Forever_(Original_Score),2022-11-11,Ludwig_Göransson,[],"['nordic soundtrack', 'orchestral soundtrack', 'soundtrack']",44,5,82,0.24,0.29,0.27,-16.65,0.74,0.94,0.15,0,0.045,3,0.27,0.0,0.0,0.0,0.0,0.0,0.0,1,25
157,4M6pDt6pICsMiiwXGkufLe,Con_La_Brisa,Black_Panther:_Wakanda_Forever_-_Music_From_and_Inspired_By,2022-11-04,Foudeqush,['Ludwig_Göransson'],['r&b en espanol'],7,2,114,0.44,0.62,0.25,-10.33,0.51,0.333,0.14,0,0.031,4,0.251,0.0,0.0,0.0,0.0,0.0,0.0,1,8
159,4pBr2SjDVIxfGkUwvOJLx7,"Never_Forget_[Feat._Chef_187,_Tio_Nason,_Mwanjé]",Never_Forget,2022-06-28,Sampa_the_Great,"['Chef_187', 'Tio_Nason', 'Mwanje']","['alternative r&b', 'australian hip hop', 'conscious hip hop', 'escape room', 'zambian hip hop']",42,7,77,0.54,0.47,0.31,-6.68,0.55,0.0,0.15,1,0.113,4,0.314,0.0,0.0,0.0,0.0,0.0,0.0,1,7
165,219slQu3ALbTSAe9P22hvE,Happiest_Year,Feel_Something_(Deluxe),2022-01-28,Jaymes_Young,[],['indie poptimism'],79,1,113,0.17,0.5,0.35,-14.06,0.89,0.0,0.11,1,0.049,3,0.355,0.0,0.0,0.0,0.0,0.0,0.0,1,8
174,2awDnmL1D9cyIJFVruAQcF,Io_non_abito_al_mare,2640,2018-01-12,Francesca_Michielin,[],"['italian adult pop', 'italian pop']",52,0,72,0.71,0.44,0.31,-5.24,0.27,0.0,0.09,1,0.134,4,0.309,0.0,0.0,0.0,1.0,0.0,0.0,1,7
177,6xtQ23d8GEXgcxyUKPtwc5,Runaway,Hybrid_Theory_(Bonus_Edition),2000-10-24,Linkin_Park,[],"['alternative metal', 'nu metal', 'post-grunge', 'rap metal', 'rock']",68,7,109,0.88,0.64,0.45,-4.74,0.01,0.0,0.25,1,0.058,4,0.446,0.0,0.0,0.0,1.0,0.0,0.0,1,21
179,5MEKqNAOlgt3sh5o0iq8EM,The_Devil_You_Know,The_Devil_You_Know,2017-06-06,X_Ambassadors,[],"['modern alternative rock', 'modern rock', 'stomp pop']",55,1,108,0.69,0.65,0.37,-7.37,0.0,0.611,0.12,1,0.032,4,0.374,0.0,0.0,0.0,0.0,0.0,0.0,1,8
184,31kad5Mkf4Nu9byPGkqbmT,In_essence_X_We_ll_show_them_all,In_essence_X_We_ll_show_them_all,2022-08-29,Lil_Jaico,[],[],0,10,68,0.41,0.21,0.15,-17.99,0.89,0.965,0.29,0,0.039,5,0.153,0.0,0.0,0.0,0.0,0.0,0.0,1,15
193,5kJlocK6Tb8h28yDJUC7Ya,"In_the_house,_in_a_heartbeat","In_the_house,_in_a_heartbeat",2021-10-22,Remstage_Music,[],['instrumental djent'],44,9,76,0.58,0.37,0.27,-9.31,0.0,0.985,0.06,0,0.028,4,0.266,0.0,0.0,0.0,0.0,0.0,0.0,1,7
194,4xjoLg7ArTtSuE0lozbV4N,Capolinea,Silenzio,2013-05-07,Rancore,['DJ_Myke'],"['italian hip hop', 'italian underground hip hop']",33,8,170,0.79,0.47,0.39,-6.81,0.34,0.0,0.48,0,0.358,4,0.385,1.0,0.0,0.0,1.0,1.0,0.0,1,12
197,2LskIZrCeLxRvCiGP8gxlh,Arms_Around_You_(feat._Maluma_&_Swae_Lee),Arms_Around_You_(feat._Maluma_&_Swae_Lee),2018-10-25,XXXTENTACION,"['Lil_Pump', 'Swae_Lee', 'Maluma']","['emo rap', 'miami hip hop']",72,9,105,0.72,0.7,0.29,-5.45,0.03,0.0,0.13,0,0.041,4,0.288,1.0,0.0,0.0,1.0,1.0,0.0,1,21
203,0NwuXciw6eQc4edjwSBnV3,Non_Abbiamo_Età,Potere,2018-06-29,Luchè,[],"['italian hip hop', 'italian pop', 'rap napoletano']",72,6,193,0.69,0.37,0.19,-4.71,0.05,0.0,0.15,1,0.243,4,0.191,0.0,0.0,0.0,1.0,0.0,0.0,1,4
212,15KYz8HlB2yfQs5D4ILEMu,Sweet_Dreams,Sweet_Dreams,2022-02-02,Ravens_Rock,[],[],48,0,172,0.27,0.43,0.16,-11.11,0.89,0.961,0.1,0,0.032,4,0.163,0.0,0.0,0.0,0.0,0.0,0.0,1,12
214,1PHvwEhB9EUajUKTTIc5Vs,Creep_(feat._Tom_Ellis),Lucifer:_Seasons_1-5_(Original_Television_Soundtrack),2020-08-21,Lucifer_Cast,['Tom_Ellis'],[],56,6,119,0.11,0.38,0.05,-13.72,0.97,0.0,0.14,1,0.044,4,0.053,0.0,0.0,0.0,0.0,0.0,0.0,1,28
217,1d7vqdPSiLY4s8yKCKahOH,My_Demons,My_Demons,2021-04-30,Youth_Never_Dies,"['We_Are_The_Empty', 'Onlap']",[],44,3,174,0.72,0.35,0.61,-5.33,0.09,0.0,0.09,0,0.035,4,0.615,0.0,0.0,0.0,0.0,0.0,0.0,1,12
218,6xGruZOHLs39ZbVccQTuPZ,Glimpse_of_Us,Glimpse_of_Us,2022-06-10,Joji,[],['viral pop'],87,8,170,0.32,0.44,0.27,-9.26,0.89,0.0,0.14,1,0.053,3,0.268,0.0,0.0,0.0,0.0,0.0,0.0,1,12
220,4VnR7plUitZ788acvBHdP6,"I_spoke_to_the_devil_in_miami,_he_said_everything_would_be_fine",LOOK_AT_ME:_THE_ALBUM,2022-06-10,XXXTENTACION,[],"['emo rap', 'miami hip hop']",65,2,76,0.2,0.35,0.21,-13.65,0.98,0.003,0.19,1,0.037,4,0.215,1.0,0.0,0.0,1.0,1.0,0.0,1,7
222,1NlbmDUSYds1GJWHQkhm1D,Die_Trying,Fragments,2018-09-28,Digital_Punk,[],"['classic hardstyle', 'euphoric hardstyle', 'rawstyle']",53,9,155,0.94,0.29,0.14,-4.13,0.01,0.0,0.35,0,0.341,4,0.144,0.0,0.0,0.0,0.0,0.0,0.0,1,2
224,3kTHcnhGtg2B64IsrolJc9,Duel_of_The_Fates_-_Epic_Version_(Remastered),Duel_of_The_Fates_-_Epic_Version_(Remastered),2022-06-02,Samuel_Kim,[],['anime lo-fi'],0,4,77,0.73,0.32,0.29,-8.92,0.11,0.868,0.22,0,0.056,4,0.29,0.0,0.0,0.0,0.0,0.0,0.0,1,7
225,0OTNHGKcqQbk51bOYe462Y,ULTRA_SOLO,ULTRA_SOLO,2022-02-14,Polimá_Westcoast,['Pailita'],"['trap chileno', 'trap triste', 'urbano chileno', 'urbano latino']",78,1,110,0.85,0.8,0.26,-4.5,0.23,0.0,0.11,1,0.207,4,0.26,0.0,0.0,0.0,0.0,0.0,0.0,1,8
226,75FEaRjZTKLhTrFGsfMUXR,Running_Up_That_Hill_(A_Deal_With_God),Hounds_Of_Love,1985,Kate_Bush,[],"['art pop', 'art rock', 'baroque pop', 'new wave pop', 'permanent wave', 'piano rock', 'singer-songwriter']",49,10,108,0.55,0.63,0.2,-13.12,0.72,0.003,0.06,0,0.055,4,0.197,0.0,0.0,0.0,0.0,0.0,0.0,1,21
228,3LLsO2IuQGONc3YIb4wD0W,RASETSU_-_Remix,RASETSU_(Remix),2021-02-09,Musicality,[],['anime rap'],30,4,172,0.53,0.5,0.21,-13.07,0.05,0.922,0.09,0,0.045,4,0.206,0.0,0.0,0.0,0.0,0.0,0.0,1,12
229,612dHPI0OoOsvWkweHXZXF,2K_FREESTYLE,2K_FREESTYLE,2020-02-16,Lazy3x,['Lil_Darkie'],['necrotrap'],68,8,109,0.68,0.59,0.28,-2.97,0.0,0.0,0.1,1,0.308,5,0.277,0.0,0.0,0.0,0.0,0.0,0.0,1,21
230,4YBR9F76hT40fVDfzrcOth,Take_Me_Away,Take_Me_Away,2017-01-11,Somber,['Warlord_Colossus'],[],66,10,110,0.69,0.65,0.04,-7.36,0.17,0.0,0.09,0,0.095,4,0.0408,0.0,0.0,0.0,0.0,0.0,0.0,1,21
231,17Ch96fdIWf1mdl9C6ZhdE,Unravel,Unravel,2022-05-13,Yung_Anime,[],[],0,7,135,0.68,0.5,0.34,-10.03,0.05,0.0,0.13,0,0.076,4,0.338,0.0,0.0,0.0,0.0,0.0,0.0,1,27
234,3yWHQ4n4ARLDfYTuT2NhnN,BABY_GODDAMN,BABY_GODDAMN,2021-03-26,Tananai,[],['italian pop'],66,10,114,0.76,0.82,0.89,-3.31,0.03,0.0,0.06,0,0.1,4,0.885,0.0,0.0,0.0,1.0,0.0,0.0,1,14
240,1YcPuPuHseYYiLsNVOK2Tz,Hoist_The_Colours,Hoist_The_Colours,2022-05-07,Samuel_Kim,['Colm_R._McGuinness'],['anime lo-fi'],0,4,105,0.6,0.25,0.29,-9.72,0.03,0.097,0.14,0,0.055,3,0.294,0.0,0.0,0.0,0.0,0.0,0.0,1,29
241,2DgdHcjWmO3qd50RzuBLgZ,House_of_Memories,Death_of_a_Bachelor,2016-01-15,Panic!_At_The_Disco,[],['pop'],85,11,110,0.82,0.51,0.51,-5.05,0.0,0.0,0.05,0,0.034,4,0.506,0.0,0.0,0.0,1.0,0.0,0.0,1,21
242,2Foc5Q5nqNiosCNqttzHof,Get_Lucky_(Radio_Edit)_[feat._Pharrell_Williams_and_Nile_Rodgers],Get_Lucky_(Radio_Edit)_[feat._Pharrell_Williams_and_Nile_Rodgers],2013-04-19,Daft_Punk,"['Pharrell_Williams', 'Nile_Rodgers']","['electro', 'filter house', 'rock']",85,6,116,0.81,0.79,0.86,-8.97,0.04,0.0,0.1,0,0.038,4,0.862,0.0,0.0,0.0,1.0,0.0,0.0,1,3
244,21Ay8mJRYQuOMZp7qyQXl6,50_Special,...Squérez?,1999-11-30,Lùnapop,[],"['classic italian pop', 'italian adult pop', 'italian pop']",66,7,160,0.94,0.49,0.89,-4.67,0.0,0.0,0.11,1,0.031,4,0.893,0.0,0.0,0.0,1.0,0.0,0.0,1,2
246,4WWqf2Ldy7NxPTdgG5d96C,The_King,The_Northman_(Original_Motion_Picture_Soundtrack),2022-04-22,Robin_Carolan,['Sebastian_Gainsborough'],[],48,7,115,0.59,0.31,0.2,-11.59,0.12,0.093,0.11,1,0.063,4,0.195,0.0,0.0,0.0,0.0,0.0,0.0,1,3
247,7KW1AtQKFToSoF1kmyk2wE,snowflake_(feat._Jaden_&_Sarcastic_Sounds),tell_me_your_feelings_and_i_won_t_tell_you_mine,2021-10-08,Powfu,"['Jaden', 'Sarcastic_Sounds']","['sad lo-fi', 'sad rap']",62,9,63,0.41,0.42,0.5,-10.9,0.95,0.0,0.35,0,0.25,4,0.502,0.0,0.0,0.0,0.0,0.0,0.0,1,19
248,2C80DdATZPDbwpLOyimIM0,Nigdy_albo_zawsze,Nigdy_albo_zawsze,2021-08-03,Gibbs,[],['polish hip hop'],4,8,118,0.44,0.86,0.56,-11.57,0.65,0.0,0.1,0,0.26,4,0.557,0.0,0.0,0.0,0.0,0.0,0.0,1,3
249,5yuXdw2gb5bV4MXngcfvN6,Why_Do_We_Fall?,The_Dark_Knight_Rises,2012-08-29,Hans_Zimmer,[],"['german soundtrack', 'orchestral soundtrack', 'soundtrack']",0,2,104,0.44,0.25,0.04,-14.67,0.45,0.601,0.28,0,0.04,4,0.0351,1.0,0.0,0.0,0.0,1.0,0.0,1,29
251,4J3GxS9YIeznyxjYpgXSN3,Light_s_Theme_Rude,Light_s_Theme_Rude,2022-03-27,Withzera,[],[],0,3,136,0.41,0.61,0.15,-11.15,0.0,0.917,0.34,0,0.057,4,0.151,0.0,0.0,0.0,0.0,0.0,0.0,1,27
256,4WmB04GBqS4xPMYN9dHgBw,Day_One_(Interstellar_Theme),Interstellar_(Original_Motion_Picture_Soundtrack)_[Expanded_Edition],2014-11-18,Hans_Zimmer,[],"['german soundtrack', 'orchestral soundtrack', 'soundtrack']",70,9,96,0.02,0.31,0.07,-27.79,0.93,0.964,0.07,0,0.035,3,0.0658,1.0,0.0,0.0,0.0,1.0,0.0,1,25
257,4gHnSNHs8RyVukKoWdS99f,Something_In_The_Way,Nevermind_(Remastered),1991-09-26,Nirvana,[],"['grunge', 'permanent wave', 'rock']",77,8,105,0.2,0.43,0.07,-13.04,0.74,0.263,0.11,1,0.032,4,0.0668,0.0,0.0,0.0,1.0,0.0,0.0,1,29
260,6bXCGI0zBTjvwYBlDkFey3,Ashes_on_The_Fire,TVアニメ「進撃の巨人」_The_Final_Season_Original_Soundtrack,2021-06-23,KOHTA_YAMAMOTO,[],[],35,7,102,0.68,0.22,0.09,-10.28,0.0,0.93,0.06,1,0.047,3,0.0908,0.0,0.0,0.0,0.0,0.0,0.0,1,29
264,5nyef8bHyXaglyArVUNlre,Deadwood,Deadwood,2021-04-09,Really_Slow_Motion,[],['epicore'],67,10,180,0.76,0.34,0.13,-5.5,0.19,0.862,0.14,1,0.082,3,0.133,0.0,0.0,0.0,0.0,0.0,0.0,1,4
266,4borvJwC52LxxtDpAUmCRe,Star_Shopping,Star_Shopping,2021-06-26,Megami,[],['ambient lo-fi'],0,2,88,0.24,0.39,0.61,-19.01,0.9,0.916,0.11,1,0.034,4,0.607,0.0,0.0,0.0,1.0,0.0,0.0,1,25
271,0551d0IIpufWriBpfaSe05,This_Letter_I_Write,This_Letter_I_Write,2021-09-17,Verum,[],[],44,0,120,0.24,0.78,0.39,-14.69,0.85,0.0,0.11,1,0.133,4,0.394,0.0,0.0,0.0,0.0,0.0,0.0,1,28
272,1O2uHsaN51rIqE6FChYgI5,Killing_Strangers,The_Pale_Emperor_(Deluxe_Version),2014-01-01,Marilyn_Manson,[],"['alternative metal', 'hard rock', 'industrial', 'industrial metal', 'industrial rock', 'nu metal', 'post-grunge', 'rock']",45,5,60,0.55,0.59,0.51,-5.94,0.01,0.0,0.13,1,0.038,4,0.509,0.0,0.0,0.0,1.0,0.0,0.0,1,19
273,3dqHiEY4imK4a1EDLRVUtj,Solas,Solas,2022-02-04,Jamie_Duffy,[],[],2,4,85,0.34,0.31,0.36,-16.71,0.96,0.889,0.09,0,0.036,4,0.356,0.0,0.0,0.0,0.0,0.0,0.0,1,25
276,3nd9LYwkRmQXON3a96B8Lk,Up_In_Flames_(Single_from_“Time_Is_Up”_Soundtrack),Up_In_Flames_(Single_from_“Time_Is_Up”_Soundtrack),2021-09-24,Benji,['Bella_Thorne'],['italian pop'],44,6,110,0.41,0.67,0.39,-10.3,0.46,0.0,0.12,1,0.042,4,0.392,0.0,0.0,0.0,1.0,0.0,0.0,1,21
280,2kaNmAbqrtOf7Rdr3fnCWl,Toxic,Faded,2021-09-10,BoyWithUke,[],['sad rap'],0,8,180,0.61,0.59,0.69,-6.63,0.83,0.0,0.46,0,0.363,4,0.687,0.0,0.0,0.0,0.0,0.0,0.0,1,4
284,6Wx88Mv6b9ofjKMKkdwOJd,New_Divide,Transformers:_Revenge_Of_The_Fallen_The_Album,2009-06-12,Linkin_Park,[],"['alternative metal', 'nu metal', 'post-grunge', 'rap metal', 'rock']",73,5,118,0.81,0.49,0.38,-3.37,0.0,0.0,0.1,0,0.036,4,0.38,0.0,0.0,0.0,1.0,0.0,0.0,1,14
286,1kmbMgdH81XirPnEuGQ2by,The_River,Dark_Country_4,2019-06-05,Blues_Saraceno,[],"['modern blues rock', 'rebel blues']",58,11,74,0.44,0.55,0.37,-8.19,0.05,0.002,0.24,0,0.039,4,0.37,0.0,0.0,0.0,0.0,0.0,0.0,1,7
288,5OFf5pzpIcdstWwAhv5YXE,right_here,right_here,2021-11-15,Lil_Peep,['Horsehead'],"['cloud rap', 'emo rap', 'lgbtq+ hip hop']",2,8,110,0.72,0.6,0.21,-7.12,0.0,0.0,0.12,0,0.031,4,0.213,0.0,0.0,0.0,1.0,0.0,0.0,1,21
289,4xhWfr0tyA7BGL7eXo8KnV,ALL_GIRLS_ARE_THE_SAME,ALL_GIRLS_ARE_THE_SAME,2020-04-30,RØNIN,[],"['sad lo-fi', 'sad rap']",7,9,118,0.34,0.79,0.47,-10.92,0.59,0.0,0.1,0,0.086,4,0.468,0.0,0.0,0.0,0.0,0.0,0.0,1,3
291,3UoRLUFPhTSYqhbqSdlf1U,North_Memphis,North_Memphis,2019-08-07,Pharmacist,[],['drift phonk'],2,1,167,0.95,0.71,0.95,-5.53,0.0,0.861,0.06,1,0.057,4,0.951,0.0,0.0,0.0,0.0,0.0,0.0,1,12
293,04sN26COy28wTXYj3dMoiZ,Bored,Bored,2017-03-30,Billie_Eilish,[],"['art pop', 'electropop', 'pop']",85,7,120,0.32,0.61,0.11,-12.7,0.9,0.002,0.08,1,0.048,4,0.112,1.0,0.0,0.0,1.0,1.0,0.0,1,28
296,30QR0ndUdiiMQMA9g1PGCm,"...And_to_Those_I_Love,_Thanks_for_Sticking_Around",Stop_Staring_At_the_Shadows,2020-02-14,$uicideboy$,[],"['cloud rap', 'dark trap', 'new orleans rap', 'underground hip hop']",82,2,114,0.51,0.79,0.11,-6.88,0.12,0.0,0.14,1,0.041,4,0.111,0.0,0.0,0.0,0.0,0.0,0.0,1,8
299,2QTDuJIGKUjR7E2Q6KupIh,Test_Drive_-_From_How_To_Train_Your_Dragon_Music_From_The_Motion_Picture,How_To_Train_Your_Dragon_(Music_From_The_Motion_Picture),2010-01-01,John_Powell,[],"['british soundtrack', 'orchestral soundtrack', 'soundtrack']",68,2,111,0.58,0.26,0.24,-9.49,0.02,0.978,0.33,1,0.042,4,0.24,0.0,0.0,0.0,0.0,0.0,0.0,1,8
300,5yfE6GXTuJaAlepKoE0wJE,Ringo_Starr,Fuori_dall_Hype_Ringo_Starr,2020-02-07,Pinguini_Tattici_Nucleari,[],"['bergamo indie', 'italian indie pop', 'italian pop', 'milan indie']",66,4,114,0.93,0.75,0.86,-2.91,0.3,0.0,0.31,0,0.051,4,0.857,0.0,0.0,0.0,1.0,0.0,0.0,1,14
301,6BoXckigjvnIAZVQV6lELq,DTB,DTB,2021-11-12,Merczz,[],['melodic drill'],0,8,68,0.43,0.55,0.72,-12.67,0.58,0.0,0.1,1,0.385,4,0.716,0.0,0.0,0.0,0.0,0.0,0.0,1,19
302,7uHRKSQ9WIlBBuBY7BHcbq,Forever,Forever,2019-03-08,ilyTOMMY,[],['aesthetic rap'],74,5,107,0.34,0.61,0.29,-14.91,0.68,0.0,0.17,0,0.135,5,0.292,0.0,0.0,0.0,1.0,0.0,0.0,1,29
305,6tO5bxNnMuh1c3cziSpecA,Paris,Now_the_Moon_s_Rising,2015-11-20,$uicideboy$,[],"['cloud rap', 'dark trap', 'new orleans rap', 'underground hip hop']",80,7,106,0.65,0.85,0.2,-6.19,0.07,0.006,0.1,1,0.084,4,0.195,0.0,0.0,0.0,0.0,0.0,0.0,1,21
306,2KqF0HOqemdENMnXRgaQ3X,Satisfya_slo_rev,Satisfya_slo_rev,2021-02-20,Hairy_Potter,[],['slowed and reverb'],0,11,132,0.47,0.77,0.45,-13.12,0.04,0.0,0.29,0,0.117,4,0.449,0.0,0.0,0.0,0.0,0.0,0.0,1,27
309,58HvfVOeJY7lUuCqF0m3ly,MIDDLE_OF_THE_NIGHT,MIDDLE_OF_THE_NIGHT,2020-01-10,Elley_Duhé,[],['alt z'],88,4,186,0.61,0.41,0.09,-8.27,0.02,0.0,0.12,0,0.047,3,0.0899,0.0,0.0,0.0,0.0,0.0,0.0,1,4
311,5xPazRvyrkVootu8pM9vUG,Rolling_in_the_Deep,Rolling_In_The_Deep,2010-11-30,Adele,[],"['british soul', 'pop', 'pop soul', 'uk pop']",0,8,105,0.77,0.73,0.51,-5.11,0.14,0.0,0.05,1,0.03,4,0.507,0.0,0.0,0.0,1.0,0.0,0.0,1,21
313,4jwV8xaRDADxcSMXBJB7pL,Lost_Forever,Lost_Forever,2021-12-03,Sergio_Valentino,[],[],1,8,91,0.26,0.35,0.14,-14.11,0.0,0.164,0.12,1,0.172,4,0.14,0.0,0.0,0.0,0.0,0.0,0.0,1,25
315,4IhTXiZLKATmwhMZIb1GQN,Lights_Are_On,Z-Sides,2018-10-26,Tom_Rosenthal,[],['british singer-songwriter'],82,3,136,0.04,0.44,0.25,-16.89,0.98,0.465,0.11,1,0.032,4,0.249,0.0,0.0,0.0,0.0,0.0,0.0,1,27
316,1OeZaHZfc301gelC5cUbNm,Where_is_my_Mind?_-_Piano_Rendition,Haunted_Piano_-_Halloween_Moods,2019-09-30,The_Blue_Notes,[],[],51,1,146,0.12,0.43,0.19,-17.27,0.96,0.951,0.08,0,0.049,4,0.188,0.0,0.0,0.0,0.0,0.0,0.0,1,24
317,5m0hfGYqZ0JUUobgHKymU4,Praise_God_(Slowed),Praise_God_(Slowed),2021-10-15,JK_Beats,[],['slowed and reverb'],47,10,107,0.41,0.75,0.27,-11.74,0.01,0.043,0.15,0,0.05,4,0.274,0.0,0.0,0.0,0.0,0.0,0.0,1,21
319,2nLtzopw4rPReszdYBJU6h,Numb,Meteora,2003-03-24,Linkin_Park,[],"['alternative metal', 'nu metal', 'post-grunge', 'rap metal', 'rock']",88,9,110,0.86,0.5,0.24,-4.15,0.0,0.0,0.64,1,0.038,4,0.243,0.0,0.0,0.0,1.0,0.0,0.0,1,21
322,7wi6QTirU031cm7KodB7HW,Smells_Like_Teen_Spirit,Smells_Like_Teen_Spirit,2021-02-05,Witchz,[],[],0,1,114,0.5,0.66,0.27,-6.32,0.0,0.001,0.14,1,0.038,4,0.27,0.0,0.0,0.0,0.0,0.0,0.0,1,8
323,3aUFrxO1B8EW63QchEl3wX,Feel_The_Love,KIDS_SEE_GHOSTS,2018-06-08,KIDS_SEE_GHOSTS,['Pusha_T'],['rap'],63,0,111,0.47,0.58,0.37,-5.95,0.13,0.0,0.1,0,0.104,4,0.369,0.0,0.0,0.0,1.0,0.0,0.0,1,8
328,0SuvQEg8ePv15uA8myWoxd,SkinTheBone,SkinTheBone,2019-12-05,NothingNothingNothing,[],['sad lo-fi'],40,2,115,0.39,0.53,0.15,-8.89,0.42,0.094,0.11,0,0.062,4,0.146,0.0,0.0,0.0,0.0,0.0,0.0,1,8
329,5llDNMxPVSzK0biHItf2E6,With_No_Mercy,Legendary,2021-03-29,Secession_Studios,['Greg_Dombrowski'],['epicore'],30,2,85,0.35,0.4,0.06,-17.27,0.01,0.818,0.11,0,0.032,4,0.0602,0.0,0.0,0.0,0.0,0.0,0.0,1,25
330,3j7VbHWftihT70fBSvT9Aa,"freaks_but_slowed,_muffled_echo","freaks_but_slowed,_muffled_echo",2021-05-27,Dazel_Ukuto,[],['slowed and reverb'],0,10,145,0.39,0.34,0.19,-27.1,0.48,0.727,0.11,1,0.048,4,0.187,0.0,0.0,0.0,0.0,0.0,0.0,1,24
334,0H3NQ8M9eL2DoLWBFt3IPU,Hometown_Slow,Hometown_Slow,2021-06-18,Abyss_Sounds,[],['slowed and reverb'],58,7,78,0.43,0.43,0.23,-10.66,0.6,0.71,0.34,0,0.035,4,0.225,0.0,0.0,0.0,0.0,0.0,0.0,1,7
336,1OU2GUqWHfKGVPtJQnWKkt,Sadwave,Beats_Vol.2,2020-01-17,MISERY,[],[],0,1,180,0.26,0.39,0.04,-14.79,0.53,0.828,0.08,1,0.031,3,0.0368,0.0,0.0,0.0,0.0,0.0,0.0,1,16
337,0Bho4m1xtF0Np8nH1JwXlO,I_m_Only_a_Fool_for_You,I&#039;m_Only_a_Fool_for_You,2021-10-26,Dybbukk,[],"['sad lo-fi', 'slowed and reverb', 'sped up']",0,8,71,0.32,0.63,0.37,-7.65,0.03,0.535,0.44,1,0.046,4,0.367,0.0,0.0,0.0,0.0,0.0,0.0,1,7
339,0AUyNF6iFxMNQsNx2nhtrw,Blood_//_Water,Blood_//_Water,2018-05-04,grandson,[],"['modern alternative rock', 'modern rock', 'pov: indie', 'rock']",76,8,154,0.88,0.51,0.65,-5.66,0.0,0.002,0.08,0,0.159,4,0.653,0.0,0.0,0.0,1.0,0.0,0.0,1,2
344,1dC459M55edeKPG6d1f1GX,Halloween_Kills_(Main_Title),Halloween_Kills_(Original_Motion_Picture_Soundtrack),2021-10-15,John_Carpenter,"['Cody_Carpenter', 'Daniel_Davies']",['horror synth'],37,6,136,0.23,0.47,0.04,-14.15,0.96,0.979,0.11,0,0.032,5,0.0394,0.0,0.0,0.0,0.0,0.0,0.0,1,27
346,6r7ULK6c5CLVvImjTIztl1,Floor_555,?,2018-03-16,XXXTENTACION,[],"['emo rap', 'miami hip hop']",73,9,105,0.69,0.69,0.35,-8.15,0.0,0.002,0.36,0,0.048,4,0.354,1.0,0.0,0.0,1.0,1.0,0.0,1,21
351,1PWOkqMORYdGa0OEh2GaXM,Notti_In_Bianco,Blu_Celeste,2021-09-09,BLANCO,[],"['italian hip hop', 'italian pop']",65,6,75,0.79,0.6,0.69,-3.24,0.36,0.0,0.1,1,0.042,4,0.693,0.0,0.0,0.0,1.0,0.0,0.0,1,7
352,6uTAqPbEPg37s1r9MRg21Q,Almighty_Push,Almighty_Push,2021-01-24,KMusic_BeatZ,[],[],0,7,180,0.63,0.35,0.08,-10.78,0.02,0.002,0.43,1,0.115,4,0.0767,0.0,0.0,0.0,0.0,0.0,0.0,1,4
354,0M5igzLuVkGfr76ezrAZI3,Face_Off,ASIN9NE,2021-10-08,Tech_N9ne,"['Joey_Cool', 'King_Iso', 'Dwayne_Johnson']",['kansas city hip hop'],48,8,164,0.93,0.68,0.39,-4.0,0.18,0.0,0.21,1,0.248,4,0.387,0.0,0.0,0.0,0.0,0.0,0.0,1,2
356,5de9Ho64dovuQI8Uhn5gPD,I_Don_t_Wanna_Do_This_Anymore,Revenge,2017-05-16,XXXTENTACION,[],"['emo rap', 'miami hip hop']",79,4,114,0.78,0.43,0.76,-7.68,0.84,0.0,0.14,1,0.041,4,0.764,1.0,0.0,0.0,1.0,1.0,0.0,1,8
361,2naBVHNHinneXOYmczG7xE,Killing_Strangers,The_Pale_Emperor,2015-01-19,Marilyn_Manson,[],"['alternative metal', 'hard rock', 'industrial', 'industrial metal', 'industrial rock', 'nu metal', 'post-grunge', 'rock']",60,5,60,0.55,0.59,0.51,-5.95,0.01,0.0,0.13,1,0.038,4,0.511,0.0,0.0,0.0,1.0,0.0,0.0,1,19
366,1x3Qb8np6S1UvpSLthwEJN,MI_FAI_IMPAZZIRE,MI_FAI_IMPAZZIRE,2021-06-17,BLANCO,['Sfera_Ebbasta'],"['italian hip hop', 'italian pop']",70,11,170,0.84,0.48,0.2,-4.87,0.0,0.0,0.14,1,0.046,4,0.203,0.0,0.0,0.0,1.0,0.0,0.0,1,12
369,6FCWM1nmcM5fEPgS2EUAtB,CRIMINALE,FLOP,2021-10-01,Salmo,[],"['italian hip hop', 'italian pop', 'italian underground hip hop', 'rap sardegna']",50,7,160,0.78,0.71,0.68,-5.24,0.0,0.0,0.15,1,0.095,4,0.681,1.0,0.0,0.0,1.0,1.0,0.0,1,2
371,4uX7M3U4I1nsZ7SFM4XNCn,Kings_Never_Die,Southpaw_(Music_From_And_Inspired_By_The_Motion_Picture),2015-07-24,Eminem,['Gwen_Stefani'],"['detroit hip hop', 'hip hop', 'rap']",63,4,113,0.9,0.77,0.06,-5.29,0.03,0.0,0.2,0,0.129,3,0.0593,1.0,0.0,0.0,1.0,1.0,0.0,1,8
372,0Yhc7yL95DZhHjJQbkNZpB,I_m_Never_Enough,I_m_Never_Enough,2021-09-13,Ghostyboy,[],[],47,2,104,0.48,0.32,0.41,-12.06,0.64,0.009,0.15,1,0.036,4,0.406,0.0,0.0,0.0,0.0,0.0,0.0,1,29
380,267NGliXM8YLVZiKAD9Otm,De_Museo,De_Museo,2021-07-06,Bad_Bunny,[],"['reggaeton', 'trap latino', 'urbano latino']",68,4,132,0.49,0.59,0.23,-10.62,0.24,0.0,0.13,0,0.075,4,0.231,0.0,0.0,0.0,0.0,0.0,0.0,1,27
381,5HCyWlXZPP0y6Gqq8TgA20,STAY_(with_Justin_Bieber),STAY_(with_Justin_Bieber),2021-07-09,The_Kid_LAROI,['Justin_Bieber'],['australian hip hop'],88,1,170,0.76,0.59,0.48,-5.48,0.04,0.0,0.1,1,0.048,4,0.478,0.0,0.0,0.0,0.0,0.0,0.0,1,12
383,2K22nUTdyr48JDwI5t906t,Relax,Welcome_To_The_Pleasuredome,1984-10-20,Frankie_Goes_To_Hollywood,[],"['dance rock', 'hi-nrg', 'new romantic', 'new wave', 'new wave pop', 'synthpop']",75,11,115,0.69,0.68,0.69,-13.39,0.33,0.0,0.05,0,0.039,4,0.691,0.0,0.0,0.0,0.0,0.0,0.0,1,3
387,2gQYziDV5cSTRSqr6akzi5,Take_A_Step_Back,You_Will_Regret_(Reloaded),2018-02-02,Ski_Mask_The_Slump_God,['XXXTENTACION'],"['hip hop', 'miami hip hop', 'pop rap', 'rap', 'trap', 'underground hip hop']",74,6,117,0.59,0.8,0.75,-8.81,0.11,0.0,0.43,1,0.271,4,0.747,0.0,0.0,0.0,1.0,0.0,1.0,1,3
388,658I1uDnmLSiltFCf98AWE,RIP_Roach,Revenge,2017-05-16,XXXTENTACION,['Ski_Mask_The_Slump_God'],"['emo rap', 'miami hip hop']",77,8,105,0.62,0.73,0.56,-6.44,0.4,0.0,0.09,1,0.306,4,0.555,1.0,0.0,0.0,1.0,1.0,0.0,1,21
390,2S2KuxanBtLEfR9ckyCAjC,Idgaf,Idgaf,2021-01-01,Zero_Pandas,['Really_Slow_Motion'],[],0,0,180,0.77,0.28,0.13,-4.67,0.08,0.925,0.12,0,0.086,3,0.134,0.0,0.0,0.0,0.0,0.0,0.0,1,4
392,0WsNwZkpnX7zHi0I8kePfX,Положение_(2_Remix),Положение_(2_Remix),2020-06-23,Dior,[],[],0,11,113,0.39,0.77,0.21,-13.45,0.62,0.0,0.08,0,0.053,4,0.212,0.0,0.0,0.0,0.0,0.0,0.0,1,3
401,4pR15uGk0c6RnFcJVAR4Ns,Farewell,Furious_7_(Original_Motion_Picture_Score),2015-03-31,Brian_Tyler,[],"['orchestral soundtrack', 'scorecore', 'soundtrack']",34,10,160,0.19,0.32,0.07,-25.32,0.69,0.87,0.08,1,0.039,4,0.0685,0.0,0.0,0.0,0.0,0.0,0.0,1,24
404,0eXeqGXAnF028500sPYvbY,Hell_s_Carol,Hell_s_Carol,2018-12-25,Hopsin,[],['conscious hip hop'],52,7,185,0.79,0.56,0.43,-5.95,0.17,0.0,0.16,0,0.304,3,0.431,0.0,0.0,0.0,0.0,0.0,0.0,1,4
405,7qbs4ZjVVJdSlYTUEk1x84,Good_Life_(with_G-Eazy_&_Kehlani),The_Fate_of_the_Furious:_The_Album,2017-04-14,G-Eazy,['Kehlani'],"['indie pop rap', 'oakland hip hop', 'pop rap', 'rap']",53,1,168,0.78,0.57,0.54,-5.21,0.01,0.0,0.06,1,0.233,4,0.54,0.0,0.0,0.0,1.0,0.0,0.0,1,12
406,3KwmKQfn3BXTFVCy0nvPgE,Hey_Ma_(with_J_Balvin_&_Pitbull_feat._Camila_Cabello),The_Fate_of_the_Furious:_The_Album,2017-04-14,J_Balvin,"['Pitbull', 'Camila_Cabello']","['reggaeton', 'reggaeton colombiano', 'trap latino', 'urbano latino']",24,7,106,0.95,0.71,0.57,-2.96,0.02,0.0,0.12,1,0.108,4,0.571,0.0,0.0,0.0,0.0,0.0,0.0,1,21
409,6gkm8eZDBIEu7VFEZbkcFx,ROADRUNNER_+,-_TRAGEDY_+,2020-03-06,$NOT,[],"['aesthetic rap', 'cloud rap', 'florida rap', 'underground hip hop']",62,1,180,0.54,0.72,0.59,-7.04,0.2,0.0,0.06,1,0.455,4,0.589,0.0,0.0,0.0,0.0,0.0,0.0,1,4
414,13pPMF0wN7r19IU8vV2igc,E_Fumo_Ancora_-_Acoustic_Version,Ogni_maledetto_giorno_(Inferno_Edition),2018-05-11,Mostro,['Ultimo'],"['italian hip hop', 'italian pop']",56,0,184,0.56,0.48,0.28,-10.31,0.83,0.0,0.1,0,0.438,4,0.282,1.0,0.0,0.0,1.0,1.0,0.0,1,4
417,6FwJj7uwhZ1vrBlDZvMLZk,"Is_You_Ready_-_From_""Mile_22""","Is_You_Ready_(From_""Mile_22"")",2018-08-17,Migos,[],"['atl hip hop', 'hip hop', 'rap', 'trap']",53,2,178,0.73,0.74,0.24,-3.42,0.18,0.0,0.09,1,0.379,4,0.243,0.0,0.0,0.0,1.0,0.0,0.0,1,4
419,7dYgzrhdIIjTQTvUjlrWxa,Occhi_Lucidi,Occhi_Lucidi,2020-12-10,Leon_Faun,['Duffy'],['italian hip hop'],46,2,186,0.54,0.7,0.83,-6.4,0.26,0.0,0.12,0,0.21,3,0.834,0.0,0.0,0.0,1.0,0.0,0.0,1,4
422,4ylL1oPx1rY1yFivslLFOR,VOCE,MADAME,2021-03-18,Madame,[],"['italian adult pop', 'italian hip hop', 'italian pop', 'trap italiana']",0,8,113,0.83,0.61,0.34,-5.47,0.1,0.0,0.16,1,0.067,4,0.341,0.0,0.0,0.0,1.0,0.0,0.0,1,14
424,5i12eplaUT5pPE5iC6B2FZ,"Bam_Bam_Twist_(feat._Gow_Tribe,_Frenetik&Orang3)",1969_-_Achille_Idol_Rebirth,2020-09-25,Achille_Lauro,"['Gow_Tribe', 'Frenetik&Orang3']","['italian adult pop', 'italian hip hop', 'italian pop']",59,2,160,0.89,0.57,0.49,-4.32,0.0,0.0,0.15,1,0.054,4,0.487,0.0,0.0,0.0,1.0,0.0,0.0,1,2
425,5g3lnGtMq0m30T6xHElZqJ,Cioilflow_(feat._Salmo)_-_prod._Strage,Scusate,2020-04-30,Dani_Faiv,['Salmo'],['italian hip hop'],35,7,157,0.54,0.86,0.87,-8.35,0.71,0.0,0.1,0,0.439,4,0.866,0.0,0.0,0.0,1.0,0.0,1.0,1,2
433,21pk7rsFoQESMSuBi8FVYr,Per_favore,Low_Profile,2020-03-20,Nyv,[],['italian pop'],57,11,133,0.32,0.49,0.29,-11.08,0.63,0.0,0.13,1,0.113,4,0.289,0.0,0.0,0.0,1.0,0.0,0.0,1,27
437,2xOpS11DZsce3hAtgVaI2u,Suicide_Note,Suicide_Note,2020-12-01,Jurrivh,[],[],50,2,74,0.12,0.36,0.19,-24.52,0.96,0.918,0.15,1,0.034,4,0.187,0.0,0.0,0.0,0.0,0.0,0.0,1,15
438,7eVlExNXOnlsxDZMOZklmA,La_vita_dopo_la_notte.,Tenebra_è_la_notte_e_altri_racconti_di_buio_e_crepuscoli,2019-02-01,Murubutu,[],"['indie rock italiano', 'italian underground hip hop']",40,11,180,0.75,0.62,0.57,-6.19,0.07,0.0,0.27,0,0.312,4,0.57,0.0,0.0,1.0,1.0,0.0,0.0,1,4
441,49DdXiItBP3JnoSGB1tJHe,COMETE_(Prod._Sick_Luke)_(feat._Side_Baby),UFO,2019-06-21,Zoda,"['Sick_Luke', 'Side_Baby']",['italian hip hop'],29,8,115,0.67,0.69,0.45,-5.98,0.25,0.0,0.34,1,0.164,4,0.445,1.0,0.0,0.0,1.0,1.0,0.0,1,14
445,1v7L65Lzy0j0vdpRjJewt1,Lose_Yourself,Just_Lose_It,2004-01-01,Eminem,[],"['detroit hip hop', 'hip hop', 'rap']",84,2,171,0.73,0.69,0.06,-4.62,0.01,0.001,0.34,1,0.264,4,0.0596,1.0,0.0,0.0,1.0,1.0,0.0,1,12
446,1OQvBmFIU7dBjEVmywNNpO,Where_Did_U_Go,Broken_Teen_Girl,2020-07-14,SADNESS(SNDS),[],[],0,5,122,0.49,0.48,0.48,-16.07,0.53,0.0,0.7,0,0.075,4,0.48,0.0,0.0,0.0,0.0,0.0,0.0,1,28
447,1Wh5LO3TWAvaeDrwp4FZgo,King,Revenge,2017-05-16,XXXTENTACION,[],"['emo rap', 'miami hip hop']",69,0,100,0.15,0.42,0.09,-12.4,0.1,0.007,0.21,1,0.032,4,0.0949,1.0,0.0,0.0,1.0,1.0,0.0,1,29
449,58bRZqUPWnpop0WC9ob5wJ,Boogieman_(feat._Salmo),DNA,2020-05-29,Ghali,['Salmo'],"['italian hip hop', 'italian pop', 'milan indie']",0,1,112,0.72,0.8,0.35,-7.84,0.09,0.0,0.09,1,0.07,4,0.35,0.0,0.0,0.0,1.0,0.0,0.0,1,8
451,2MaUwANhrU6KF8AK71ezsX,Tessa,Transformers:_Age_of_Extinction_(Music_from_the_Motion_Picture)_-_EP,2014-06-30,Steve_Jablonsky,[],"['epicore', 'soundtrack']",59,4,120,0.27,0.2,0.05,-14.95,0.86,0.794,0.07,1,0.037,4,0.0454,0.0,0.0,0.0,0.0,0.0,0.0,1,28
455,5y8J4IyOtS7rqObDO4ZzV8,Abracadabra,Era_Tutto_Un_Sogno,2012-11-13,Ensi,[],"['italian hip hop', 'italian underground hip hop']",19,11,75,0.8,0.5,0.74,-4.46,0.09,0.0,0.31,0,0.367,3,0.741,0.0,0.0,0.0,1.0,0.0,0.0,1,7
459,74AUYWVS1AfcVgEF28vE7O,La_Belva,La_Belva,2020-10-26,Mostro,['Prod_by_Enemies'],"['italian hip hop', 'italian pop']",37,10,85,0.34,0.51,0.11,-14.72,0.29,0.0,0.1,0,0.474,4,0.107,1.0,0.0,0.0,1.0,1.0,0.0,1,25
463,1AM8QdDFZMq6SrrqUnuQ9P,Feeling_Good,It_s_Time,2005-02-08,Michael_Bublé,[],"['adult standards', 'canadian pop', 'jazz pop', 'lounge']",75,1,115,0.55,0.54,0.48,-6.51,0.53,0.0,0.12,1,0.037,3,0.477,0.0,0.0,0.0,0.0,0.0,0.0,1,8
466,4dfy1Pij4jFFefoamgnoOF,You_re_Special,Perception,2017-10-06,NF,[],"['hip hop', 'pop rap']",60,5,120,0.3,0.68,0.04,-10.65,0.21,0.0,0.1,0,0.063,4,0.0421,1.0,0.0,0.0,1.0,1.0,0.0,1,28
469,3qWZuhWi4lsHa7jUwhqfMr,Can_t_Lie,Can_t_Lie,2018-01-17,Ali_Gatie,[],['canadian hip hop'],62,7,132,0.41,0.8,0.38,-10.63,0.87,0.0,0.09,1,0.078,4,0.377,0.0,0.0,0.0,0.0,0.0,0.0,1,27
470,3i5qVV8azKqGFK4Gzdt5YS,If_You_Want_Love,Perception,2017-10-06,NF,[],"['hip hop', 'pop rap']",76,0,116,0.39,0.55,0.24,-10.22,0.66,0.0,0.12,1,0.132,1,0.245,1.0,0.0,0.0,1.0,1.0,0.0,1,8
473,4UJoAdTMnqxQHKWKLLQpvK,Chiasso,Chiasso,2019-05-27,Random,[],[],56,6,92,0.45,0.72,0.46,-13.29,0.25,0.0,0.1,0,0.192,4,0.46,0.0,0.0,0.0,0.0,0.0,0.0,1,25
475,4CALLtGlZBwdpfQvMQvhH2,Nobody_Cares,Nobody_Cares,2018-03-05,Kina,[],['sad lo-fi'],0,4,100,0.16,0.66,0.08,-15.62,0.72,0.73,0.28,0,0.04,4,0.0833,0.0,0.0,0.0,0.0,0.0,0.0,1,29
478,7wZouvvfGB4wpZDC3RMM0w,Autodistruzione,Autodistruzione,2016-07-04,Luca_J,[],[],24,0,118,0.54,0.8,0.39,-13.19,0.33,0.0,0.09,0,0.279,4,0.386,0.0,0.0,0.0,0.0,0.0,1.0,1,28
479,1Mf27cnAF1Q6Ko83XTM5d1,Glitter_&_Gold,The_Attractions_Of_Youth,2017-09-29,Barns_Courtney,[],['modern alternative rock'],72,8,170,0.62,0.49,0.35,-5.11,0.37,0.0,0.23,1,0.04,4,0.351,0.0,0.0,0.0,0.0,0.0,0.0,1,12
483,64yrDBpcdwEdNY9loyEGbX,21_Guns,21st_Century_Breakdown,2009-05-15,Green_Day,[],"['modern rock', 'permanent wave', 'punk', 'rock']",77,5,160,0.74,0.27,0.42,-4.94,0.05,0.0,0.63,1,0.035,4,0.416,0.0,0.0,0.0,1.0,0.0,0.0,1,2
490,489ISAoWFOki5f4BiSZPBO,Te_lo_prometto_-_Acoustic_Version,Te_lo_prometto_(Acoustic_Version),2020-09-02,Il_Tre,[],"['italian hip hop', 'italian pop']",37,10,116,0.59,0.7,0.76,-6.49,0.82,0.0,0.28,0,0.037,4,0.762,0.0,0.0,0.0,1.0,0.0,0.0,1,14
491,6NI585VyhHdHAh6xAAETVl,Luce_(Tramonti_A_Nord_Est)_(feat._La_rappresentante_di_lista),Luce_(Tramonti_A_Nord_Est)_(feat._La_rappresentante_di_lista),2020-02-05,Rancore,['La_rappresentante_di_lista'],"['italian hip hop', 'italian underground hip hop']",42,5,185,0.79,0.42,0.77,-5.26,0.09,0.0,0.15,1,0.086,4,0.773,1.0,0.0,0.0,1.0,1.0,0.0,1,4
492,10y452DRiLSzDQAcX2Ek2j,Oh_Cacchio,Oh_Cacchio,2019-11-29,Leon_Faun,['Duffy'],['italian hip hop'],54,7,100,0.69,0.8,0.6,-11.43,0.23,0.0,0.15,1,0.319,4,0.604,0.0,0.0,0.0,1.0,0.0,0.0,1,29
495,4hsncV3bzuB83dBJcnSCBl,Straight_Out_the_Gate,Something_Else,2013-07-30,Tech_N9ne,"['Krizz_Kaliko', 'Serj_Tankian']",['kansas city hip hop'],55,1,164,0.75,0.56,0.17,-6.25,0.02,0.0,0.65,1,0.06,4,0.169,0.0,0.0,0.0,0.0,0.0,0.0,1,12
496,6NJQpFNkDCMaRBogIi9sOI,Bellbottoms,Orange,1994-10-14,The_Jon_Spencer_Blues_Explosion,[],"['blues rock', 'garage rock', 'punk blues']",58,2,162,0.88,0.31,0.43,-3.26,0.01,0.205,0.25,1,0.215,4,0.435,0.0,0.0,0.0,0.0,0.0,0.0,1,2
499,30kY0saQlvZ6tAJWhlDf6h,My_Darling,Relapse:_Refill,2009-05-15,Eminem,[],"['detroit hip hop', 'hip hop', 'rap']",55,4,171,0.79,0.51,0.46,-6.59,0.32,0.0,0.27,1,0.449,4,0.456,1.0,0.0,0.0,1.0,1.0,0.0,1,12
501,1tF7RL54zjHSy0N2qEQLDY,"I_miss_you,_I’m_sorry","I_miss_you,_I’m_sorry",2020-04-08,Gracie_Abrams,[],['alt z'],0,7,110,0.45,0.62,0.16,-6.1,0.73,0.0,0.13,1,0.048,4,0.161,0.0,0.0,0.0,0.0,0.0,0.0,1,21
505,28A3iZqvnja68TAakWktvg,Addio,Fosse_Per_Lei,2018-06-22,Blue_Virus,['Jack_Sapienza'],['italian hip hop'],0,1,72,0.75,0.64,0.54,-4.5,0.36,0.0,0.1,0,0.341,4,0.535,0.0,0.0,0.0,1.0,0.0,0.0,1,7
506,6l75Og7UcnKVqM14tGhjD6,Not_Afraid,Recovery_(Deluxe_Edition),2010-06-21,Eminem,[],"['detroit hip hop', 'hip hop', 'rap']",50,0,115,0.95,0.85,0.68,-1.19,0.53,0.0,0.2,0,0.241,5,0.676,1.0,0.0,0.0,1.0,1.0,0.0,1,8
509,7FIWs0pqAYbP91WWM0vlTQ,Godzilla_(feat._Juice_WRLD),Music_To_Be_Murdered_By,2020-01-17,Eminem,['Juice_WRLD'],"['detroit hip hop', 'hip hop', 'rap']",85,10,166,0.74,0.81,0.83,-5.26,0.14,0.0,0.29,0,0.342,4,0.829,1.0,0.0,0.0,1.0,1.0,0.0,1,2
510,7lQ8MOhq6IN2w8EYcFNSUk,Without_Me,The_Eminem_Show,2002-05-26,Eminem,[],"['detroit hip hop', 'hip hop', 'rap']",91,7,112,0.67,0.91,0.66,-2.83,0.0,0.0,0.24,1,0.074,4,0.662,1.0,0.0,0.0,1.0,1.0,0.0,1,14
511,0uq5cbQmpGciCLEveRDEdX,Eden_(feat._Dardust),Eden_(feat._Dardust),2020-02-06,Rancore,['Dardust'],"['italian hip hop', 'italian underground hip hop']",40,6,111,0.78,0.5,0.64,-6.1,0.2,0.0,0.11,1,0.14,4,0.641,1.0,0.0,0.0,1.0,1.0,0.0,1,21
522,68NkKKdN3IrL3CDgT8FDoV,Rambo_5:_Last_Blood_-_Old_Town_Road,Rambo_5:_Last_Blood_-_Old_Town_Road,2019-08-23,Norman_Dück,[],[],9,8,130,0.11,0.64,0.08,-18.72,0.95,0.91,0.12,0,0.042,4,0.0798,0.0,0.0,0.0,0.0,0.0,0.0,1,27
523,7wOqBOryVGD3nqDUihDSwL,Rumors,Rumors,2017-04-26,NEFFEX,[],[],71,8,75,0.71,0.67,0.52,-8.4,0.06,0.0,0.43,1,0.115,4,0.516,0.0,0.0,0.0,0.0,0.0,0.0,1,7
524,4xkOaSrkexMciUUogZKVTS,Till_I_Collapse,The_Eminem_Show,2002-05-26,Eminem,['Nate_Dogg'],"['detroit hip hop', 'hip hop', 'rap']",88,1,171,0.85,0.55,0.1,-3.24,0.06,0.0,0.08,1,0.186,4,0.1,1.0,0.0,0.0,1.0,1.0,0.0,1,12
528,5ht2X2DkG7DjOHm6z3Q42P,Where_s_My_Love_(feat._Lily_Kershaw)_-_French_Version,Where_s_My_Love,2017-07-07,SYML,['Lily_Kershaw'],['modern indie pop'],0,0,104,0.2,0.43,0.15,-12.98,0.92,0.008,0.11,0,0.031,4,0.148,0.0,0.0,0.0,0.0,0.0,0.0,1,29
529,7uvM5HZ2coIxRTzKApj1AH,No_Words,Numb,2020-05-22,Dotan,[],['folk-pop'],40,11,136,0.52,0.71,0.38,-10.27,0.28,0.009,0.1,0,0.07,4,0.38,0.0,0.0,0.0,0.0,0.0,0.0,1,27
531,5DhDQ4uXAIwnA65vfwa523,La_città,Sinceramente_Mostro,2020-03-03,Mostro,[],"['italian hip hop', 'italian pop']",55,4,132,0.42,0.67,0.42,-10.25,0.6,0.0,0.1,1,0.276,4,0.425,1.0,0.0,0.0,1.0,1.0,0.0,1,27
535,5obhTUmmNGVDIVnvudBHaU,Estate_dimmerda,Estate_dimmerda,2017-07-21,Salmo,[],"['italian hip hop', 'italian pop', 'italian underground hip hop', 'rap sardegna']",48,1,174,0.72,0.65,0.79,-8.03,0.1,0.0,0.07,1,0.364,4,0.787,1.0,0.0,0.0,1.0,1.0,0.0,1,12
538,0y1QJc3SJVPKJ1OvFmFqe6,Way_down_We_Go,A/B,2016-06-10,KALEO,[],"['icelandic indie', 'icelandic rock', 'modern alternative rock']",84,10,163,0.51,0.49,0.34,-8.02,0.58,0.0,0.1,0,0.117,4,0.337,0.0,0.0,0.0,0.0,0.0,0.0,1,2
539,3jLk18JaCL9sFo9xSDup4A,changes,?_(Deluxe),2019-09-06,XXXTENTACION,[],"['emo rap', 'miami hip hop']",44,11,65,0.31,0.67,0.52,-10.07,0.88,0.0,0.1,1,0.029,4,0.52,1.0,0.0,0.0,1.0,1.0,0.0,1,19
540,3arKLum0IMREFOSq3OkpaF,Na_Na_Na,Na_Na_Na,2019-10-26,Holden,[],"['italian hip hop', 'italian pop', 'pop virale italiano']",59,10,54,0.63,0.5,0.53,-7.94,0.39,0.0,0.36,0,0.276,4,0.532,0.0,0.0,0.0,1.0,0.0,0.0,1,19
541,1Gn0lG7qzuYLT1Jyj3EUDq,BLACK_WIDOW_(Prod._Sick_Luke),UFO,2019-06-21,Zoda,['Sick_Luke'],['italian hip hop'],32,10,113,0.68,0.71,0.38,-8.78,0.74,0.007,0.57,0,0.051,3,0.379,1.0,0.0,0.0,1.0,1.0,0.0,1,3
543,2xLMifQCjDGFmkHkpNLD9h,SICKO_MODE,ASTROWORLD,2018-08-03,Travis_Scott,[],"['hip hop', 'rap', 'slap house']",86,8,155,0.73,0.83,0.45,-3.71,0.01,0.0,0.12,1,0.222,4,0.446,0.0,0.0,0.0,1.0,0.0,0.0,1,2
544,4NhDYoQTYCdWHTvlbGVgwo,GOOBA,GOOBA,2020-05-08,6ix9ine,[],['emo rap'],4,1,178,0.69,0.61,0.39,-5.69,0.03,0.0,0.25,1,0.341,4,0.393,0.0,0.0,0.0,1.0,0.0,0.0,1,4
552,3NbUodf22jk2RC1j69XZiv,Paolo_e_Francesca,Infernum,2020-03-31,Claver_Gold,"['Murubutu', 'Giuliano_Palma']","['italian hip hop', 'italian underground hip hop']",0,10,170,0.74,0.55,0.34,-7.26,0.26,0.0,0.12,0,0.341,4,0.345,0.0,0.0,0.0,1.0,0.0,0.0,1,12
557,3f4fc8c8unrQeKecmUPEDR,Warriors,Warriors,2020-01-10,League_of_Legends,"['2WEI', 'Edda_Hayes']","['speedrun', 'video game music']",72,1,185,0.48,0.14,0.04,-10.14,0.1,0.0,0.1,0,0.048,3,0.0412,0.0,0.0,0.0,0.0,0.0,0.0,1,4
560,0tMSssfxAL2oV8Vri0mFHE,listen_before_i_go,"WHEN_WE_ALL_FALL_ASLEEP,_WHERE_DO_WE_GO?",2019-03-29,Billie_Eilish,[],"['art pop', 'electropop', 'pop']",79,0,80,0.06,0.32,0.08,-23.02,0.94,0.004,0.39,1,0.045,3,0.082,1.0,0.0,0.0,1.0,1.0,0.0,1,15
561,0RHfoNu48a4zLXW9AS609n,UNA_FAVOLA,UNA_FAVOLA,2020-05-01,Zoda,[],['italian hip hop'],0,8,77,0.64,0.48,0.56,-7.72,0.44,0.0,0.16,1,0.262,4,0.561,1.0,0.0,0.0,1.0,1.0,0.0,1,7
564,696DnlkuDOXcMAnKlTgXXK,ROXANNE,ROXANNE,2019-10-10,Arizona_Zervas,[],"['pop rap', 'rhode island rap']",80,6,117,0.6,0.62,0.46,-5.62,0.05,0.0,0.46,0,0.148,5,0.457,0.0,0.0,0.0,1.0,0.0,0.0,1,14
569,73SpzrcaHk0RQPFP73vqVR,No_Time_To_Die,No_Time_To_Die,2020-02-13,Billie_Eilish,[],"['art pop', 'electropop', 'pop']",79,4,74,0.22,0.38,0.05,-13.27,0.92,0.01,0.08,0,0.036,4,0.0517,1.0,0.0,0.0,1.0,1.0,0.0,1,7
570,41zXlQxzTi6cGAjpOXyLYH,idontwannabeyouanymore,dont_smile_at_me,2017-12-22,Billie_Eilish,[],"['art pop', 'electropop', 'pop']",83,7,170,0.41,0.48,0.25,-8.46,0.74,0.0,0.12,1,0.04,3,0.247,1.0,0.0,0.0,1.0,1.0,0.0,1,12
571,4UKCKdYiLN6IMA5ZESUTL7,the_remedy_for_a_broken_heart_(why_am_I_so_in_love),?,2018-03-16,XXXTENTACION,[],"['emo rap', 'miami hip hop']",79,1,120,0.3,0.7,0.27,-11.19,0.78,0.001,0.14,1,0.099,4,0.271,1.0,0.0,0.0,1.0,1.0,0.0,1,28
577,7iQM9DQUFKUSNjVt8GQZV2,Toss_A_Coin_To_Your_Witcher,Toss_A_Coin_To_Your_Witcher,2020-01-22,Sonya_Belousova,"['Giona_Ostinelli', 'Joey_Batey']",['soundtrack'],59,5,103,0.42,0.47,0.48,-9.47,0.92,0.0,0.14,0,0.03,4,0.481,0.0,0.0,0.0,0.0,0.0,0.0,1,29
582,6CcJMwBtXByIz4zQLzFkKc,i_love_you,"WHEN_WE_ALL_FALL_ASLEEP,_WHERE_DO_WE_GO?",2019-03-29,Billie_Eilish,[],"['art pop', 'electropop', 'pop']",82,0,137,0.13,0.42,0.12,-18.43,0.95,0.005,0.11,1,0.038,4,0.12,1.0,0.0,0.0,1.0,1.0,0.0,1,27
593,40YcuQysJ0KlGQTeGUosTC,"Me,_Myself_&_I",When_It_s_Dark_Out,2015-12-04,G-Eazy,['Bebe_Rexha'],"['indie pop rap', 'oakland hip hop', 'pop rap', 'rap']",80,0,112,0.67,0.76,0.39,-6.52,0.02,0.0,0.16,0,0.096,4,0.389,0.0,0.0,0.0,1.0,0.0,0.0,1,8
595,0VeoSHlgashtg5JYPJjl15,Stronger,Pressure,2019-02-01,The_Score,[],"['modern alternative rock', 'pov: indie']",62,2,192,0.67,0.27,0.11,-4.69,0.02,0.0,0.31,0,0.081,3,0.114,0.0,0.0,0.0,0.0,0.0,0.0,1,4
597,4ZLzoOkj0MPWrTLvooIuaa,Get_You_The_Moon_(feat._Snøw),Get_You_The_Moon_(feat._Snøw),2018-10-08,Kina,['Snøw'],['sad lo-fi'],81,1,119,0.23,0.5,0.09,-16.54,0.72,0.0,0.14,0,0.188,4,0.0895,0.0,0.0,0.0,0.0,0.0,0.0,1,28
599,3ZCTVFBt2Brf31RLEnCkWJ,everything_i_wanted,everything_i_wanted,2019-11-13,Billie_Eilish,[],"['art pop', 'electropop', 'pop']",87,6,120,0.23,0.7,0.24,-14.45,0.9,0.657,0.11,0,0.099,4,0.243,1.0,0.0,0.0,1.0,1.0,0.0,1,28
604,0bqrFwY1HixfnusFxhYbDl,Die_in_This_Town,Act_IV:_Awake,2018-03-27,The_Seige,[],"['bossbeat', 'cali rap']",59,5,65,0.75,0.69,0.59,-4.56,0.01,0.0,0.32,1,0.274,4,0.594,0.0,0.0,0.0,0.0,0.0,0.0,1,19
606,1K8w9NI0YTMut0YtTuzZw4,Kill_Myself,Stay_the_Same,2017-08-14,Lil_Happy_Lil_Sad,['Kuroime'],"['cloud rap', 'emo rap']",45,8,112,0.66,0.64,0.56,-9.25,0.19,0.001,0.13,1,0.026,4,0.556,0.0,0.0,0.0,1.0,0.0,0.0,1,3
612,5FkOlv0W1nBqs3mgbksZa4,whatever_it_takes,whatever_it_takes,2018-08-04,convolk,"['halberd', 'guardin', 'Jakkyboí', '9tails']","['cloud rap', 'emo rap', 'melodic rap']",0,11,108,0.55,0.71,0.35,-6.8,0.4,0.0,0.12,1,0.032,4,0.349,0.0,0.0,0.0,1.0,0.0,0.0,1,21
615,0cItyj95uqYjvYGchMLzIh,Тает_лёд,Тает_лёд,2017-03-10,Грибы,[],"['hard bass', 'russian hip hop', 'ukrainian hip hop']",61,0,120,0.38,0.94,0.52,-12.78,0.17,0.015,0.09,1,0.16,4,0.517,0.0,0.0,0.0,0.0,0.0,0.0,1,28
616,2mumY7rLurSxmnWIC1PCtc,Straight_Out_the_Gate:_(The_Scott_Stevens_Remix)_-_Bonus_Track,Strangeulation_(Deluxe_Edition),2014-05-06,Tech_N9ne_Collabos,"['Serj_Tankian', 'John_5', 'Krizz_Kaliko']","['country rap', 'kansas city hip hop']",55,9,164,0.87,0.56,0.43,-5.74,0.0,0.0,0.51,1,0.044,4,0.433,0.0,0.0,0.0,0.0,0.0,0.0,1,2
617,2zYzyRzz6pRmhPzyfMEC8s,Highway_to_Hell,Highway_to_Hell,1979-07-27,AC/DC,[],"['australian rock', 'hard rock', 'rock']",88,6,116,0.91,0.57,0.42,-4.79,0.06,0.002,0.16,0,0.133,4,0.423,0.0,0.0,0.0,1.0,0.0,0.0,1,14
619,43zdsphuZLzwA9k4DJhU0I,when_the_party_s_over,"WHEN_WE_ALL_FALL_ASLEEP,_WHERE_DO_WE_GO?",2019-03-29,Billie_Eilish,[],"['art pop', 'electropop', 'pop']",86,4,83,0.11,0.37,0.2,-14.08,0.98,0.0,0.09,1,0.097,4,0.198,1.0,0.0,0.0,1.0,1.0,0.0,1,25
625,7wGoVu4Dady5GV0Sv4UIsx,rockstar,rockstar,2017-09-15,Post_Malone,['21_Savage'],"['dfw rap', 'melodic rap', 'pop', 'rap']",1,5,160,0.52,0.58,0.12,-6.59,0.13,0.0,0.14,0,0.098,4,0.119,0.0,0.0,0.0,1.0,0.0,0.0,1,2
626,0iRKVjfQzpr41T3WsU7shl,Lento,Lento,2019-06-07,Boro,"['Don_Joe', 'MamboLosco']","['italian hip hop', 'italian pop']",65,8,182,0.86,0.65,0.81,-5.8,0.38,0.0,0.23,0,0.225,4,0.812,0.0,0.0,0.0,1.0,0.0,0.0,1,4
628,3r4joW9z1wNxs6fjGdH07A,Calicanto,Lupo_di_Hokkaido,2019-05-24,Claver_Gold,['Kintsugi'],"['italian hip hop', 'italian underground hip hop']",40,8,130,0.45,0.82,0.22,-11.96,0.07,0.0,0.11,1,0.132,4,0.22,0.0,0.0,0.0,1.0,0.0,0.0,1,27
629,07WZiii3438ia3OLnv4nqW,Tu_che_ne_sai_(feat._Zoda),Tu_che_ne_sai_(feat._Zoda),2019-07-12,NASKA,['Zoda'],['emo rap italiano'],43,5,160,0.63,0.5,0.31,-7.58,0.07,0.0,0.35,1,0.066,4,0.313,0.0,0.0,0.0,0.0,0.0,1.0,1,2
640,3lFmTbM3PVxVbXVqluKS2H,Centro_asociale,Musica_per_bambini,2018-06-01,Rancore,[],"['italian hip hop', 'italian underground hip hop']",2,7,117,0.89,0.64,0.65,-4.41,0.03,0.0,0.16,1,0.324,4,0.646,1.0,0.0,0.0,1.0,1.0,0.0,1,14
641,1V3d2He1QMfPka2i7zKjuN,Depressissimo,Musica_per_bambini,2018-06-01,Rancore,[],"['italian hip hop', 'italian underground hip hop']",3,1,110,0.95,0.66,0.43,-4.74,0.06,0.0,0.33,0,0.201,4,0.433,1.0,0.0,0.0,1.0,1.0,0.0,1,8
646,6m1hYbfABsUSL3c7QFRBxB,Without_Me,Covers,2018-10-27,Alec_Chambers,[],[],59,11,136,0.26,0.61,0.34,-12.6,0.8,0.0,0.42,0,0.048,4,0.344,1.0,0.0,0.0,1.0,1.0,0.0,1,27
649,2ZXLWqcJmiiJbSL2cpbHxB,Questo_pianeta,Musica_per_bambini,2018-06-01,Rancore,[],"['italian hip hop', 'italian underground hip hop']",2,2,114,0.85,0.46,0.11,-5.76,0.09,0.0,0.08,1,0.236,4,0.111,1.0,0.0,0.0,1.0,1.0,0.0,1,8
650,3TMiMdMdu02HaqOqkEvWdp,Kill_Yourself_(Part_III),My_Liver_Will_Handle_What_My_Heart_Can_t,2015-09-21,$uicideboy$,[],"['cloud rap', 'dark trap', 'new orleans rap', 'underground hip hop']",0,5,106,0.68,0.75,0.2,-7.13,0.34,0.0,0.47,0,0.037,4,0.195,0.0,0.0,0.0,0.0,0.0,0.0,1,21
652,30mENdmFqJznwNa7WNJmVX,Le_tre_di_notte,"The_Illest,_Vol._2",2019-04-26,Mostro,[],"['italian hip hop', 'italian pop']",52,5,114,0.55,0.64,0.43,-11.19,0.74,0.0,0.12,1,0.05,4,0.434,1.0,0.0,0.0,1.0,1.0,0.0,1,3
657,3JnQth6rdt2s9PXtHQMW1E,The_Way,The_Way,2011-06-30,Zack_Hemsey,[],['epicore'],0,5,123,0.45,0.25,0.11,-11.94,0.04,0.933,0.09,0,0.049,4,0.114,0.0,0.0,0.0,0.0,0.0,0.0,1,28
658,6MzED1Sd1Dg6icRjK9NX9E,La_vita_dopo_la_notte,Tenebra_è_la_notte_ed_altri_racconti_di_buio_e_crepuscoli,2019-02-01,Murubutu,[],"['indie rock italiano', 'italian underground hip hop']",0,11,180,0.75,0.62,0.57,-6.19,0.07,0.0,0.27,0,0.312,4,0.57,0.0,0.0,1.0,1.0,0.0,0.0,1,4
666,0I3KHmf0DpAo0JovNmbLbc,Non_voglio_morire,Non_voglio_morire,2018-12-18,Mostro,[],"['italian hip hop', 'italian pop']",27,2,108,0.64,0.64,0.35,-11.01,0.91,0.0,0.1,1,0.226,3,0.348,1.0,0.0,0.0,1.0,1.0,0.0,1,29
676,01TnVDiet1DFTsyWKUKovl,NUMB,?,2018-03-16,XXXTENTACION,[],"['emo rap', 'miami hip hop']",76,11,160,0.42,0.41,0.2,-8.02,0.1,0.179,0.13,0,0.025,4,0.196,1.0,0.0,0.0,1.0,1.0,0.0,1,2
677,16x9bQHw8TBNaGDyULvwad,before_I_close_my_eyes,?,2018-03-16,XXXTENTACION,[],"['emo rap', 'miami hip hop']",70,9,76,0.14,0.36,0.33,-15.15,0.98,0.0,0.11,1,0.039,4,0.334,1.0,0.0,0.0,1.0,1.0,0.0,1,7
679,3ee8Jmje8o58CHK66QrVC2,SAD!,?,2018-03-16,XXXTENTACION,[],"['emo rap', 'miami hip hop']",84,8,75,0.61,0.74,0.47,-4.88,0.26,0.004,0.12,1,0.145,4,0.473,1.0,0.0,0.0,1.0,1.0,0.0,1,7
681,7AFASza1mXqntmGtbxXprO,changes,?,2018-03-16,XXXTENTACION,[],"['emo rap', 'miami hip hop']",81,11,65,0.31,0.67,0.52,-10.07,0.88,0.0,0.1,1,0.029,4,0.52,1.0,0.0,0.0,1.0,1.0,0.0,1,19
688,4Yr7z1MFiI2D3QnldF107i,PERDONAMI,Playlist,2018-11-09,Salmo,[],"['italian hip hop', 'italian pop', 'italian underground hip hop', 'rap sardegna']",59,6,77,0.74,0.7,0.61,-4.72,0.07,0.0,0.09,1,0.272,4,0.606,1.0,0.0,0.0,1.0,1.0,0.0,1,7
690,6Jv6R1QvVm2CuCbqLi1nAT,PXM,Playlist,2018-11-09,Salmo,[],"['italian hip hop', 'italian pop', 'italian underground hip hop', 'rap sardegna']",44,7,160,0.66,0.68,0.54,-9.09,0.12,0.0,0.21,1,0.108,4,0.536,1.0,0.0,0.0,1.0,1.0,0.0,1,2
693,6YVXITGuhhZsqad7Bv3FoK,Losing_Your_Memory,11:59_(Deluxe),2010-08-02,Ryan_Star,[],[],45,8,115,0.37,0.26,0.35,-10.46,0.56,0.0,0.11,1,0.032,5,0.353,0.0,0.0,0.0,0.0,0.0,0.0,1,3
