,artist_id,artist_name,artist_followers,artist_popularity,alternative,altro,ambient,blues,christian music,comedy,country,disco,electronic,emo,folk,funk,grunge,hip hop,indie,industrial,jazz,latin,metal,new wave,pop,punk,r&b,reggae,rock,show tunes,singer-songwriter,soul,soundtrack,video game music,world,worship,cluster
1,7LbEDjJKrmWoMcN3OpaNnR,Daniel Pemberton,82553,66,0,0,0,0,0,0,0,0,0,0,0,0,0,0,0,0,0,0,0,0,0,0,0,0,0,0,0,0,1,0,0,0,3
4,7tmMPdOmFvdRvbj2aWoiRi,Jovanotti,2498993,60,0,0,0,0,0,0,0,0,0,0,0,0,0,0,0,0,0,0,0,0,1,0,0,0,0,0,0,0,0,0,0,0,0
5,0qts5zYDAeK8dBmrdF2Zwq,Drillionaire,38575,69,0,0,0,0,0,0,0,0,0,0,0,0,0,1,0,0,0,0,0,0,0,0,0,0,0,0,0,0,0,0,0,0,1
6,62C5P1caRIK12ndTkzNJjA,Noemi,576737,54,0,0,0,0,0,0,0,0,0,0,0,0,0,0,0,0,0,0,0,0,1,0,0,0,0,0,0,0,0,0,0,0,0
7,0jdNdfi4vAuVi7a6cPDFBM,Lazza,1664070,75,0,0,0,0,0,0,0,0,0,0,0,0,0,1,0,0,0,0,0,0,1,0,0,0,0,0,0,0,0,0,0,0,8
8,1AgAVqo74e2q4FVvg0xpT7,Tedua,1502740,74,0,0,0,0,0,0,0,0,0,0,0,0,0,1,1,0,0,0,0,0,1,0,0,0,0,0,0,0,0,0,0,0,6
9,40LhqyLxAdaQBBXZ1P8Ga9,Treyarch,55212,36,0,1,0,0,0,0,0,0,0,0,0,0,0,0,0,0,0,0,0,0,0,0,0,0,0,0,0,0,0,0,0,0,5
10,6qFEVczpjXakMuKcI5BBdc,Malukah,99394,46,0,0,0,0,0,0,0,0,0,0,0,0,0,0,0,0,0,0,0,0,0,0,0,0,0,0,0,0,1,0,0,0,3
11,0ttsFiIQxBWmfS1JPgTZ6o,Jack Wall,37974,47,0,1,0,0,0,0,0,0,0,0,0,0,0,0,0,0,0,0,0,0,0,0,0,0,0,0,0,0,0,0,0,0,5
12,6HYyeW4R4oZbUvkjG7t3qH,Owsey,25383,43,0,0,0,0,0,0,0,0,1,0,0,0,0,0,0,0,0,0,0,0,0,0,0,0,0,0,0,0,0,0,0,0,2
13,3hBQ4zniNdQf1cqqo6hzuW,Salmo,2390569,67,0,0,0,0,0,0,0,0,0,0,0,0,0,1,0,0,0,0,0,0,1,0,0,0,0,0,0,0,0,0,0,0,8
14,5SulO4l40qDuV9zUGLZx7n,Capo Plaza,3596713,71,0,0,0,0,0,0,0,0,0,0,0,0,0,1,0,0,0,0,0,0,1,0,0,0,0,0,0,0,0,0,0,0,8
15,7dGJo4pcD2V6oG8kP0tJRR,Eminem,74697576,88,0,0,0,0,0,0,0,0,0,0,0,0,0,1,0,0,0,0,0,0,0,0,0,0,0,0,0,0,0,0,0,0,1
16,3q7HBObVc0L8jNeTe5Gofh,50 Cent,11988639,81,0,0,0,0,0,0,0,0,0,0,0,0,0,1,0,0,0,0,0,0,1,0,0,0,0,0,0,0,0,0,0,0,8
17,1Oa0bMld0A3u5OTYfMzp5h,Nate Dogg,1468544,74,0,0,0,0,0,0,0,0,0,0,0,1,0,1,0,0,0,0,0,0,0,0,0,0,0,0,0,0,0,0,0,0,1
18,7zPS3i8YJBNeDcqXUHfCMr,AVA,55570,65,0,0,0,0,0,0,0,0,0,0,0,0,0,1,0,0,0,0,0,0,0,0,0,0,0,0,0,0,0,0,0,0,1
19,7K80yOTC0Id95gRaOxDG5u,ANNA,222083,69,0,0,0,0,0,0,0,0,0,0,0,0,0,1,0,0,0,0,0,0,1,0,0,0,0,0,0,0,0,0,0,0,8
20,2ye2Wgw4gimLv2eAKyk1NB,Metallica,25530191,80,0,0,0,0,0,0,0,0,0,0,0,0,0,0,0,0,0,0,1,0,0,0,0,0,1,0,0,0,0,0,0,0,4
21,5H4yInM5zmHqpKIoMNAx4r,Central Cee,3660521,82,0,0,0,0,0,0,0,0,0,0,0,0,0,1,0,0,0,0,0,0,0,0,0,0,0,0,0,0,0,0,0,0,1
22,0iEtIxbK0KxaSlF7G42ZOp,Metro Boomin,5248915,88,0,0,0,0,0,0,0,0,0,0,0,0,0,1,0,0,0,0,0,0,0,0,0,0,0,0,0,0,0,0,0,0,1
23,1zNqQNIdeOUZHb8zbZRFMX,Swae Lee,1773634,81,0,0,0,0,0,0,0,0,0,0,0,0,0,1,0,0,0,0,0,0,0,0,0,0,0,0,0,0,0,0,0,0,1
24,7rkW85dBwwrJtlHRDkJDAC,NAV,3354748,75,0,0,0,0,0,0,0,0,0,0,0,0,0,1,0,0,0,0,0,0,0,0,0,0,0,0,0,0,0,0,0,0,1
25,31W5EY0aAly4Qieq6OFu6I,A Boogie Wit da Hoodie,7605591,80,0,0,0,0,0,0,0,0,0,0,0,0,0,1,0,0,0,0,0,0,0,0,0,0,0,0,0,0,0,0,0,0,1
26,6n9sdNb7mWvVmARDT6ujnJ,Memphis Cult,43038,54,0,0,0,0,0,0,0,0,0,0,0,0,0,1,0,0,0,0,0,0,0,0,0,0,0,0,0,0,0,0,0,0,1
27,1dQwH3oZGmOTF94MzOwZY8,NEXNCLXUD,348,36,0,0,0,0,0,0,0,0,0,0,0,0,0,1,0,0,0,0,0,0,0,0,0,0,0,0,0,0,0,0,0,0,1
28,5y8tKLUfMvliMe8IKamR32,d4vd,1509885,77,0,0,0,0,0,0,0,0,0,0,0,0,0,0,0,0,0,0,0,0,1,0,1,0,0,0,0,0,0,0,0,0,0
29,5gCRApTajqwbnHHPbr2Fpi,Juicy J,3109879,72,0,0,0,0,0,0,0,0,0,0,0,0,0,1,0,0,0,0,0,0,1,0,0,0,0,0,0,0,0,0,0,0,8
30,137W8MRPWKqSmrBGDBFSop,Wiz Khalifa,11150889,79,0,0,0,0,0,0,0,0,0,0,0,0,0,1,0,0,0,0,0,0,1,0,0,0,0,0,0,0,0,0,0,0,8
31,7c0XG5cIJTrrAgEC3ULPiq,Ty Dolla $ign,4696639,78,0,0,0,0,0,0,0,0,0,0,0,0,0,1,0,0,0,0,0,0,1,0,1,0,0,0,0,0,0,0,0,0,8
32,3qnMl4DHT4gndzFAcG4FlM,Kill The Noise,420282,53,0,0,0,0,0,0,0,0,1,0,0,0,0,0,0,0,0,0,0,0,0,0,0,0,0,0,0,0,0,0,0,0,2
34,6FAo7ORAHEzSSf5q10LLfN,Lil Mabu,608151,69,0,0,0,0,0,1,0,0,0,0,0,0,0,0,0,0,0,0,0,0,0,0,0,0,0,0,0,0,0,0,0,0,5
35,7bPs6jf983f0bjRAt1yxDM,Patrick Watson,598000,68,0,0,0,0,0,0,0,0,0,0,1,0,0,0,1,0,0,0,0,0,0,0,0,0,0,0,0,0,0,0,0,0,4
36,15UsOTVnJzReFVN1VCnxy4,XXXTENTACION,42524801,84,0,0,0,0,0,0,0,0,0,1,0,0,0,1,0,0,0,0,0,0,0,0,0,0,0,0,0,0,0,0,0,0,1
37,5CE2IfdYZEQGIDsfiRm8SI,DJ Shadow,571518,61,0,0,0,0,0,0,0,0,1,0,0,0,0,1,0,0,0,0,0,0,0,0,0,0,0,0,0,0,0,0,0,0,2
38,0Mz5XE0kb1GBnbLQm2VbcO,Mos Def,1384506,62,0,0,0,0,0,0,0,0,0,0,0,0,0,1,0,0,0,0,0,0,0,0,0,0,0,0,0,0,0,0,0,0,1
39,1t20wYnTiAT0Bs7H1hv9Wt,EDEN,970743,58,0,0,0,0,0,0,0,0,0,0,0,0,0,0,0,0,0,0,0,0,1,0,0,0,0,0,0,0,0,0,0,0,0
40,1xsYReh7zhty26wD4tprKh,Chris Nolan,15681,55,0,0,0,0,0,0,0,0,0,0,0,0,0,1,0,0,0,0,0,0,0,0,0,0,0,0,0,0,0,0,0,0,1
41,2hlmm7s2ICUX0LVIhVFlZQ,Gunna,5646271,84,0,0,0,0,0,0,0,0,0,0,0,0,0,1,0,0,0,0,0,0,0,0,0,0,0,0,0,0,0,0,0,0,1
44,6fOMl44jA4Sp5b9PpYCkzz,NF,8782623,79,0,0,0,0,0,0,0,0,0,0,0,0,0,1,0,0,0,0,0,0,1,0,0,0,0,0,0,0,0,0,0,0,8
45,46SHBwWsqBkxI7EeeBEQG7,Kodak Black,9565164,80,0,0,0,0,0,0,0,0,0,0,0,0,0,1,0,0,0,0,0,0,0,0,0,0,0,0,0,0,0,0,0,0,1
46,0ErzCpIMyLcjPiwT4elrtZ,NLE Choppa,6525569,79,0,0,0,0,0,0,0,0,0,0,0,0,0,1,0,0,0,0,0,0,0,0,0,0,0,0,0,0,0,0,0,0,1
47,1oSPZhvZMIrWW5I41kPkkY,Jimin,6254473,83,0,0,0,0,0,0,0,0,0,0,0,0,0,0,0,0,0,0,0,0,1,0,0,0,0,0,0,0,0,0,0,0,0
48,164Uj4eKjl6zTBKfJLFKKK,JVKE,2851921,78,0,0,0,0,0,0,0,0,0,0,0,0,0,0,1,0,0,0,0,0,1,0,0,0,0,0,1,0,0,0,0,0,6
49,7tjVFCxJdwT4NdrTmjyjQ6,Muni Long,274932,72,0,0,0,0,0,0,0,0,0,0,0,0,0,0,0,0,0,0,0,0,0,0,1,0,0,0,0,0,0,0,0,0,5
50,1lpOgw56wZLDa8gaP6bSIs,Fast & Furious: The Fast Saga,60279,75,0,0,0,0,0,0,0,0,0,0,0,0,0,0,0,0,0,0,0,0,0,0,0,0,0,0,0,0,1,0,0,0,3
51,2bdcBjvuI9worc472GbeU0,Samuel Kim,304089,61,0,0,1,0,0,0,0,0,0,0,0,0,0,0,0,0,0,0,0,0,0,0,0,0,0,0,0,0,0,0,0,0,5
55,0qT79UgT5tY4yudH9VfsdT,Sum 41,3625992,70,0,0,0,0,0,0,0,0,0,0,0,0,0,0,0,0,0,0,1,0,1,1,0,0,1,0,0,0,0,0,0,0,0
56,2RDOrhPqAM4jzTRCEb19qX,Sheck Wes,1475938,62,0,0,0,0,0,0,0,0,0,0,0,0,0,1,0,0,0,0,0,0,1,0,0,0,0,0,0,0,0,0,0,0,8
57,03r4iKL2g2442PT9n2UKsx,Beastie Boys,2583632,68,0,0,0,0,0,0,0,0,0,0,0,0,0,1,0,0,0,0,0,0,0,0,0,0,1,0,0,0,0,0,0,0,1
58,14uo609t1MvRGZcskySt9R,SXMPRA,190970,65,0,0,0,0,0,0,0,0,0,0,0,0,0,1,0,0,0,0,0,0,0,0,0,0,0,0,0,0,0,0,0,0,1
59,5spEJXLwD1sKUdC2bnOHPg,Bone Thugs-N-Harmony,2777071,64,0,0,0,0,0,0,0,0,0,0,0,0,0,1,0,0,0,0,0,0,0,0,0,0,0,0,0,0,0,0,0,0,1
60,5dPBeuSKtu5vLz1Et8YSVv,Mostro,396251,55,0,0,0,0,0,0,0,0,0,0,0,0,0,1,0,0,0,0,0,0,1,0,0,0,0,0,0,0,0,0,0,0,8
61,5tBnK7LvBMgvkXuePtfywp,lowlow,462391,44,0,0,0,0,0,0,0,0,0,0,0,0,0,1,1,0,0,0,0,0,1,0,0,0,0,0,0,0,0,0,0,0,6
62,4b3MWJACM6T1QwGKoFe7pp,Vegas Jones,937032,54,0,0,0,0,0,0,0,0,0,0,0,0,0,1,0,0,0,0,0,0,0,0,0,0,0,0,0,0,0,0,0,0,1
63,0eDvMgVFoNV3TpwtrVCoTj,Pop Smoke,12783189,79,0,0,0,0,0,0,0,0,0,0,0,0,0,1,0,0,0,0,0,0,0,0,0,0,0,0,0,0,0,0,0,0,1
64,0A0FS04o6zMoto8OKPsDwY,YG,3138373,72,0,0,0,0,0,0,0,0,0,0,0,0,0,1,0,0,0,0,0,0,1,0,0,0,0,0,0,0,0,0,0,0,8
65,5me0Irg2ANcsgc93uaYrpb,The Notorious B.I.G.,9130500,76,0,0,0,0,0,0,0,0,0,0,0,0,0,1,0,0,0,0,0,0,0,0,0,0,0,0,0,0,0,0,0,0,1
67,33NVpKoXjItPwUJTMZIOiY,David Kushner,1160938,77,0,0,0,0,0,0,0,0,0,0,0,0,0,0,0,0,0,0,0,0,0,0,0,0,0,0,1,0,0,0,0,0,5
68,27LlKWxS3KXW7RRAxN5S8s,Geolier,1342359,74,0,0,0,0,0,0,0,0,0,0,0,0,0,1,0,0,0,0,0,0,1,0,0,0,0,0,0,0,0,0,0,0,8
69,5AZuEF0feCXMkUCwQiQlW7,Marracash,2147321,71,0,0,0,0,0,0,0,0,0,0,0,0,0,1,0,0,0,0,0,0,1,0,0,0,0,0,0,0,0,0,0,0,8
70,7cnrSIu2CDgWOMnfQEx0Pg,Linea 77,62432,31,1,0,0,0,0,0,0,0,0,0,0,1,0,0,0,0,0,0,0,0,0,1,0,0,0,0,0,0,0,0,0,0,5
71,2KXYAKQTxHuUHDtVgeGn6w,Slait,38060,50,0,0,0,0,0,0,0,0,0,0,0,0,0,1,0,0,0,0,0,0,0,0,0,0,0,0,0,0,0,0,0,0,1
73,49SLNYRfTi1p9R38NooZKS,SLF,86489,53,0,0,0,0,0,0,0,0,0,0,0,0,0,1,0,0,0,0,0,0,0,0,0,0,0,0,0,0,0,0,0,0,1
74,0QqmgpgI0C1DyyDk49vnxY,MV Killa,186968,60,0,0,0,0,0,0,0,0,0,0,0,0,0,1,0,0,0,0,0,0,0,0,0,0,0,0,0,0,0,0,0,0,1
75,6CKch2otN4SPznHf9ms5JF,Tony Effe,333250,68,0,0,0,0,0,0,0,0,0,0,0,0,0,1,0,0,0,0,0,0,0,0,0,0,0,0,0,0,0,0,0,0,1
76,6iBOcuDTJKItKor6YfzZa9,Hard Rock Sofa,43328,28,0,0,0,0,0,0,0,0,1,0,0,0,0,0,0,0,0,0,0,0,0,0,0,0,0,0,0,0,0,0,0,0,2
77,06cLuOP0p7VAnBnqil1eWX,Swanky Tunes,92138,42,0,0,0,0,0,0,0,0,1,0,0,0,0,0,0,0,0,0,0,0,1,0,0,0,0,0,0,0,0,0,0,0,9
78,06O23tLg0or676h8EEzH7W,Pastel Ghost,335096,63,0,0,0,0,0,0,0,0,1,0,0,0,0,0,0,0,0,0,0,0,0,0,0,0,0,0,0,0,0,0,0,0,2
79,2K5nCggbhSZ00YCYP5qkZS,Shiva,1538986,74,0,0,0,0,0,0,0,0,0,0,0,0,0,1,0,0,0,0,0,0,1,0,0,0,0,0,0,0,0,0,0,0,8
80,24eDfi2MSYo3A87hCcgpIL,Ludwig Göransson,197957,69,0,0,0,0,0,0,0,0,0,0,0,0,0,0,0,0,0,0,0,0,0,0,0,0,0,0,0,0,1,0,0,0,3
81,3RThWxnHbyN5Hvkr66eYj7,Busiswa,266788,53,0,0,0,0,0,0,0,0,1,0,0,0,0,0,0,0,0,0,0,0,1,0,0,0,0,0,0,1,0,0,0,0,9
85,25x6MD0spNNS7z93Sat30K,Arisa,377128,47,0,0,0,0,0,0,0,0,0,0,0,0,0,0,0,0,0,0,0,0,1,0,0,0,0,0,0,0,0,0,0,0,0
87,7tmTvmqgTBcX88ZrSHByrD,Nayt,502752,60,0,0,0,0,0,0,0,0,0,0,0,0,0,1,0,0,0,0,0,0,0,0,0,0,0,0,0,0,0,0,0,0,1
88,5K92J8NwWAlu6fRN2uoHVN,3D,8843,58,0,0,0,0,0,0,0,0,0,0,0,0,0,1,0,0,0,0,0,0,0,0,0,0,0,0,0,0,0,0,0,0,1
90,0XK6kT7xcZAlcYrNjOgzJe,Carla Morrison,3829087,70,0,0,0,0,0,0,0,0,0,0,0,0,0,0,0,0,0,0,0,0,1,0,0,0,0,0,0,0,0,0,0,0,0
91,1Xyo4u8uXC1ZmMpatF05PJ,The Weeknd,69134783,94,0,0,0,0,0,0,0,0,0,0,0,0,0,0,0,0,0,0,0,0,1,0,1,0,0,0,0,0,0,0,0,0,0
92,1URnnhqYAYcrqrcwql10ft,21 Savage,14408363,89,0,0,0,0,0,0,0,0,0,0,0,0,0,1,0,0,0,0,0,0,0,0,0,0,0,0,0,0,0,0,0,0,1
93,4upwdFMlZBmQ68jP9jPzjK,Gemitaiz,2046408,65,0,0,0,0,0,0,0,0,0,0,0,0,0,1,0,0,0,0,0,0,0,0,0,0,0,0,0,0,0,0,0,0,1
94,20sxb77xiYeusSH8cVdatc,Meek Mill,7447641,72,0,0,0,0,0,0,0,0,0,0,0,0,0,1,0,0,0,0,0,0,1,0,0,0,0,0,0,0,0,0,0,0,8
95,5ZS223C6JyBfXasXxrRqOk,Jhené Aiko,6667328,74,0,0,0,0,0,0,0,0,0,0,0,0,0,0,0,0,0,0,0,0,0,0,1,0,0,0,0,0,0,0,0,0,5
96,4MCBfE4596Uoi2O4DtmEMz,Juice WRLD,30142085,86,0,0,0,0,0,0,0,0,0,0,0,0,0,1,0,0,0,0,0,0,0,0,0,0,0,0,0,0,0,0,0,0,1
98,3FBEsNyIwRnOHOf1Rv3SLa,Superstar Pride,54571,59,0,0,0,0,0,0,0,0,0,0,0,0,0,1,0,0,0,0,0,0,0,0,0,0,0,0,0,0,0,0,0,0,1
103,4hz8tIajF2INpgM0qzPJz2,Rainbow Kitten Surprise,987613,67,0,0,0,0,0,0,0,0,0,0,0,0,0,0,1,0,0,0,0,0,0,0,0,0,0,0,0,0,0,0,0,0,4
104,246dkjvS1zLTtiykXe5h60,Post Malone,41549158,89,0,0,0,0,0,0,0,0,0,0,0,0,0,1,0,0,0,0,0,0,1,0,0,0,0,0,0,0,0,0,0,0,8
105,7Ln80lUS6He07XvHI8qqHH,Arctic Monkeys,20945576,84,0,0,0,0,0,0,0,0,0,0,0,0,0,0,1,0,0,0,0,0,0,0,0,0,1,0,0,0,0,0,0,0,4
106,1iNqsUDUraNWrj00bqssQG,Dreamville,548739,67,0,0,0,0,0,0,0,0,0,0,0,0,0,1,0,0,0,0,0,0,1,0,0,0,0,0,0,0,0,0,0,0,8
107,6l3HvQ5sa6mXTsMTB19rO5,J. Cole,20940787,84,0,0,0,0,0,0,0,0,0,0,0,0,0,1,0,0,0,0,0,0,0,0,0,0,0,0,0,0,0,0,0,0,1
108,70gP6Ry4Uo0Yx6uzPIdaiJ,Bas,514722,65,0,0,0,0,0,0,0,0,0,0,0,0,0,1,0,0,0,0,0,0,1,0,0,0,0,0,0,0,0,0,0,0,8
109,2LiqbH7OhqP0yuaG8VL1wJ,Black Sherif,717712,58,0,0,0,0,0,0,0,0,0,0,0,0,0,0,0,0,0,0,0,0,1,0,0,0,0,0,0,0,0,0,1,0,0
111,0YC192cP3KPCRWx8zr8MfZ,Hans Zimmer,3427803,74,0,0,0,0,0,0,0,0,0,0,0,0,0,0,0,0,0,0,0,0,0,0,0,0,0,0,0,0,1,0,0,0,3
112,2M4eNCvV3CJUswavkhAQg2,James Newton Howard,318212,60,0,0,0,0,0,0,0,0,0,0,0,0,0,0,0,0,0,0,0,0,0,0,0,0,0,0,0,0,1,0,0,0,3
113,5IcR3N7QB1j6KBL8eImZ8m,ScHoolboy Q,4564796,70,0,0,0,0,0,0,0,0,0,0,0,0,0,1,0,0,0,0,0,0,1,0,0,0,0,0,0,0,0,0,0,0,8
114,2YZyLoL8N0Wb9xBt1NhZWg,Kendrick Lamar,24916090,87,0,0,0,0,0,0,0,0,0,0,0,0,0,1,0,0,0,0,0,0,0,0,0,0,0,0,0,0,0,0,0,0,1
117,3fMbdgg4jU18AjLCKBhRSm,Michael Jackson,28155708,80,0,0,0,0,0,0,0,0,0,0,0,0,0,0,0,0,0,0,0,0,0,0,1,0,0,0,0,1,0,0,0,0,5
118,4QQgXkCYTt3BlENzhyNETg,"Earth, Wind & Fire",3979279,71,0,0,0,0,0,0,0,1,0,0,0,1,0,0,0,0,1,0,0,0,0,0,0,0,0,0,0,1,0,0,0,0,5
119,3ZHU5AKrUmIPnCFfr82QER,1nonly,840309,69,0,0,0,0,0,0,0,0,0,0,0,0,0,1,0,0,0,0,0,0,0,0,0,0,0,0,0,0,0,0,0,0,1
120,1ZwdS5xdxEREPySFridCfh,2Pac,15890265,78,0,0,0,0,0,0,0,0,0,0,0,1,0,1,0,0,0,0,0,0,0,0,0,0,0,0,0,0,0,0,0,0,1
121,0NbfKEOTQCcwd6o7wSDOHI,The Game,4746516,70,0,0,0,0,0,0,0,0,0,0,0,0,0,1,0,0,0,0,0,0,1,0,0,0,0,0,0,0,0,0,0,0,8
122,17lzZA2AlOHwCwFALHttmp,2 Chainz,7964452,74,0,0,0,0,0,0,0,0,0,0,0,0,0,1,0,0,0,0,0,0,1,0,0,0,0,0,0,0,0,0,0,0,8
123,1sBkRIssrMs1AbVkOJbc7a,Rick Ross,6964241,74,0,0,0,0,0,0,0,0,0,0,0,0,0,1,0,0,0,0,0,0,0,0,0,0,0,0,0,0,0,0,0,0,1
124,3lxINiPO2Mtk6VqtUSd5t1,gIANMARIA,53435,46,0,0,0,0,0,0,0,0,0,1,0,0,0,0,0,0,0,0,0,0,1,0,0,0,0,0,0,0,0,0,0,0,0
125,5hKGLu4Ik88FzWcTPhWNTN,INTERWORLD,407761,72,0,0,0,0,0,0,0,0,0,0,0,0,0,1,0,0,0,0,0,0,0,0,0,0,0,0,0,0,0,0,0,0,1
127,1VPmR4DJC1PlOtd0IADAO0,$uicideboy$,5837374,83,0,0,0,0,0,0,0,0,0,0,0,0,0,1,0,0,0,0,0,0,0,0,0,0,0,0,0,0,0,0,0,0,1
128,5dXlc7MnpaTeUIsHLVe3n4,Coez,2055870,65,0,0,0,0,0,0,0,0,0,0,0,0,0,1,1,0,0,0,0,0,1,0,0,0,0,0,0,0,0,0,0,0,6
129,7yntSJ6uojO3z6GFUVwhAW,CORPSE,2309953,67,0,0,0,0,0,0,0,0,0,0,0,0,0,0,1,0,0,0,0,0,0,0,0,0,0,0,0,0,0,0,0,0,4
130,5KKpBU5eC2tJDzf0wmlRp2,RAYE,956590,74,0,0,0,0,0,0,0,0,0,0,0,0,0,0,0,0,0,0,0,0,1,0,1,0,0,0,0,0,0,0,0,0,0
131,12Zk1DFhCbHY6v3xep2ZjI,070 Shake,475478,71,0,0,0,0,0,0,0,0,0,0,0,0,0,1,0,0,0,0,0,0,0,0,0,0,0,0,0,0,0,0,0,0,1
133,05brE7yGJDmIYlMirfSi0B,Federica Abbate,43616,50,0,0,0,0,0,0,0,0,0,0,0,0,0,0,1,0,0,0,0,0,1,0,0,0,0,0,0,0,0,0,0,0,6
135,00FQb4jTyendYWaN8pK0wa,Lana Del Rey,26356864,89,0,0,0,0,0,0,0,0,0,0,0,0,0,0,0,0,0,0,0,0,1,0,0,0,0,0,0,0,0,0,0,0,0
136,13ubrt8QOOCPljQ2FL1Kca,A$AP Rocky,12603771,81,0,0,0,0,0,0,0,0,0,0,0,0,0,1,0,0,0,0,0,0,0,0,0,0,0,0,0,0,0,0,0,0,1
137,0AepkoQhYvkjEzzwIcGxdV,Jacob Banks,497753,57,0,0,0,0,0,0,0,0,0,0,0,0,0,0,0,0,0,0,0,0,0,0,1,0,0,0,0,0,0,0,0,0,5
139,5EiDVD35ofoSKq1KE0jcs8,Izzamuzzic,99232,62,0,1,0,0,0,0,0,0,1,0,0,0,0,0,0,0,0,0,0,0,1,0,0,0,0,0,0,0,0,0,0,0,9
140,7e4AmALFiKR69Xra2EksPU,Julien Marchal,20868,62,0,1,0,0,0,0,0,0,0,0,0,0,0,0,0,0,0,0,0,0,0,0,0,0,0,0,0,0,0,0,0,0,5
141,6Lt6KFXX3P0v6vfrynQAMo,Beth Gibbons,90176,42,0,0,0,0,0,0,0,0,1,0,0,0,0,0,1,0,0,0,0,0,0,0,0,0,0,0,0,0,0,0,0,0,2
142,6VuMaDnrHyPL1p4EHjYLi7,Charlie Puth,20956391,81,0,1,0,0,0,0,0,0,0,0,0,0,0,0,0,0,0,0,0,0,1,0,0,0,0,0,0,0,0,0,0,0,0
143,0C8ZW7ezQVs4URX5aX7Kqx,Selena Gomez,44097202,82,0,0,0,0,0,0,0,0,0,0,0,0,0,0,0,0,0,0,0,0,1,0,0,0,0,0,0,0,0,0,0,0,0
144,1RyvyyTE3xzB2ZywiAwp0i,Future,14488701,88,0,0,0,0,0,0,0,0,0,0,0,0,0,1,0,0,0,0,0,0,0,0,0,0,0,0,0,0,0,0,0,0,1
145,7bXgB6jMjp9ATFy66eO08Z,Chris Brown,20184395,84,0,0,0,0,0,0,0,0,0,0,0,0,0,1,0,0,0,0,0,0,1,0,1,0,0,0,0,0,0,0,0,0,8
146,5y2Xq6xcjJb2jVM54GHK3t,John Legend,6540180,73,0,0,0,0,0,0,0,0,0,0,0,0,0,0,0,0,0,0,0,0,1,0,1,0,0,0,0,0,0,0,0,0,0
147,2xOp0rCDPAmYqnL2UFbaDY,Benjamin Wallfisch,22457,55,0,0,0,0,0,0,0,0,0,0,0,0,0,0,0,0,0,0,0,0,0,0,0,0,0,0,0,0,1,0,0,0,3
148,4MvZhE1iuzttcoyepkpfdF,ThxSoMch,249441,67,0,0,0,0,0,0,0,0,0,0,0,0,0,0,0,0,0,0,0,0,0,0,1,0,0,0,0,0,0,0,0,0,5
149,3iOvXCl6edW5Um0fXEBRXy,The xx,3902792,64,0,0,0,0,0,0,0,0,1,0,0,0,0,0,0,0,0,0,0,0,1,0,0,0,0,0,0,0,0,0,0,0,9
150,2VDZoCBGjxbHJbnzSX5nP6,Kxllswxtch,184974,67,0,0,0,0,0,0,0,0,0,0,0,0,0,1,0,0,0,0,0,0,0,0,0,0,0,0,0,0,0,0,0,0,1
151,2tqbdiza6tmlpAtKUZwhnE,DJ GUDOG,49690,63,0,0,0,0,0,0,0,0,0,0,0,0,0,1,0,0,0,0,0,0,0,0,0,0,0,0,0,0,0,0,0,0,1
152,55Aa2cqylxrFIXC767Z865,Lil Wayne,13882953,84,0,0,0,0,0,0,0,0,0,0,0,0,0,1,0,0,0,0,0,0,1,0,0,0,0,0,0,0,0,0,0,0,8
153,55K4ZKXWbobPadn69ghryV,xeta,245,1,0,0,0,0,0,0,0,0,0,0,0,0,0,0,0,0,0,0,0,0,0,0,0,1,0,0,0,0,0,0,0,0,7
155,12Chz98pHFMPJEknJQMWvI,Muse,7622237,74,0,0,0,0,0,0,0,0,0,0,0,0,0,0,0,0,0,0,0,0,0,0,0,0,1,0,0,0,0,0,0,0,4
156,7jVv8c5Fj3E9VhNjxT4snq,Lil Nas X,12467505,76,0,0,0,0,0,0,0,0,0,0,0,0,0,1,0,0,0,0,0,0,0,0,0,0,0,0,0,0,0,0,0,0,1
157,0QrUbsrL5imqntAfDl8i7q,Fred De Palma,1057842,62,0,0,0,0,0,0,0,0,0,0,0,0,0,0,0,0,0,0,0,0,1,0,0,0,0,0,0,0,0,0,0,0,0
159,5cj0lLjcoR7YOSnhnX0Po5,Doja Cat,25937556,84,0,0,0,0,0,0,0,0,0,0,0,0,0,0,0,0,0,0,0,0,1,0,0,0,0,0,0,0,0,0,0,0,0
160,7cYEt1pqMgXJdq00hAwVpT,Chase Atlantic,5332568,77,0,0,0,0,0,0,0,0,0,0,0,0,0,0,0,0,0,0,0,0,0,0,1,0,0,0,0,0,0,0,0,0,5
161,056KMTw6IztdQjBmFfVyO3,Rkomi,1353360,68,0,0,0,0,0,0,0,0,0,0,0,0,0,1,0,0,0,0,0,0,1,0,0,0,0,0,0,0,0,0,0,0,8
162,6QSOpFwMSqDj21HVu34Wm1,Xanemusic,77727,63,0,1,0,0,0,0,0,0,0,0,0,0,0,0,0,0,0,0,0,0,0,0,0,0,0,0,0,0,0,0,0,0,5
164,5xmZKWPhiMa6sD84Efjrh9,kevoxx,3527,47,0,1,0,0,0,0,0,0,0,0,0,0,0,0,0,0,0,0,0,0,0,0,0,0,0,0,0,0,0,0,0,0,5
165,6Htt1E5lJ37HjcEPsTdYPA,CanovA,3421,35,0,0,0,0,0,0,0,0,0,0,0,0,0,0,0,0,0,0,0,0,1,0,0,0,0,0,0,0,0,0,0,0,0
168,50JJSqHUf2RQ9xsHs0KMHg,Jon Bellion,1375118,65,0,0,0,0,0,0,0,0,0,0,0,0,0,0,0,0,0,0,0,0,1,0,0,0,0,0,0,0,0,0,0,0,0
169,2ifvIECHAlEgPMBuBOJ0lG,Bear McCreary,152231,59,0,0,0,0,0,0,0,0,0,0,0,0,0,0,0,0,0,0,0,0,0,0,0,0,0,0,0,0,1,0,0,0,3
170,2dB4ya2W1Gvng8gjWSPu2H,Eivør,218514,51,0,1,0,0,0,0,0,0,1,0,1,0,0,0,1,0,0,0,0,0,1,0,0,0,0,0,0,0,0,0,0,0,9
171,1Xn1GTJkWC9sRBzk9A8Jms,Cranio Randagio,101666,36,0,0,0,0,0,0,0,0,0,0,0,0,0,1,0,0,0,0,0,0,0,0,0,0,0,0,0,0,0,0,0,0,1
173,1rPf3UFQ9PzH7MafzfHTnG,TWISTED,50507,61,0,0,0,0,0,1,0,0,0,0,0,0,0,0,0,0,0,0,0,0,0,0,0,0,0,0,0,0,0,0,0,0,5
174,6TLwD7HPWuiOzvXEa3oCNe,Oliver Tree,2312795,73,0,0,0,0,0,0,0,0,0,0,0,0,0,1,0,0,0,0,0,0,0,0,0,0,0,0,0,0,0,0,0,0,1
177,19ra5tSw0tWufvUp8GotLo,George Michael,4362630,71,0,0,0,0,0,0,0,0,0,0,0,0,0,0,0,0,0,0,0,1,0,0,0,0,0,0,0,0,0,0,0,0,5
178,6Efw3k51CSEQAcUTOp6OXc,Mjhanks,27624,37,0,0,0,0,0,0,0,0,0,0,0,0,0,1,0,0,0,0,0,0,0,0,0,0,0,0,0,0,0,0,0,0,1
179,6dh80wUQJO3o7skEfOI7sU,Topher,40128,47,0,0,0,0,0,0,0,0,0,0,0,0,0,1,0,0,0,0,0,0,0,0,0,0,0,0,0,0,0,0,0,0,1
180,20js0lxMsFUHEwlmWTGqpL,The Marine Rapper,26255,38,0,0,0,0,0,0,0,0,0,0,0,0,0,1,0,0,0,0,0,0,0,0,0,0,0,0,0,0,0,0,0,0,1
182,1El4YQA8oCXX7ynFSxRTFq,Massimo Pericolo,496361,59,0,0,0,0,0,0,0,0,0,0,0,0,0,1,0,0,0,0,0,0,0,0,0,0,0,0,0,0,0,0,0,0,1
183,75VKfyoBlkmrJFDqo1o2VY,Fireboy DML,1919085,70,0,0,0,0,0,0,0,0,0,0,0,0,0,0,0,0,0,0,0,0,1,0,0,0,0,0,0,0,0,0,1,0,0
184,2SrSdSvpminqmStGELCSNd,Stormzy,2818655,71,0,0,0,0,0,0,0,0,0,0,0,0,0,1,0,0,0,0,0,0,0,0,0,0,0,0,0,0,0,0,0,0,1
185,396Jr76018oUMR6QBnqT8T,Cesare Cremonini,1108423,56,0,0,0,0,0,0,0,0,0,0,0,0,0,0,0,0,0,0,0,0,1,0,0,0,0,0,0,0,0,0,0,0,0
187,3t5xRXzsuZmMDkQzgOX35S,Robin Schulz,3089216,77,0,0,0,0,0,0,0,0,1,0,0,0,0,0,0,0,0,0,0,0,1,0,0,0,0,0,0,0,0,0,0,0,9
188,0XFgM33h3Ls5tj1M9IKUWd,Foudeqush,34984,52,0,0,0,0,0,0,0,0,0,0,0,0,0,0,0,0,0,0,0,0,0,0,1,0,0,0,0,0,0,0,0,0,5
189,3wcj11K77LjEY1PkEazffa,Burna Boy,6231305,78,0,0,0,0,0,0,0,0,0,0,0,0,0,1,0,0,0,0,0,0,1,0,0,1,0,0,0,0,0,0,1,0,7
190,7fw0E8WHdG3r9SuPBcGmWk,Sampa the Great,257602,48,0,1,0,0,0,0,0,0,0,0,0,0,0,1,0,0,0,0,0,0,0,0,1,0,0,0,0,0,1,0,0,0,3
191,26fSO7cYQ1Txtb8xNi8byv,Chef 187,44713,36,0,1,0,0,0,0,0,0,0,0,0,0,0,0,0,0,0,0,0,0,0,0,0,0,0,0,0,0,0,0,0,0,5
192,44vOrGC9wQuBCQIeBUNc1O,Tio Nason,1050,24,0,1,0,0,0,0,0,0,0,0,0,0,0,0,0,0,0,0,0,0,0,0,0,0,0,0,0,0,0,0,0,0,5
193,3BM1y5iZJFNwGFZC8ivubP,Mwanje,2109,26,0,0,0,0,0,0,0,0,0,0,0,0,0,0,0,0,0,0,0,0,0,0,1,0,0,0,0,0,0,0,0,0,5
194,1KQJOTeIMbixtnSWY4sYs2,Paky,835520,64,0,0,0,0,0,0,0,0,0,0,0,0,0,1,0,0,0,0,0,0,0,0,0,0,0,0,0,0,0,0,0,0,1
195,4FTMyLkoEE9oEUpCv3Dr4p,Briga,254479,37,0,0,0,0,0,0,0,0,0,0,0,0,0,0,0,0,0,0,0,0,1,0,0,0,0,0,0,0,0,0,0,0,0
196,3hN3iJMbbBmqBSAMx5veDa,Ultimo,3243273,67,0,0,0,0,0,0,0,0,0,0,0,0,0,0,0,0,0,0,0,0,1,0,0,0,0,0,0,0,0,0,0,0,0
198,4p5IspnsqtILeRtckOxumu,Il Tre,344065,52,0,0,0,0,0,0,0,0,0,0,0,0,0,1,0,0,0,0,0,0,1,0,0,0,0,0,0,0,0,0,0,0,8
200,7ajcXCqrSRoMtviBDVIjqn,Young Slash,52411,31,0,0,0,0,0,0,0,0,0,0,0,0,0,1,0,0,0,0,0,0,0,0,0,0,0,0,0,0,0,0,0,0,1
202,3RfIKCBcJ6Nb7OLrk2fV4S,KAYLER,14337,29,0,0,0,0,0,0,0,0,0,0,0,0,0,1,0,0,0,0,0,0,0,0,0,0,0,0,0,0,0,0,0,0,1
205,2wY79sveU1sp5g7SokKOiI,Sam Smith,22946189,83,0,0,0,0,0,0,0,0,0,0,0,0,0,0,0,0,0,0,0,0,1,0,0,0,0,0,0,0,0,0,0,0,0
206,3Xt3RrJMFv5SZkCfUE8C1J,Kim Petras,961030,75,0,0,0,0,0,0,0,0,0,0,0,0,0,0,0,0,0,0,0,0,1,0,0,0,1,0,0,0,0,0,0,0,0
207,6QrQ7OrISRYIfS5mtacaw2,Jaymes Young,886566,66,0,0,0,0,0,0,0,0,0,0,0,0,0,0,0,0,0,0,0,0,1,0,0,0,0,0,0,0,0,0,0,0,0
210,38wxcfNEqMwuPniHvplin5,Neoni,256969,66,0,0,0,0,0,0,0,0,0,0,0,0,0,0,0,0,0,0,0,0,0,0,1,0,0,0,0,0,0,0,0,0,5
211,73jlPRxT7z5xk29sMqFDjU,Tommee Profitt,204633,61,0,0,0,0,0,0,0,0,0,0,0,0,0,1,0,0,0,0,0,0,0,0,0,0,0,0,0,0,0,0,0,1,1
212,647D92XNDYTUt5A0idePJ4,Fleurie,271586,59,0,0,0,0,0,0,0,0,0,0,0,0,0,0,0,0,0,0,0,0,0,0,0,0,0,0,1,0,0,0,0,0,5
213,4Dp0vVy8BpziagOylB21Tp,Jung Youth,9032,47,0,0,0,0,0,0,0,0,0,0,0,0,0,1,0,0,0,0,0,0,0,0,0,0,0,0,0,0,0,0,0,0,1
214,2qAgO1fmg936BPG08NvxPk,Beacon Light,9854,50,0,0,0,0,0,0,0,0,0,0,0,0,0,1,0,0,0,0,0,0,0,0,0,0,0,0,0,0,0,0,0,0,1
216,63isdzBiMOaYkMiX6XddfB,Mezzosangue,257770,45,0,0,0,0,0,0,0,0,0,0,0,0,0,1,0,0,0,0,0,0,0,0,0,0,0,0,0,0,0,0,0,0,1
217,44TGR1CzjKBxSHsSEy7bi9,Woodkid,751512,57,0,0,0,0,0,0,0,0,0,0,0,0,0,0,0,0,0,0,0,0,1,0,0,0,0,0,0,0,0,0,0,0,0
218,19i93sA0D7yS9dYoVNBqAA,thasup,2173430,67,0,0,0,0,0,0,0,0,0,0,0,0,0,1,0,0,0,0,0,0,1,0,0,0,0,0,0,0,0,0,0,0,8
219,4jFlmD92WULLlaRS8Cj6QS,Francesca Michielin,705586,53,0,0,0,0,0,0,0,0,0,0,0,0,0,0,0,0,0,0,0,0,1,0,0,0,0,0,0,0,0,0,0,0,0
220,6XyY86QOPPrYVGvF9ch6wz,Linkin Park,24101105,83,0,0,0,0,0,0,0,0,0,0,0,0,0,0,0,0,0,0,1,0,0,0,0,0,1,0,0,0,0,0,0,0,4
221,3NPpFNZtSTHheNBaWC82rB,X Ambassadors,2914516,70,0,0,0,0,0,0,0,0,0,0,0,0,0,0,0,0,0,0,0,0,1,0,0,0,1,0,0,0,0,0,0,0,0
222,75dQReiBOHN37fQgWQrIAJ,Local Natives,638081,56,0,0,0,0,0,0,0,0,0,0,1,0,0,0,1,0,0,0,0,0,1,0,0,0,1,0,0,0,0,0,0,0,6
223,586uxXMyD5ObPuzjtrzO1Q,Sofi Tukker,699307,66,0,0,0,0,0,0,0,0,1,0,0,0,0,0,0,0,0,0,0,0,0,0,0,0,0,0,0,0,0,0,0,0,2
224,50nN8IFD4xA67fI4jYbLV4,Kano,308096,48,0,0,0,0,0,0,0,0,0,0,0,0,0,1,0,0,0,0,0,0,0,0,0,0,0,0,0,0,0,0,0,0,1
225,7k9T7lZlHjRAM1bb0r9Rm3,Wiley,359744,54,0,0,0,0,0,0,0,0,0,0,0,0,0,1,0,0,0,0,0,0,0,0,0,1,0,0,0,0,0,0,0,0,7
226,3S0tlB4fE7ChxI2pWz8Xip,Giggs,460526,58,0,0,0,0,0,0,0,0,0,0,0,0,0,1,0,0,0,0,0,0,0,0,0,0,0,0,0,0,0,0,0,0,1
227,0pCNk4D3E2xtszsm6hMsWr,K.Flay,535783,62,0,0,0,0,0,0,0,0,0,0,0,0,0,0,0,0,0,0,0,0,1,0,0,0,1,0,0,0,1,0,0,0,0
228,6udpKGzl85NuBEkZqOXiYB,Zoda,185130,39,0,0,0,0,0,0,0,0,0,0,0,0,0,1,0,0,0,0,0,0,0,0,0,0,0,0,0,0,0,0,0,0,1
230,1MRiIeZbc0cRuxOafDUCtH,BLANCO,1501153,69,0,0,0,0,0,0,0,0,0,0,0,0,0,1,0,0,0,0,0,0,1,0,0,0,0,0,0,0,0,0,0,0,8
231,4e250LmaRPGcp0rbUbJtJm,Drast,30193,50,0,0,0,0,0,0,0,0,0,1,0,0,0,0,0,0,0,0,0,0,0,0,0,0,0,0,0,0,0,0,0,0,5
232,5Qi4Bb7a8C0a00NZcA77L0,D12,2969388,63,0,0,0,0,0,0,0,0,0,0,0,0,0,1,0,0,0,0,0,0,0,0,0,0,0,0,0,0,0,0,0,0,1
233,5DkmrXKeWgDS86KKEw45o6,Rancore,182697,46,0,0,0,0,0,0,0,0,0,0,0,0,0,1,0,0,0,0,0,0,0,0,0,0,0,0,0,0,0,0,0,0,1
234,0agw9rAVju2v0Ot1OHYt7O,DJ Myke,9985,32,0,0,0,0,0,0,0,0,0,0,0,0,0,1,0,0,0,0,0,0,0,0,0,0,0,0,0,0,0,0,0,0,1
235,2mpeljBig2IXLXRAFO9AAs,Dido,1610673,69,0,0,0,0,0,0,0,0,0,0,0,0,0,0,1,0,0,0,0,0,1,0,0,0,1,0,0,0,0,0,0,0,6
236,22bE4uQ6baNwSHPVcDxLCe,The Rolling Stones,13157489,77,0,0,0,0,0,0,0,0,0,0,0,0,0,0,0,0,0,0,0,0,0,0,0,0,1,0,0,0,0,0,0,0,4
237,6rYogEVj60BCIsLukpAnwr,Scarlxrd,1258417,63,0,0,0,0,0,0,0,0,0,0,0,0,0,1,0,0,0,0,0,0,0,0,0,0,0,0,0,0,0,0,0,0,1
238,2W6WP4pHQTFlbr2z9S4n54,Kordhell,845677,75,0,0,0,0,0,0,0,0,0,0,0,0,0,1,0,0,0,0,0,0,0,0,0,0,0,0,0,0,0,0,0,0,1
239,1iuGd0kNu2eqLwP9DFGCNY,VTORNIK,62808,53,0,0,0,0,0,0,0,0,0,0,0,0,0,1,0,0,0,0,0,0,0,0,0,0,0,0,0,0,0,0,0,0,1
241,3pvu9Vljl1aHMScXzPqyga,Remstage Music,1640,24,0,0,0,0,0,0,0,0,0,0,0,0,0,0,0,0,0,0,1,0,0,0,0,0,0,0,0,0,0,0,0,0,5
242,49UAapOfpOg1ZOU4xf2NgY,Noyz Narcos,742173,60,0,0,0,0,0,0,0,0,0,0,0,0,0,1,0,0,0,0,0,0,0,0,0,0,0,0,0,0,0,0,0,0,1
243,3wyVrVrFCkukjdVIdirGVY,Lil Pump,8003533,63,0,0,0,0,0,0,0,0,0,1,0,0,0,1,0,0,0,0,0,0,1,0,0,0,0,0,0,0,0,0,0,0,8
244,1r4hJ1h58CWwUQe3MxPuau,Maluma,34302847,82,0,0,0,0,0,0,0,0,0,0,0,0,0,1,0,0,0,0,0,0,1,0,0,1,0,0,0,0,0,0,0,0,7
245,7riQPkkGZBnTh9ve5qIhYo,Mareux,240389,64,0,0,0,0,0,0,0,0,1,0,0,0,0,0,0,0,0,0,0,0,0,0,0,0,0,0,0,0,0,0,0,0,2
246,5K4W6rqBFWDnAN6FQUkS6x,Kanye West,20780838,88,0,0,0,0,0,0,0,0,0,0,0,0,0,1,0,0,0,0,0,0,0,0,0,0,0,0,0,0,0,0,0,0,1
247,0ONHkAv9pCAFxb0zJwDNTy,Pusha T,2824547,69,0,1,0,0,0,0,0,0,0,0,0,0,0,1,0,0,0,0,0,0,1,0,0,0,0,0,0,0,0,0,0,0,8
248,4UikIA2yhd0jVJSXD9IOJH,FSK SATELLITE,274424,47,0,0,0,0,0,0,0,0,0,0,0,0,0,1,0,0,0,0,0,0,0,0,0,0,0,0,0,0,0,0,0,0,1
249,3yiEJ9SByXZMXTwaKdVFN4,Luchè,1070568,65,0,0,0,0,0,0,0,0,0,0,0,0,0,1,0,0,0,0,0,0,1,0,0,0,0,0,0,0,0,0,0,0,8
250,3AFt30387waHIjjDL63XeI,OTP,50829,55,0,0,0,0,0,0,0,0,0,0,0,0,0,1,0,0,0,0,0,0,0,0,0,0,0,0,0,0,0,0,0,0,1
251,2kCcBybjl3SAtIcwdWpUe3,Lil Peep,10454865,80,0,0,0,0,0,0,0,0,0,1,0,0,0,1,0,0,0,0,0,0,0,0,0,0,0,0,0,0,0,0,0,0,1
252,6JhUHne9H09NdkTI5E9GSt,Dardust,42984,43,0,0,0,0,0,0,0,0,1,0,0,0,0,0,1,0,0,0,0,0,0,0,0,0,0,0,0,0,0,0,0,0,2
253,1a7xjqgtH0LtzVv80S9kVx,Saliva Grey,23589,55,0,0,0,0,0,0,0,0,0,0,0,0,0,1,0,0,0,0,0,0,0,0,0,0,0,0,0,0,0,0,0,0,1
254,4KGNjRvBeqS7wDrExXVN8a,Lethal Bizzle,175662,41,0,0,0,0,0,0,0,0,0,0,0,0,0,1,0,0,0,0,0,0,0,0,0,0,0,0,0,0,0,0,0,0,1
255,2p1fiYHYiXz9qi0JJyxBzN,Skepta,1131919,70,0,0,0,0,0,0,0,0,1,0,0,0,0,1,0,0,0,0,0,0,0,0,0,0,0,0,0,0,0,0,0,0,2
256,4olE3I5QU0dvSR7LIpqTXc,WATT,21547,58,0,0,0,0,0,0,0,0,0,0,0,0,0,0,0,0,0,0,0,0,0,0,0,0,1,0,0,0,0,0,0,0,4
257,5g63iWaMJ2UrkZMkCC8dMi,Lil Tracy,670746,69,0,0,0,0,0,0,0,0,0,0,0,0,0,1,0,0,0,0,0,0,0,0,0,0,0,0,0,0,0,0,0,0,1
258,3QJjzLwRMgdGoFwzmVodxJ,L'Elfo,77955,39,0,0,0,0,0,0,0,0,0,0,0,0,0,1,0,0,0,0,0,0,0,0,0,0,0,0,0,0,0,0,0,0,1
259,1frFclUlmPhS4OmpTA1Wcb,Funkyman,668,33,0,0,0,0,0,0,0,0,0,0,0,0,0,1,0,0,0,0,0,0,0,0,0,0,0,0,0,0,0,0,0,0,1
261,7F2utINZ6tSokSiZTQBE27,Guè,2270937,73,0,0,0,0,0,0,0,0,0,0,0,0,0,1,0,0,0,0,0,0,1,0,0,0,0,0,0,0,0,0,0,0,8
264,68DWke2VjdDmA75aJX5C57,Yelawolf,2229173,64,0,0,0,0,0,0,0,0,0,0,0,0,0,1,0,0,0,0,0,0,0,0,0,0,0,0,0,0,0,0,0,0,1
265,20qISvAhX20dpIbOOzGK3q,Nas,3365123,73,0,0,0,0,0,0,0,0,0,0,0,0,0,1,0,0,0,0,0,0,0,0,0,0,0,0,0,0,0,0,0,0,1
267,1BbI77tXAW1gC8iBYJGwMB,We Are The Empty,23809,39,0,0,0,0,0,0,0,0,1,0,0,0,0,0,0,0,0,0,0,0,0,0,0,0,0,0,0,0,0,0,0,0,2
268,5vkIUHgmiNIPn4Beoh2QPc,Onlap,75490,48,0,0,0,0,0,0,0,0,1,0,0,0,0,0,0,0,0,0,0,0,0,0,0,0,0,0,0,0,0,0,0,0,2
269,3MZsBdqDrRTJihTHQrO6Dq,Joji,8781911,79,0,1,0,0,0,0,0,0,0,0,0,0,0,0,0,0,0,0,0,0,0,0,0,0,0,0,0,0,0,0,0,0,5
270,7cG98wfpXvT5BwGU85RaOA,Unaverage Gang,93406,54,0,0,0,0,0,0,0,0,0,0,0,0,0,1,0,0,0,0,0,0,0,0,0,0,0,0,0,0,0,0,0,0,1
271,3GAHYVHU0HppTq2qgzejcv,Digital Punk,38777,39,0,0,0,0,0,0,0,0,1,0,0,0,0,0,0,0,0,0,0,0,0,0,0,0,0,0,0,0,0,0,0,0,2
272,768O5GliF0bqscyghggrbE,Polimá Westcoast,510171,69,0,0,0,0,0,0,0,0,0,0,0,0,0,1,0,0,0,0,0,0,0,0,0,0,0,0,0,0,0,0,0,0,1
273,4yxLYO2imECxGYTTV7RQKb,Pailita,1184018,68,0,0,0,0,0,0,0,0,0,0,0,0,0,1,0,0,0,0,0,0,0,0,0,0,0,0,0,0,0,0,0,0,1
274,1aSxMhuvixZ8h9dK9jIDwL,Kate Bush,1724756,67,0,0,0,0,0,0,0,0,0,0,0,0,0,0,0,0,0,0,0,1,1,0,0,0,1,0,1,0,0,0,0,0,0
275,754BUADwzMYecBgOoBaetK,Neima Ezza,463967,62,0,0,0,0,0,0,0,0,0,0,0,0,0,1,0,0,0,0,0,0,0,0,0,0,0,0,0,0,0,0,0,0,1
277,3jbwoqhl1GhkvC5rNBvHH3,Musicality,25048,44,0,0,0,0,0,0,0,0,0,0,0,0,0,1,0,0,0,0,0,0,0,0,0,0,0,0,0,0,0,0,0,0,1
278,02wrovsROEQpMXNTxk8uHI,Lazy3x,18428,45,0,0,0,0,0,0,0,0,0,0,0,0,0,1,0,0,0,0,0,0,0,0,0,0,0,0,0,0,0,0,0,0,1
279,62F9BiUmjqeXbBztCwiX1U,Lil Darkie,1472876,67,0,0,0,0,0,0,0,0,1,0,0,0,0,0,0,0,0,0,0,0,0,0,0,0,0,0,0,0,0,0,0,0,2
281,5gYimn2wODaiKOTFJlzVnn,Warlord Colossus,50465,55,0,0,0,0,0,0,0,0,0,0,0,0,0,1,0,0,0,0,0,0,0,0,0,0,0,0,0,0,0,0,0,0,1
283,1RjRHE0popjV7rhcHdp376,SIE Sound Team,29856,47,0,1,0,0,0,0,0,0,0,0,0,0,0,0,0,0,0,0,0,0,0,0,0,0,0,0,0,0,1,1,0,0,3
284,6dKdNHGdsBvEeNDxXV8AMP,Ensi,217406,48,0,0,0,0,0,0,0,0,0,0,0,0,0,1,0,0,0,0,0,0,0,0,0,0,0,0,0,0,0,0,0,0,1
286,35V1WomiedCJeGfupcPm7s,Tananai,286304,64,0,0,0,0,0,0,0,0,0,0,0,0,0,0,0,0,0,0,0,0,1,0,0,0,0,0,0,0,0,0,0,0,0
287,53XhwfbYqKCa1cC15pYq2q,Imagine Dragons,49405311,85,0,0,0,0,0,0,0,0,0,0,0,0,0,0,0,0,0,0,0,0,1,0,0,0,1,0,0,0,0,0,0,0,0
288,0du5cEVh5yTK9QJze8zA0C,Bruno Mars,49954700,86,0,0,0,0,0,0,0,0,0,0,0,0,0,0,0,0,0,0,0,0,1,0,0,0,0,0,0,0,0,0,0,0,0
289,4FpJcNgOvIpSBeJgRg3OfN,Orelsan,2283621,65,0,0,0,0,0,0,0,0,0,0,0,0,0,1,0,0,0,0,0,0,0,0,0,0,0,0,0,0,0,0,0,0,1
292,20JZFwl6HVl6yg8a4H3ZqK,Panic! At The Disco,11942266,75,0,0,0,0,0,0,0,0,0,0,0,0,0,0,0,0,0,0,0,0,1,0,0,0,0,0,0,0,0,0,0,0,0
293,4tZwfgrHOc3mvqYlEYSvVi,Daft Punk,9568178,79,0,0,0,0,0,0,0,0,1,0,0,0,0,0,0,0,0,0,0,0,0,0,0,0,1,0,0,0,0,0,0,0,2
294,2RdwBSPQiwcmiDo9kixcl8,Pharrell Williams,4242910,78,0,0,0,0,0,0,0,0,0,0,0,0,0,0,0,0,0,0,0,0,1,0,0,0,0,0,0,0,0,0,0,0,0
295,3yDIp0kaq9EFKe07X1X2rz,Nile Rodgers,109975,71,0,0,0,0,0,0,0,1,0,0,0,0,0,0,0,0,0,0,0,0,0,0,0,0,0,0,0,0,0,0,0,0,5
296,3p5nfUyEYsxx8izMCym07n,Oh The Larceny,145386,54,0,0,0,1,0,0,0,0,0,0,0,0,0,1,0,0,0,0,0,0,0,0,0,0,0,0,0,0,0,0,0,0,1
297,4ZbsxiS90Pj1gLeDv3A9mN,Lùnapop,147809,51,0,0,0,0,0,0,0,0,0,0,0,0,0,0,0,0,0,0,0,0,1,0,0,0,0,0,0,0,0,0,0,0,0
300,6bmlMHgSheBauioMgKv2tn,Powfu,1188249,67,0,0,1,0,0,0,0,0,0,0,0,0,0,1,0,0,0,0,0,0,0,0,0,0,0,0,0,0,0,0,0,0,1
301,0xOeVMOz2fVg5BJY3N6akT,Jaden,1883122,65,0,0,0,0,0,0,0,0,0,0,0,0,0,1,0,0,0,0,0,0,1,0,0,0,0,0,0,0,0,0,0,0,8
302,1bq8rqNnfrojn0OSAfeNXJ,Sarcastic Sounds,223102,60,0,0,1,0,0,0,0,0,0,0,0,0,0,0,0,0,0,0,0,0,0,0,0,0,0,0,0,0,0,0,0,0,5
303,1T4HxOYolAEb5PadIVKdWZ,Gibbs,215807,66,0,0,0,0,0,0,0,0,0,0,0,0,0,1,0,0,0,0,0,0,0,0,0,0,0,0,0,0,0,0,0,0,1
304,3Isy6kedDrgPYoTS1dazA9,Sean Paul,4440713,79,0,0,0,0,0,0,0,0,0,0,0,0,0,0,0,0,0,0,0,0,1,0,0,1,0,0,0,0,0,0,0,0,0
305,6M2wZ9GZgrQXHCFfjv46we,Dua Lipa,40943098,86,0,0,0,0,0,0,0,0,0,0,0,0,0,0,0,0,0,0,0,0,1,0,0,0,0,0,0,0,0,0,0,0,0
307,6UBA15slIuadJ8h2lPRPos,Tech N9ne,2715021,67,0,0,0,0,0,0,0,0,0,0,0,0,0,1,0,0,0,0,0,0,0,0,0,0,0,0,0,0,0,0,0,0,1
308,2feDdbD5araYcm6JhFHHw7,Labrinth,2994152,77,0,0,0,0,0,0,0,0,0,0,0,0,0,0,0,0,0,0,0,0,1,0,0,0,0,0,0,0,0,0,0,0,0
309,3rWZHrfrsPBxVy692yAIxF,WILLOW,2313773,69,0,0,0,0,0,0,0,0,1,0,0,0,0,0,1,0,0,0,0,0,1,0,0,0,0,0,0,0,0,0,0,0,9
310,7Fe4vD5WyjtFxlxSO0d7lP,Complete,93248,47,0,1,0,0,0,0,0,0,0,0,0,0,0,0,0,0,0,0,0,0,0,0,0,0,0,0,0,0,0,0,0,0,5
311,6olE6TJLqED3rqDCT0FyPh,Nirvana,18010166,79,0,0,0,0,0,0,0,0,0,0,0,0,1,0,0,0,0,0,0,0,0,0,0,0,1,0,0,0,0,0,0,0,4
315,4m1i53DaEliWzSkSFwqv5W,L'Orchestra Cinematique,69436,46,0,0,0,0,0,0,0,0,0,0,0,0,0,0,0,0,0,0,0,0,0,0,0,0,0,0,0,0,1,0,0,0,3
316,60xTPRePNppYh4Ol5esmPA,Alala,9701,46,0,0,0,0,0,0,0,0,0,0,1,0,0,0,0,0,0,0,0,0,0,0,0,0,0,0,0,0,0,0,0,0,5
317,4dDb2XLONSNrTrucRcoaYM,Really Slow Motion,105761,49,0,0,0,0,0,0,0,0,1,0,0,0,0,0,0,0,0,0,0,0,0,0,0,0,0,0,0,0,0,0,0,0,2
318,2T4kh33TYdnDesvlQyRst8,ARIETE,525870,57,0,0,0,0,0,0,0,0,0,0,0,0,0,1,1,0,0,0,0,0,1,0,0,0,0,0,0,0,0,0,0,0,6
319,2nirHAhWySBkvccqqmZeRP,Megami,4286,54,0,0,1,0,0,0,0,0,0,0,0,0,0,0,0,0,0,0,0,0,0,0,0,0,0,0,0,0,0,0,0,0,5
320,5iot8OPcosJN9nCl7I5SdK,Irama,1980717,66,0,0,0,0,0,0,0,0,0,0,0,0,0,0,0,0,0,0,0,0,1,0,0,0,0,0,0,0,0,0,0,0,0
321,6hkKbkZGvAXuvle2FhCnxy,Shablo,48909,61,0,0,0,0,0,0,0,0,0,0,0,0,0,1,0,0,0,0,0,0,1,0,0,0,0,0,0,0,0,0,0,0,8
322,23TFHmajVfBtlRx5MXqgoz,Sfera Ebbasta,5603516,79,0,0,0,0,0,0,0,0,0,0,0,0,0,1,0,0,0,0,0,0,1,0,0,0,0,0,0,0,0,0,0,0,8
324,14CHVeJGrR5xgUGQFV5BVM,Fivio Foreign,1143051,68,0,0,0,0,0,0,0,0,0,0,0,0,0,1,0,0,0,0,0,0,0,0,0,0,0,0,0,0,0,0,0,0,1
325,3DiDSECUqqY1AuBP8qtaIa,Alicia Keys,10940783,75,0,0,0,0,0,0,0,0,0,0,0,0,0,0,0,0,0,0,0,0,1,0,1,0,0,0,0,0,0,0,0,0,0
327,2VYQTNDsvvKN9wmU5W7xpj,Marilyn Manson,4041051,67,0,0,0,0,0,0,0,0,0,0,0,0,0,0,0,1,0,0,1,0,0,0,0,0,1,0,0,0,0,0,0,0,4
329,06nvjg4wBANK6DCHjqtPNd,Mahmood,1218989,58,0,0,0,0,0,0,0,0,0,0,0,0,0,0,0,0,0,0,0,0,1,0,0,0,0,0,0,0,0,0,0,0,0
330,1TUO8DpCpHhmB4gYdLqLOF,Benji,21117,32,0,0,0,0,0,0,0,0,0,0,0,0,0,0,0,0,0,0,0,0,1,0,0,0,0,0,0,0,0,0,0,0,0
331,58AqJv0sDFPFnnBcLT8eeX,Bella Thorne,1082434,41,0,0,0,0,0,0,0,0,0,0,0,0,0,0,0,0,0,0,0,0,1,0,0,0,0,0,0,0,0,0,0,0,0
332,7EVtRX3E2y1wcAwd2YituJ,Shierro,7973,52,0,0,1,0,0,0,0,0,0,0,0,0,0,0,0,0,0,0,0,0,0,0,0,0,0,0,0,0,0,0,0,0,5
333,5RiGhrEoM1SBjZoY25lCfe,Nashley,176737,47,0,0,0,0,0,0,0,0,0,0,0,0,0,1,0,0,0,0,0,0,0,0,0,0,0,0,0,0,0,0,0,0,1
334,1Cd373x8qzC7SNUg5IToqp,BoyWithUke,3541311,72,0,0,0,0,0,0,0,0,0,0,0,0,0,1,0,0,0,0,0,0,0,0,0,0,0,0,0,0,0,0,0,0,1
335,7qXuz9bbBHBBFelmDcNOMQ,Ackeejuice Rockers,2502,31,0,0,0,0,0,0,0,0,1,0,0,0,0,0,0,0,0,0,0,0,0,0,0,0,0,0,0,0,0,0,0,0,2
336,1Z25ZlGHqqlr3o1UGQOfNn,JNR CHOI,62089,53,0,0,0,0,0,0,0,0,0,0,0,0,0,1,0,0,0,0,0,0,0,0,0,0,0,0,0,0,0,0,0,0,1
337,04uu8U3I1h26Fp2NBkPTRZ,Sam Tompkins,168538,61,0,0,0,0,0,0,0,0,0,0,0,0,0,0,0,0,0,0,0,0,0,0,0,0,0,0,1,0,0,0,0,0,5
338,1N21tqenVOnzbRhdvw5bGH,Trias,27803,43,0,0,0,0,0,0,0,0,0,0,0,0,0,1,0,0,0,0,0,0,0,0,0,0,0,0,0,0,0,0,0,0,1
340,5AVBFCn4Hq4KY2Xjc5Gj4y,Blues Saraceno,133818,49,0,0,0,1,0,0,0,0,0,0,0,0,0,0,0,0,0,0,0,0,0,0,0,0,0,0,0,0,0,0,0,0,5
341,57kgxuYPX6hANUyqNj6UZ4,Ddark,6415,41,0,0,0,0,0,0,0,0,1,0,0,0,0,0,0,0,0,0,0,0,0,0,0,0,0,0,0,0,0,0,0,0,2
344,5AueQd01cgyqBRQ82ns5cd,RØNIN,89975,50,0,0,1,0,0,0,0,0,0,0,0,0,0,1,0,0,0,0,0,0,0,0,0,0,0,0,0,0,0,0,0,0,1
345,7dOCnyDR2oEa1hQlvTXvdT,Cody Fry,247285,58,0,0,0,0,0,0,0,0,0,0,0,0,0,0,1,0,0,0,0,0,0,0,0,0,0,0,0,0,0,0,0,0,4
346,6VlPp1wb53ANKMIwZPJfM0,Pharmacist,120122,56,0,0,0,0,0,0,0,0,0,0,0,0,0,1,0,0,0,0,0,0,0,0,0,0,0,0,0,0,0,0,0,0,1
347,7vk5e3vY1uw9plTHJAMwjN,Alan Walker,38878753,79,0,0,0,0,0,0,0,0,1,0,0,0,0,0,0,0,0,0,0,0,0,0,0,0,0,0,0,0,0,0,0,0,2
348,4npEfmQ6YuiwW1GpUmaq3F,Ava Max,5958675,78,0,0,0,0,0,0,0,0,0,0,0,0,0,0,0,0,0,0,0,0,1,0,0,0,0,0,0,0,0,0,0,0,0
349,6qqNVTkY8uBg9cP3Jd7DAH,Billie Eilish,84054750,87,0,0,0,0,0,0,0,0,1,0,0,0,0,0,0,0,0,0,0,0,1,0,0,0,0,0,0,0,0,0,0,0,9
350,1t4m0kYFjPEVUNGevGQVTn,T. Powell,12281,41,0,0,0,0,0,0,0,0,1,0,0,0,0,0,0,0,0,0,0,0,0,0,0,0,0,0,0,0,0,0,0,0,2
351,26JloX1vHxGGrGUVeMItFJ,iamjakehill,545549,65,0,0,1,0,0,0,0,0,0,0,0,0,0,1,0,0,0,0,0,0,0,0,0,0,0,0,0,0,0,0,0,0,1
352,3EAHF3jdnHHdko5DBrhRUP,John Powell,203689,61,0,0,0,0,0,0,0,0,0,0,0,0,0,0,0,0,0,0,0,0,0,0,0,0,0,0,0,0,1,0,0,0,3
353,6RdcIWVKYYzNzjQRd3oyHS,Pinguini Tattici Nucleari,1511470,71,0,0,0,0,0,0,0,0,0,0,0,0,0,0,1,0,0,0,0,0,1,0,0,0,0,0,0,0,0,0,0,0,6
354,5GvptfCCokbZjCIzpVj4Sk,Merczz,9954,33,0,0,0,0,0,0,0,0,0,0,0,0,0,1,0,0,0,0,0,0,0,0,0,0,0,0,0,0,0,0,0,0,1
355,4XWaILHqySwH1y6LhlYcsb,ilyTOMMY,339834,59,0,0,0,0,0,0,0,0,0,0,0,0,0,1,0,0,0,0,0,0,0,0,0,0,0,0,0,0,0,0,0,0,1
356,2Ue601Op6mLGMwrQYjAOSW,niteboi,63598,48,0,0,0,0,0,0,0,0,0,0,0,0,0,1,0,0,0,0,0,0,0,0,0,0,0,0,0,0,0,0,0,0,1
358,7kv7JLDk78SipIceafgD4x,Hairy Potter,2982,32,0,0,1,0,0,0,0,0,0,0,0,0,0,0,0,0,0,0,0,0,0,0,0,0,0,0,0,0,0,0,0,0,5
359,25u4wHJWxCA9vO0CzxAbK7,Lukas Graham,2115736,69,0,0,0,0,0,0,0,0,0,0,0,0,0,0,0,0,0,0,0,0,1,0,0,0,0,0,0,0,0,0,0,0,0
360,67MNhiAICFY6Pwc2YxCO0K,Elley Duhé,442756,74,0,0,0,0,0,0,0,0,0,0,0,0,0,0,0,0,0,0,0,0,0,0,0,0,1,0,0,0,0,0,0,0,4
361,0XFgyr4jwM0MGeZZW0VzA5,DVRST,368607,68,0,0,0,0,0,0,0,0,0,0,0,0,0,1,0,0,0,0,0,0,0,0,0,0,0,0,0,0,0,0,0,0,1
362,4dpARuHxo51G3z768sgnrY,Adele,50315602,83,0,0,0,0,0,0,0,0,0,0,0,0,0,0,0,0,0,0,0,0,1,0,1,0,0,0,0,0,0,0,0,0,0
363,3fhMfkPPzksWuw0hEm4ldm,Ernia,848897,66,0,0,0,0,0,0,0,0,0,0,0,0,0,1,1,0,0,0,0,0,1,0,0,0,0,0,0,0,0,0,0,0,6
365,0ru4hXR4RJY1mikvbQKgWa,Jon Lajoie,159296,54,0,0,0,0,0,1,0,0,0,0,0,0,0,0,0,0,0,0,0,0,0,0,0,0,0,0,0,0,0,0,0,0,5
366,1AgxgADPuRIW1wyaA4OKcB,Tom Rosenthal,512014,64,0,0,0,0,0,0,0,0,0,0,0,0,0,0,0,0,0,0,0,0,0,0,0,0,0,0,1,0,0,0,0,0,5
368,6chivaQAO194R7WMP1p0dQ,JK Beats,12666,36,0,0,1,0,0,0,0,0,0,0,0,0,0,0,0,0,0,0,0,0,0,0,0,0,0,0,0,0,0,0,0,0,5
369,4RddZ3iHvSpGV4dvATac9X,Papa Roach,4873259,70,0,0,0,0,0,0,0,0,0,0,0,0,0,0,0,0,0,0,1,0,0,0,0,0,1,0,0,0,0,0,0,0,4
371,2hPgGN4uhvXAxiXQBIXOmE,KIDS SEE GHOSTS,922967,57,0,0,0,0,0,0,0,0,0,0,0,0,0,1,0,0,0,0,0,0,0,0,0,0,0,0,0,0,0,0,0,0,1
373,7MhMgCo0Bl0Kukl93PZbYS,Blur,3005753,71,0,0,0,0,0,0,0,0,0,0,0,0,0,0,1,0,0,0,0,0,0,0,0,0,1,0,0,0,0,0,0,0,4
374,0L8ExT028jH3ddEcZwqJJ5,Red Hot Chili Peppers,20007302,80,0,0,0,0,0,0,0,0,0,0,0,1,0,0,0,0,0,0,0,0,0,0,0,0,1,0,0,0,0,0,0,0,4
375,3QAUh2GMUiYKOndxu1lXK4,NothingNothingNothing,1279,18,0,0,1,0,0,0,0,0,0,0,0,0,0,0,0,0,0,0,0,0,0,0,0,0,0,0,0,0,0,0,0,0,5
376,3vJCYheZF5PWUvTIykvNG5,Secession Studios,62800,47,0,0,0,0,0,0,0,0,1,0,0,0,0,0,0,0,0,0,0,0,0,0,0,0,0,0,0,0,0,0,0,0,2
378,1uvnu5K0AgjndrEvTM4lOT,Dazel Ukuto,5004,15,0,0,1,0,0,0,0,0,0,0,0,0,0,0,0,0,0,0,0,0,0,0,0,0,0,0,0,0,0,0,0,0,5
379,5anIaPEacO0S5sVfxg6cVw,Murkish,6874,50,0,1,0,0,0,0,0,0,0,0,0,0,0,0,0,0,0,0,0,0,0,0,0,0,0,0,0,0,0,0,0,0,5
380,2i5ApczYJfGAYrtf7QmjCV,Huken,1495,50,0,1,0,0,0,0,0,0,0,0,0,0,0,0,0,0,0,0,0,0,0,0,0,0,0,0,0,0,0,0,0,0,5
381,6eXZu6O7nAUA5z6vLV8NKI,Little Simz,826752,61,0,0,0,0,0,0,0,0,0,0,0,0,0,1,0,0,0,0,0,0,0,0,1,0,0,0,0,0,1,0,0,0,3
382,2GxGee63FW2XFbmhdpfndO,Abyss Sounds,6125,44,0,0,1,0,0,0,0,0,0,0,0,0,0,0,0,0,0,0,0,0,0,0,0,0,0,0,0,0,0,0,0,0,5
385,0UAfgrYSLcjHNocndTNjhH,Dybbukk,37822,61,0,1,1,0,0,0,0,0,0,0,0,0,0,0,0,0,0,0,0,0,0,0,0,0,0,0,0,0,0,0,0,0,5
386,2cFrymmkijnjDg9SS92EPM,blackbear,4871141,74,0,0,0,0,0,0,0,0,0,0,0,0,0,0,0,0,0,0,0,0,1,0,0,0,0,0,0,0,0,0,0,0,0
387,4ZgQDCtRqZlhLswVS6MHN4,grandson,1075595,65,0,0,0,0,0,0,0,0,0,0,0,0,0,0,1,0,0,0,0,0,0,0,0,0,1,0,0,0,0,0,0,0,4
388,70eNABm9r2VXOGYW4r209H,Rob Bailey & The Hustle Standard,168213,53,0,0,0,0,0,0,0,0,0,0,0,0,0,1,0,0,0,0,0,0,0,0,0,0,0,0,0,0,0,0,0,0,1
389,1YfEcTuGvBQ8xSD1f53UnK,Busta Rhymes,2486146,69,0,0,0,0,0,0,0,0,0,0,0,0,0,1,0,0,0,0,0,0,1,0,0,0,0,0,0,0,0,0,0,0,8
390,6fFfnKGVI6X3lkCr8Qw1g1,KXNG Crooked,116536,49,0,0,0,0,0,0,0,0,0,0,0,0,0,1,0,0,0,0,0,0,0,0,0,0,0,0,0,0,0,0,0,0,1
391,7iZtZyCzp3LItcw1wtPI3D,Rae Sremmurd,7286514,71,0,0,0,0,0,0,0,0,0,0,0,0,0,1,0,0,0,0,0,0,1,0,0,0,0,0,0,0,0,0,0,0,8
392,0hxQtmgWiPtEsDPeIuKxXq,John Carpenter,120954,48,0,0,0,0,0,0,0,0,1,0,0,0,0,0,0,0,0,0,0,0,0,0,0,0,0,0,0,0,0,0,0,0,2
393,5rJxl4BLLAaFRSNgAz2hSg,Cody Carpenter,2519,43,0,0,0,0,0,0,0,0,1,0,0,0,0,0,0,0,0,0,0,0,0,0,0,0,0,0,0,0,0,0,0,0,2
394,0YaDmIGxP3HVcH7xvkpvSP,Daniel Davies,2566,39,0,0,0,0,0,0,0,0,1,0,0,0,0,0,0,0,0,0,0,0,0,0,0,0,0,0,0,0,0,0,0,0,2
395,64H8UqGLbJFHwKtGxiV8OP,THE ANXIETY,157448,58,0,0,0,0,0,0,0,0,0,0,0,0,0,0,0,0,0,0,0,0,1,0,0,0,0,0,0,0,0,0,0,0,0
396,1xoxekeb8jUVHKJB7m6bfg,Tyler Cole,28174,58,0,0,0,0,0,0,0,0,0,0,0,0,0,0,0,0,0,0,0,0,0,0,1,0,0,0,0,0,0,0,0,0,5
398,4667Ut4sQVZ9BezLGRINBX,Lil Agony,6522,29,0,1,0,0,0,0,0,0,0,0,0,0,0,0,0,0,0,0,0,0,0,0,0,0,0,0,0,0,0,0,0,0,5
399,5L1lO4eRHmJ7a0Q6csE5cT,LISA,4960556,77,0,0,0,0,0,0,0,0,0,0,0,0,0,0,0,0,0,0,0,0,1,0,0,0,0,0,0,0,0,0,0,0,0
401,2d0hyoQ5ynDBnkvAbJKORj,Rage Against The Machine,5554274,69,0,0,0,0,0,0,0,0,0,0,0,1,0,1,0,0,0,0,1,0,0,0,0,0,1,0,0,0,0,0,0,0,4
402,1A8NEJYo3VW9aIZ6l55Dgu,Joey Cool,39038,50,0,0,0,0,0,0,0,0,0,0,0,0,0,1,0,0,0,0,0,0,0,0,0,0,0,0,0,0,0,0,0,0,1
404,1T8S48bD91THNKBByWBDyn,Dwayne Johnson,283386,58,0,0,0,0,0,1,0,0,0,0,0,0,0,0,0,0,0,0,0,0,0,0,0,0,0,0,0,0,0,0,0,0,5
405,4yvcSjfu4PC0CYQyLy4wSq,Glass Animals,3848640,74,0,0,0,0,0,0,0,0,1,0,0,0,0,0,1,0,0,0,0,0,1,0,0,0,1,0,0,0,0,0,0,0,9
406,6EPlBSH2RSiettczlz7ihV,Sleepy Hallow,1439393,74,0,0,0,0,0,0,0,0,0,0,0,0,0,1,0,0,0,0,0,0,0,0,0,0,0,0,0,0,0,0,0,0,1
407,4utLUGcTvOJFr6aqIJtYWV,Skylar Grey,580037,65,0,1,0,0,0,0,0,0,0,0,0,0,0,0,0,0,0,0,0,0,0,0,0,0,1,0,0,0,0,0,0,0,4
408,6AgTAQt8XS6jRWi4sX7w49,Polo G,9897986,80,0,0,0,0,0,0,0,0,0,0,0,0,0,1,0,0,0,0,0,0,0,0,0,0,0,0,0,0,0,0,0,0,1
409,4AA474G2hRfrHyGrfyDseO,Mozzy,748396,62,0,0,0,0,0,0,0,0,0,0,0,0,0,1,0,0,0,0,0,0,0,0,0,0,0,0,0,0,0,0,0,0,1
410,0cmWgDlu9CwTgxPhf403hb,Bonobo,1337461,63,0,0,0,0,0,0,0,0,1,0,0,0,0,1,0,0,1,0,0,0,0,0,0,0,0,0,0,0,0,0,0,0,2
412,1cJ5tVoeAEFcZBAwSZ0CtF,The Plot In You,298513,59,0,0,0,0,0,0,0,0,0,0,0,0,0,0,0,0,0,0,1,0,0,0,0,0,0,0,0,0,0,0,0,0,5
413,3o1cwVQfiDWafhYA02k13C,Crookers,83118,57,0,0,0,0,0,0,0,0,1,0,0,0,0,0,0,0,0,0,0,0,0,0,0,0,0,0,0,0,0,0,0,0,2
414,4yiQZ8tQPux8cPriYMWUFP,Gwen Stefani,6162142,71,0,0,0,0,0,0,0,0,0,0,0,0,0,0,0,0,0,0,0,0,1,0,0,0,0,0,0,0,0,0,0,0,0
416,1cNDP5yjU5vjeR8qMf4grg,YNW Melly,9339199,73,0,0,0,0,0,0,0,0,0,0,0,0,0,1,0,0,0,0,0,0,0,0,0,0,0,0,0,0,0,0,0,0,1
417,2y246nnP9pQT0E6v3ZMMOO,Night Lovell,1289279,66,0,0,0,0,0,0,0,0,0,0,0,0,0,1,0,0,0,0,0,0,0,0,0,0,0,0,0,0,0,0,0,0,1
418,0Tcr6t5uyvDgOuNPCD36A3,Chad Tepper,42726,37,0,0,0,0,0,0,0,0,0,0,0,0,0,0,0,0,0,0,0,0,1,0,0,0,0,0,0,0,0,0,0,0,0
419,2p4FqHnazRucYQHyDCdBrJ,Simple Plan,3456071,66,0,0,0,0,0,0,0,0,0,0,0,0,0,0,0,0,0,0,0,0,1,1,0,0,1,0,0,0,0,0,0,0,0
420,3nFkdlSjzX9mRTtwJOzDYB,JAY-Z,8529572,82,0,0,0,0,0,0,0,0,0,0,0,0,0,1,0,0,0,0,0,0,1,0,0,0,0,0,0,0,0,0,0,0,8
421,7yPPzu5UdAK7yagQqjEZQm,Party Favor,174114,54,0,0,0,0,0,0,0,0,1,0,0,0,0,0,0,0,0,0,0,0,0,0,0,0,0,0,0,0,0,0,0,0,2
422,6agBXAcUugzO8DQTChZZrx,WEEDMANE,33376,57,0,0,0,0,0,0,0,0,0,0,0,0,0,1,0,0,0,0,0,0,0,0,0,0,0,0,0,0,0,0,0,0,1
423,3WaNZnwUPrpOIS5ZcIyjTO,Suicideyear,28121,57,0,1,0,0,0,0,0,0,0,0,0,0,0,1,0,0,0,0,0,0,0,0,0,0,0,0,0,0,0,0,0,0,1
424,4q3ewBCX7sLwd24euuV69X,Bad Bunny,72446996,95,0,0,0,0,0,0,0,0,0,0,0,0,0,1,0,0,0,0,0,0,0,0,0,1,0,0,0,0,0,0,0,0,7
425,2tIP7SsRs7vjIcLrU85W8J,The Kid LAROI,4646663,78,0,0,0,0,0,0,0,0,0,0,0,0,0,1,0,0,0,0,0,0,0,0,0,0,0,0,0,0,0,0,0,0,1
426,1uNFoZAHBGtllmzznpCI3s,Justin Bieber,73694308,87,0,0,0,0,0,0,0,0,0,0,0,0,0,0,0,0,0,0,0,0,1,0,0,0,0,0,0,0,0,0,0,0,0
427,1mZu3rO7qSD09GdDpePHhY,Frankie Goes To Hollywood,743192,56,0,0,0,0,0,0,0,0,1,0,0,0,0,0,0,0,0,0,0,1,1,0,0,0,1,0,0,0,0,0,0,0,9
428,109FvbnDVNag1UcJDVpFlr,Brian Tyler,161019,57,0,0,0,0,0,0,0,0,0,0,0,0,0,0,0,0,0,0,0,0,0,0,0,0,0,0,0,0,1,0,0,0,3
429,7fWgqc4HJi3pcHhK8hKg2p,Dope,743494,54,0,0,0,0,0,0,0,0,0,0,0,0,0,0,0,0,0,0,1,0,0,0,0,0,0,0,0,0,0,0,0,0,5
430,7gjqZ8coFZimZDtdk04WP1,MACE,101756,55,0,0,0,0,0,0,0,0,0,0,0,1,0,1,0,0,0,0,0,0,1,0,0,0,0,0,0,0,0,0,0,0,8
431,2rhFzFmezpnW82MNqEKVry,Ski Mask The Slump God,5493058,72,0,0,0,0,0,0,0,0,0,0,0,0,0,1,0,0,0,0,0,0,1,0,0,0,0,0,0,0,0,0,0,0,8
432,4xRYI6VqpkE3UwrDrAZL8L,Logic,5927154,74,0,0,0,0,0,0,0,0,0,0,0,0,0,1,0,0,0,0,0,0,1,0,0,0,0,0,0,0,0,0,0,0,8
435,4bGFHVtFZIw5cyerMJhGSO,Harry Lightfoot,1735,15,0,0,0,0,0,0,0,0,1,0,0,0,0,0,0,0,0,0,0,0,0,0,0,0,0,0,0,0,0,0,0,0,2
436,5F4ObszoeVebqtc0B3XqJa,Audiomachine,245827,53,0,0,0,0,0,0,0,0,1,0,0,0,0,0,0,0,0,0,0,0,0,0,0,0,0,0,0,0,0,0,0,0,2
438,6Cny0Wt5OKLct1rGOLmu80,The Seige,123864,53,0,0,0,0,0,0,0,0,0,0,0,0,0,1,0,0,0,0,0,0,0,0,0,0,0,0,0,0,0,0,0,0,1
439,5BBBDm18Y0TCRXZggaOnZG,Fabian Mazur,72706,46,0,0,0,0,0,0,0,0,1,0,0,0,0,1,0,0,0,0,0,0,0,0,0,0,0,0,0,0,0,0,0,0,2
440,4xFadP7L1YVwVSjDDfjKjM,Snavs,75010,47,0,0,0,0,0,0,0,0,1,0,0,0,0,1,0,0,0,0,0,0,0,0,0,0,0,0,0,0,0,0,0,0,2
441,7hJcb9fa4alzcOq3EaNPoG,Snoop Dogg,10019718,80,0,0,0,0,0,0,0,0,0,0,0,1,0,1,0,0,0,0,0,0,1,0,0,0,0,0,0,0,0,0,0,0,8
442,7dWYWUbO68rXJOcyA7SpJk,Fort Minor,590830,58,0,0,0,0,0,0,0,0,0,0,0,0,0,0,0,0,0,0,0,0,0,0,0,0,1,0,0,0,0,0,0,0,4
443,5bf6yYgHODBW5EreBZshpX,Styles Of Beyond,52168,58,0,0,0,0,0,0,0,0,0,0,0,0,0,1,0,0,0,0,0,0,0,0,0,0,0,0,0,0,0,0,0,0,1
444,7b79bQFziJFedJb75k6hFt,Tion Wayne,877803,67,0,0,0,0,0,0,0,0,0,0,0,0,0,1,0,0,0,0,0,0,0,0,0,0,0,0,0,0,0,0,0,0,1
445,3FoFW2AoUGRHBacC6i4x4p,Russ Millions,707831,66,0,0,0,0,0,0,0,0,0,0,0,0,0,1,0,0,0,0,0,0,0,0,0,0,0,0,0,0,0,0,0,0,1
446,61bQ4nwIioR8w6PGxzpyY3,Rondodasosa,825612,64,0,0,0,0,0,0,0,0,0,0,0,0,0,1,0,0,0,0,0,0,0,0,0,0,0,0,0,0,0,0,0,0,1
447,33ScadVnbm2X8kkUqOkC6Z,Don Omar,9817807,80,0,0,0,0,0,0,0,0,0,0,0,0,0,1,0,0,0,0,0,0,1,0,0,1,0,0,0,0,0,0,0,0,7
448,3SUT1jjM5hzZj9TLfLZGIP,Tego Calderón,4310148,70,0,0,0,0,0,0,0,0,0,0,0,0,0,1,0,0,0,0,0,0,0,0,0,1,0,0,0,0,0,0,0,0,7
449,4Cqia9vrAbm7ANXbJGXsTE,Slash,3004039,56,0,0,0,0,0,0,0,0,0,0,0,0,0,0,0,0,0,0,0,0,0,0,0,0,1,0,0,0,0,0,0,0,4
450,771qBvjnXOH9Azr6lKy6FB,Michael Sembello,81231,58,0,0,0,0,0,0,0,0,1,0,0,0,0,0,0,0,0,0,0,0,0,0,0,0,0,0,0,0,0,0,0,0,2
451,2hR4h1Cao2ueuI7Cx9c7V8,Cavetown,3741836,69,0,0,0,0,0,0,0,0,0,0,0,0,0,0,1,0,0,0,0,0,1,0,0,0,0,0,0,0,0,0,0,0,6
452,7EWU4FhUJM1sZQgQKdENeT,Hopsin,2449055,59,0,0,0,0,0,0,0,0,0,0,0,0,0,1,0,0,0,0,0,0,0,0,0,0,0,0,0,0,0,0,0,0,1
453,02kJSzxNuaWGqwubyUba0Z,G-Eazy,5188280,73,0,0,0,0,0,0,0,0,0,0,0,0,0,1,0,0,0,0,0,0,1,0,0,0,0,0,0,0,0,0,0,0,8
454,0cGUm45nv7Z6M6qdXYQGTX,Kehlani,7082904,72,0,0,0,0,0,0,0,0,0,0,0,0,0,1,0,0,0,0,0,0,1,0,1,0,0,0,0,0,0,0,0,0,8
455,1vyhD5VmyZ7KMfW5gqLgo5,J Balvin,37669837,84,0,0,0,0,0,0,0,0,0,0,0,0,0,1,0,0,0,0,0,0,0,0,0,1,0,0,0,0,0,0,0,0,7
456,0TnOYISbd1XYRBk9myaseg,Pitbull,10171130,81,0,0,0,0,0,0,0,0,0,0,0,0,0,1,0,0,0,0,0,0,1,0,0,0,0,0,0,0,0,0,0,0,8
457,4nDoRrQiYLoBzwC5BhVJzF,Camila Cabello,31134550,78,0,0,0,0,0,0,0,0,0,0,0,0,0,0,0,0,0,0,0,0,1,0,0,0,0,0,0,0,0,0,0,0,0
458,3KV3p5EY4AvKxOlhGHORLg,Jeremih,6467696,71,0,0,0,0,0,0,0,0,0,0,0,0,0,1,0,0,0,0,0,0,1,0,1,0,0,0,0,0,0,0,0,0,8
459,6d47Z08T4snK50HgTEHo5Z,Sage The Gemini,857492,61,0,0,0,0,0,0,0,0,0,0,0,0,0,1,0,0,0,0,0,0,1,0,0,0,0,0,0,0,0,0,0,0,8
460,2y8Jo9CKhJvtfeKOsYzRdT,Rod Stewart,4291365,70,0,0,0,0,0,0,0,0,0,0,0,0,0,0,0,0,0,0,0,0,0,0,0,0,1,0,0,0,0,0,0,0,4
461,360IAlyVv4PCEVjgyMZrxK,Miguel,4728196,77,0,0,0,0,0,0,0,0,0,0,0,0,0,0,0,0,0,0,0,0,0,0,1,0,0,0,0,0,0,0,0,0,5
462,3hv9jJF3adDNsBSIQDqcjp,Mark Ronson,1031123,72,0,0,0,0,0,0,0,0,0,0,0,0,0,0,0,0,0,0,0,0,1,0,0,0,0,0,0,0,0,0,0,0,0
463,5IbEL2xjRtKsunfmsahLuO,$NOT,1387645,68,0,0,0,0,0,0,0,0,0,0,0,0,0,1,0,0,0,0,0,0,0,0,0,0,0,0,0,0,0,0,0,0,1
464,1E4r4z7ivGUcSAnCbINJ9v,Drowning Pool,1878413,60,0,0,0,0,0,0,0,0,0,0,0,0,0,0,0,0,0,0,1,0,0,0,0,0,1,0,0,0,0,0,0,0,4
465,6fWVd57NKTalqvmjRd2t8Z,24kGoldn,2059819,70,0,0,0,0,0,0,0,0,0,0,0,0,0,1,0,0,0,0,0,0,1,0,0,0,0,0,0,0,0,0,0,0,8
466,6ASri4ePR7RlsvIQgWPJpS,iann dior,1755749,70,0,0,0,0,0,0,0,0,0,0,0,0,0,1,0,0,0,0,0,0,0,0,0,0,0,0,0,0,0,0,0,0,1
467,47RMRcPX8zWGaiMSZRuOd4,Highsnob,261977,40,0,0,0,0,0,0,0,0,0,0,0,0,0,1,0,0,0,0,0,0,0,0,0,0,0,0,0,0,0,0,0,0,1
468,6oMuImdp5ZcFhWP0ESe6mG,Migos,13363467,74,0,0,0,0,0,0,0,0,0,0,0,0,0,1,0,0,0,0,0,0,1,0,0,0,0,0,0,0,0,0,0,0,8
469,69GGBxA162lTqCwzJG5jLp,The Chainsmokers,20336724,78,0,0,0,0,0,0,0,0,1,0,0,0,0,0,0,0,0,0,0,0,1,0,0,0,0,0,0,0,0,0,0,0,9
470,23fqKkggKUBHNkbKtXEls4,Kygo,8411088,77,0,0,0,0,0,0,0,0,1,0,0,0,0,0,0,0,0,0,0,0,1,0,0,0,0,0,0,0,0,0,0,0,9
471,14XRgLXin9R3eKTNXBNwos,Leon Faun,166788,48,0,0,0,0,0,0,0,0,0,0,0,0,0,1,0,0,0,0,0,0,0,0,0,0,0,0,0,0,0,0,0,0,1
473,6jGMq4yGs7aQzuGsMgVgZR,Lil Tjay,6935810,80,0,0,0,0,0,0,0,0,0,0,0,0,0,1,0,0,0,0,0,0,0,0,0,0,0,0,0,0,0,0,0,0,1
474,4IVAbR2w4JJNJDDRFP3E83,6LACK,4375538,72,0,0,0,0,0,0,0,0,0,0,0,0,0,1,0,0,0,0,0,0,0,0,1,0,0,0,0,0,0,0,0,0,1
475,7xX15v6ahAkcT14kHfB9wB,True Damage,112975,44,0,0,0,0,0,0,0,0,0,0,0,0,0,1,0,0,0,0,0,0,0,0,0,0,0,0,0,0,0,0,0,0,1
476,4obzFoKoKRHIphyHzJ35G3,Becky G,13678282,78,0,0,0,0,0,0,0,0,0,0,0,0,0,1,0,0,0,0,0,0,1,0,0,1,0,0,0,0,0,0,0,0,7
477,2YFBOR9KIxC6WqHclkj9Yq,Keke Palmer,677093,50,0,0,0,0,0,0,0,0,0,0,0,0,0,0,0,0,0,0,0,0,1,0,1,0,0,0,0,0,0,0,0,0,0
478,6Xg22wJOAcnvPUfk5WvODH,JEON SOYEON,1093718,51,0,0,0,0,0,0,0,0,0,0,0,0,0,0,0,0,0,0,0,0,1,0,0,0,0,0,0,0,0,0,0,0,0
479,6I3MElirhT5t6Kf7p0hGk9,Duckwrth,425448,59,0,0,0,0,0,0,0,0,0,0,0,0,0,0,0,0,0,0,0,0,0,0,1,0,0,0,0,0,0,0,0,0,5
481,47mIJdHORyRerp4os813jD,League of Legends,1635102,75,0,1,0,0,0,0,0,0,1,0,0,0,0,0,0,0,0,0,0,0,0,0,0,0,0,0,0,0,0,0,0,0,2
482,1vgQksyJ0IVz8y9XerEOy3,Madame,654999,63,0,0,0,0,0,0,0,0,0,0,0,0,0,1,0,0,0,0,0,0,1,0,0,0,0,0,0,0,0,0,0,0,8
483,6jQZzWW3JlEtcRDSzFVKSP,Nitro,662724,59,0,0,0,0,0,0,0,0,0,0,0,0,0,1,0,0,0,0,0,0,0,0,0,0,0,0,0,0,0,0,0,0,1
484,0lI3rF4hi4op6UxqlLHPzv,Achille Lauro,905004,62,0,0,0,0,0,0,0,0,0,0,0,0,0,1,0,0,0,0,0,0,1,0,0,0,0,0,0,0,0,0,0,0,8
486,2lkP8239tkwRjg5N7d2D0w,Frenetik&Orang3,49965,45,0,0,0,0,0,0,0,0,0,0,0,0,0,1,1,0,0,0,0,0,0,0,0,0,0,0,0,0,0,0,0,0,1
487,0ffKEtMDnROKWyJtXUnLbJ,Dani Faiv,357710,51,0,0,0,0,0,0,0,0,0,0,0,0,0,1,0,0,0,0,0,0,0,0,0,0,0,0,0,0,0,0,0,0,1
488,1VJ0briNOlXRtJUAzoUJdt,FISHER,782649,68,0,0,0,0,0,0,0,0,1,0,0,0,0,0,0,0,0,0,0,0,0,0,0,0,0,0,0,0,0,0,0,0,2
489,1uU7g3DNSbsu0QjSEqZtEd,Masked Wolf,675089,64,0,0,0,0,0,0,0,0,0,0,0,0,0,1,0,0,0,0,0,0,0,0,0,0,0,0,0,0,0,0,0,0,1
490,1JZTStn7PjC7BHda6lAUV5,Tre Savage,16996,46,0,0,0,0,0,0,0,0,0,0,0,0,0,1,0,0,0,0,0,0,0,0,0,0,0,0,0,0,0,0,0,0,1
491,7z8fkGpUDt6eb6fyysRTH9,Skan,86575,49,0,0,0,0,0,0,0,0,0,0,0,0,0,1,0,0,0,0,0,0,0,0,0,0,0,0,0,0,0,0,0,0,1
492,35dP7ddpwy7mkanF1WnM2g,Krale,10088,41,0,0,0,0,0,0,0,0,1,0,0,0,0,0,0,0,0,0,0,0,0,0,0,0,0,0,0,0,0,0,0,0,2
493,1RdQK73ZgvXjkaBJkibE6X,M.I.M.E,34948,51,0,0,0,0,0,0,0,0,0,0,0,0,0,1,0,0,0,0,0,0,0,0,0,0,0,0,0,0,0,0,0,0,1
494,1Ars2RdXFbmt04pZ5g2RNr,Drama B,24449,50,0,0,0,0,0,0,0,0,0,0,0,0,0,1,0,0,0,0,0,0,0,0,0,0,0,0,0,0,0,0,0,0,1
495,2g1JSu9UfRcQQYb3b03Km7,Varien,85126,46,0,0,0,0,0,0,0,0,1,0,0,0,0,0,0,0,0,0,0,0,0,0,0,0,0,0,0,0,0,0,0,0,2
497,6qGkLCMQkNGOJ079iEcC5k,Ben Platt,472522,60,0,0,0,0,0,0,0,0,0,0,0,0,0,0,0,0,0,0,0,0,0,0,0,0,0,1,0,0,1,0,0,0,3
498,1ciw0LLweRvHpU9zhiOYyq,Nyv,52882,41,0,0,0,0,0,0,0,0,0,0,0,0,0,0,0,0,0,0,0,0,1,0,0,0,0,0,0,0,0,0,0,0,0
499,0O1cTzccAEKaEFShgzAK9V,Bass Santana,168701,51,0,0,0,0,0,0,0,0,0,0,0,0,0,1,0,0,0,0,0,0,0,0,0,0,0,0,0,0,0,0,0,0,1
502,4boc9WGDp4rS4bObD8WtlU,Urano,8442,27,0,0,0,0,0,0,0,0,0,0,0,0,0,0,0,0,0,0,0,0,1,0,0,0,0,0,0,0,0,0,0,0,0
503,0x7qiZJaal6j8qS7yCydFk,Savage Ga$p,203813,57,0,0,0,0,0,0,0,0,0,0,0,0,0,1,0,0,0,0,0,0,0,0,0,0,0,0,0,0,0,0,0,0,1
505,1UAY1hWd5x69hPVXMXIeri,Murubutu,141680,44,0,0,0,0,0,0,0,0,0,0,0,0,0,1,0,0,0,0,0,0,0,0,0,0,1,0,0,0,0,0,0,0,1
506,4r63FhuTkUYltbVAg5TQnk,DaBaby,11042978,79,0,0,0,0,0,0,0,0,0,0,0,0,0,1,0,0,0,0,0,0,1,0,0,0,0,0,0,0,0,0,0,0,8
507,0hk4xVujcyOr6USD95wcWb,Sick Luke,239745,57,0,0,0,0,0,0,0,0,0,0,0,0,0,1,0,0,0,0,0,0,0,0,0,0,0,0,0,0,0,0,0,0,1
508,6PXiPeUVFrlaC1n8511ijT,Side Baby,127466,46,0,0,0,0,0,0,0,0,0,0,0,0,0,1,0,0,0,0,0,0,0,0,0,0,0,0,0,0,0,0,0,0,1
509,3TVXtAsR1Inumwj472S9r4,Drake,78037303,94,0,0,0,0,0,0,0,0,0,0,0,0,0,1,0,0,0,0,0,0,1,0,0,0,0,0,0,0,0,0,0,0,8
511,7zfnElBFcdWC87g9HANXQ1,Er Costa,22100,26,0,0,0,0,0,0,0,0,0,0,0,0,0,1,0,0,0,0,0,0,0,0,0,0,0,0,0,0,0,0,0,0,1
512,3egWSWp7Y4FyCKIyvXbw7L,Ghali,2983908,62,0,0,0,0,0,0,0,0,0,0,0,0,0,1,1,0,0,0,0,0,1,0,0,0,0,0,0,0,0,0,0,0,6
513,62RdOEwjfXjFOQpKdufMR7,Hilight Tribe,153700,53,0,0,0,0,0,0,0,0,0,0,0,0,0,0,0,0,0,0,0,0,0,0,0,0,0,0,0,0,0,0,1,0,5
514,29zsVzEH33dD5QqxeL8dvy,Vini Vici,495842,62,0,0,0,0,0,0,0,0,1,0,0,0,0,0,0,0,0,0,0,0,0,0,0,0,0,0,0,0,0,0,0,0,2
515,5Il8YjuVAWkWNH2xgjFMpF,Steve Jablonsky,179717,56,0,0,0,0,0,0,0,0,1,0,0,0,0,0,0,0,0,0,0,0,0,0,0,0,0,0,0,0,1,0,0,0,2
516,4Rhx0H3w80yqUMSiPfq0Cz,Isyan Tetick,19096,36,0,0,0,0,0,1,0,0,0,0,0,0,0,0,0,0,0,0,0,0,0,0,0,0,0,0,0,0,0,0,0,0,5
517,5AVJt6VYXT4hMRP8D3MRAC,Mighty Oaks,159757,47,0,0,0,0,0,0,0,0,0,0,1,0,0,0,1,0,0,0,0,0,0,0,0,0,0,0,0,0,0,0,0,0,4
520,3XTUciJcdix4GkO9YoBdtP,Holden,100205,42,0,0,0,0,0,0,0,0,0,0,0,0,0,1,0,0,0,0,0,0,1,0,0,0,0,0,0,0,0,0,0,0,8
521,0fskdccy6fvnWMNMNPqEro,PSICOLOGI,672818,57,0,0,0,0,0,0,0,0,0,0,0,0,0,1,1,0,0,0,0,0,1,0,0,0,0,0,0,0,0,0,0,0,6
523,7H9TcusDoz60eSTxB0Avxn,Blue Virus,55163,34,0,0,0,0,0,0,0,0,0,0,0,0,0,1,0,0,0,0,0,0,0,0,0,0,0,0,0,0,0,0,0,0,1
524,54OEro9sWZ3mVfMdlz2CIt,Royal Deluxe,114603,48,0,0,0,1,0,0,0,0,0,0,0,0,0,0,0,0,0,0,0,0,0,0,0,0,0,0,0,0,0,0,0,0,5
525,1GxkXlMwML1oSg5eLPiAz3,Michael Bublé,5953862,70,0,0,0,0,0,0,0,0,1,0,0,0,0,0,0,0,1,0,0,0,1,0,0,0,0,0,0,0,0,0,0,0,9
526,4rTv3Ejc7hKMtmoBOK1B4T,Ali Gatie,2068200,66,0,0,0,0,0,0,0,0,0,0,0,0,0,1,0,0,0,0,0,0,0,0,0,0,0,0,0,0,0,0,0,0,1
527,3EOEK57CV77D4ovYVcmiyt,Dennis Lloyd,646451,64,0,0,0,0,0,0,0,0,0,0,0,0,0,0,0,0,0,0,0,0,1,0,0,0,0,0,0,0,0,0,0,0,0
528,0Xk15jHKly4c3AhPr5vjoA,Alan Silvestri,274186,55,0,0,0,0,0,0,0,0,0,0,0,0,0,0,0,0,0,0,0,0,0,0,0,0,0,0,0,0,1,0,0,0,3
530,3YQKmKGau1PzlVlkL1iodx,Twenty One Pilots,23917181,78,0,0,0,0,0,0,0,0,0,0,0,0,0,0,1,0,0,0,0,0,1,0,0,0,1,0,0,0,0,0,0,0,6
531,4qIVPF0s71ZYW3qzhu5GkF,Kina,786325,64,0,0,1,0,0,0,0,0,0,0,0,0,0,0,0,0,0,0,0,0,0,0,0,0,0,0,0,0,0,0,0,0,5
532,7HBai5xymOxIWoMWvWshe1,Teriyaki Boyz,87873,56,0,0,0,0,0,0,0,0,0,0,0,0,0,1,0,0,0,0,0,0,0,0,0,0,0,0,0,0,0,0,0,0,1
533,0Y5tJX1MQlPlqiwlOH1tJY,Travis Scott,23429045,93,0,0,0,0,0,0,0,0,1,0,0,0,0,1,0,0,0,0,0,0,0,0,0,0,0,0,0,0,0,0,0,0,2
534,7ltDVBr6mKbRvohxheJ9h1,ROSALÍA,7644310,82,0,0,0,0,0,0,0,0,0,0,0,0,0,0,0,0,0,0,0,0,1,0,1,0,0,0,0,0,0,0,0,0,0
535,5f7VJjfbwm532GiveGC0ZK,Lil Baby,14889003,85,0,0,0,0,0,0,0,0,0,0,0,0,0,1,0,0,0,0,0,0,0,0,0,0,0,0,0,0,0,0,0,0,1
537,5tFRohaO5yEsuJxmMnlCO9,Barns Courtney,507721,60,0,0,0,0,0,0,0,0,0,0,0,0,0,0,0,0,0,0,0,0,0,0,0,0,1,0,0,0,0,0,0,0,4
538,7oPftvlwr6VrsViSDV7fJY,Green Day,14220340,77,0,0,0,0,0,0,0,0,0,0,0,0,0,0,0,0,0,0,0,0,0,1,0,0,1,0,0,0,0,0,0,0,4
540,0VitAFMCI2apQxKzDjg1PU,BLOODY VINYL,161187,49,0,0,0,0,0,0,0,0,0,0,0,0,0,1,0,0,0,0,0,0,0,0,0,0,0,0,0,0,0,0,0,0,1
541,0zoMmzmyi8N8LwzhyXPvtk,Mara Sattei,123634,59,0,0,0,0,0,0,0,0,0,0,0,0,0,1,0,0,0,0,0,0,1,0,0,0,0,0,0,0,0,0,0,0,8
542,29nrwultxQ8jENVmXoyMqK,Carl Brave,777904,57,0,0,0,0,0,0,0,0,0,0,0,0,0,1,1,0,0,0,0,0,1,0,0,0,0,0,0,0,0,0,0,0,6
543,0YmQyGKpZgGSDxsC8iEGQU,La rappresentante di lista,103994,50,1,0,0,0,0,0,0,0,0,0,0,0,0,0,1,0,0,0,0,0,1,0,0,0,0,0,0,0,0,0,0,0,6
544,1gs79u8PKkWAW1yfymbkTt,MILES,37576,45,0,0,0,0,0,0,0,0,0,0,0,0,0,1,0,0,0,0,0,0,0,0,0,0,0,0,0,0,0,0,0,0,1
545,5FkcU4BVzPptuB6AjobZIL,Taxi B,84686,49,0,0,0,0,0,0,0,0,0,0,0,0,0,1,0,0,0,0,0,0,0,0,0,0,0,0,0,0,0,0,0,0,1
546,51ltJZ6rB893AdzgCxSOV3,Greg Willen,38099,44,0,0,0,0,0,0,0,0,0,0,0,0,0,1,0,0,0,0,0,0,0,0,0,0,0,0,0,0,0,0,0,0,1
547,2wUjUUtkb5lvLKcGKsKqsR,Alessia Cara,11714249,71,0,0,0,0,0,0,0,0,0,0,0,0,0,0,0,0,0,0,0,0,1,0,1,0,0,0,0,0,0,0,0,0,0
548,6LuN9FCkKOj5PcnpouEgny,Khalid,16079733,82,0,0,0,0,0,0,0,0,0,0,0,0,0,0,0,0,0,0,0,0,1,0,0,0,0,0,0,0,0,0,0,0,0
549,3SEJQy90Vgg1aSnZ9b4AU9,Krizz Kaliko,419736,56,0,0,0,0,0,0,1,0,0,0,0,0,0,1,0,0,0,0,0,0,0,0,0,0,0,0,0,0,0,0,0,0,1
550,0BEI7i5sgUuivcfwXLzFmM,Serj Tankian,947021,56,0,0,0,0,0,0,0,0,0,0,0,0,0,0,0,0,0,0,1,0,0,0,0,0,0,0,0,0,0,0,0,0,5
551,2NOhotupwYbKRNJF7LMDPG,The Jon Spencer Blues Explosion,97640,40,0,0,0,1,0,0,0,0,0,0,0,0,0,0,0,0,0,0,0,0,0,1,0,0,1,0,0,0,0,0,0,0,4
552,5icKdCmMhNMYoAzVBAWt39,Dax,1117524,65,0,0,0,0,0,0,0,0,0,0,0,0,0,1,0,0,0,0,0,0,0,0,0,0,0,0,0,0,0,0,0,0,1
553,4tuJ0bMpJh08umKkEXKUI5,Gracie Abrams,1151333,69,0,0,0,0,0,0,0,0,0,0,0,0,0,0,0,0,0,0,0,0,0,0,0,0,1,0,0,0,0,0,0,0,4
554,6aX6KqXgEcARRHwvWxHcFW,Johnny Orlando,791509,57,0,0,0,0,0,0,0,0,0,0,0,0,0,0,0,0,0,0,0,0,1,0,0,0,0,0,1,0,0,0,0,0,0
555,5pWUVnrc1y0FpWZ6VCy0Hg,kenzie,569452,56,0,0,0,0,0,0,0,0,0,0,0,0,0,0,0,0,0,0,0,0,1,0,0,0,0,0,0,0,0,0,0,0,0
556,65U1A6j2pIHfZXLoitJFXz,Claver Gold,96936,43,0,0,0,0,0,0,0,0,0,0,0,0,0,1,0,0,0,0,0,0,0,0,0,0,0,0,0,0,0,0,0,0,1
558,6vWDO969PvNqNYHIOW5v0m,Beyoncé,35455970,85,0,0,0,0,0,0,0,0,0,0,0,0,0,0,0,0,0,0,0,0,1,0,1,0,0,0,0,0,0,0,0,0,0
559,757aE44tKEUQEqRuT6GnEB,Roddy Ricch,9639301,76,0,0,0,0,0,0,0,0,0,0,0,0,0,1,0,0,0,0,0,0,0,0,0,0,0,0,0,0,0,0,0,0,1
560,7GacyaFUp0qkEJglERX9N7,Alfa,518550,64,0,0,0,0,0,0,0,0,0,0,0,0,0,0,0,0,0,0,0,0,1,0,0,0,0,0,0,0,0,0,0,0,0
562,6zvul52xwTWzilBZl6BUbT,Pixies,2605689,68,0,0,0,0,0,0,0,0,0,0,0,0,0,0,0,0,0,0,0,0,0,0,0,0,1,0,0,0,0,0,0,0,4
563,64KEffDW9EtZ1y2vBYgq8T,Marshmello,35245104,81,0,0,0,0,0,0,0,0,1,0,0,0,0,0,0,0,0,0,0,0,1,0,0,0,0,0,0,0,0,0,0,0,9
564,1HwM5zlC5qNWhJtM00yXzG,DMX,4512290,68,0,0,0,0,0,0,0,0,0,0,0,0,0,1,0,0,0,0,0,0,0,0,0,0,0,0,0,0,0,0,0,0,1
565,6Os3fHAI2Fma2UzTD91RU8,Watt White,36358,47,0,0,0,1,0,0,0,0,0,0,0,0,0,0,0,0,0,0,0,0,0,0,0,0,0,0,0,0,0,0,0,0,5
568,64M6ah0SkkRsnPGtGiRAbb,Bebe Rexha,8384481,79,0,0,0,0,0,0,0,0,0,0,0,0,0,0,0,0,0,0,0,0,1,0,0,0,0,0,0,0,0,0,0,0,0
569,1hM06YHQ635cZwwUbn7dpk,Fasma,311968,48,0,0,0,0,0,0,0,0,0,1,0,0,0,1,0,0,0,0,0,0,1,0,0,0,0,0,0,0,0,0,0,0,8
571,6AyATGg7mDgBlZ4N5uNog0,SYML,655566,69,0,0,0,0,0,0,0,0,0,0,0,0,0,0,0,0,0,0,0,0,1,0,0,0,0,0,0,0,0,0,0,0,0
572,0p0ksmwMDQlAM24TWKu4Ua,Lily Kershaw,40876,45,0,0,0,0,0,0,0,0,0,0,1,0,0,0,0,0,0,0,0,0,0,0,0,0,0,0,0,0,0,0,0,0,5
573,1cwOthlzLBwN8Imbq7P71H,Dotan,174771,50,0,0,0,0,0,0,0,0,0,0,1,0,0,0,0,0,0,0,0,0,0,0,0,0,0,0,0,0,0,0,0,0,5
574,7Do8se3ZoaVqUt3woqqSrD,MACHETE,445126,53,0,0,0,0,0,0,0,0,0,0,0,0,0,1,0,0,0,0,0,0,1,0,0,0,0,0,0,0,0,0,0,0,8
575,59KX7XUUgAOOo5IyDjca0T,Verzache,233122,55,0,0,1,0,0,0,0,0,0,0,0,0,0,0,0,0,0,0,0,0,0,0,0,0,0,0,0,0,0,0,0,0,5
576,7jdFEYD2LTYjfwxOdlVjmc,KALEO,1600324,68,0,0,0,0,0,0,0,0,0,0,0,0,0,0,1,0,0,0,0,0,0,0,0,0,1,0,0,0,0,0,0,0,4
577,5ghnxpW47ojtLHHyTLdxdY,Witt Lowry,571951,58,0,0,0,0,0,0,0,0,0,0,0,0,0,0,0,0,0,0,0,0,1,0,0,0,0,0,0,0,0,0,0,0,0
578,7s5VTQxNmyThzeyP5YO9rD,Deion Reverie,4016,34,0,0,0,0,0,0,0,0,0,0,0,0,0,0,1,0,0,0,0,0,0,0,0,0,0,0,0,0,0,0,0,0,4
579,7gZfnEnfiaHzxARJ2LeXrf,6ix9ine,6948148,71,0,0,0,0,0,0,0,0,0,1,0,0,0,0,0,0,0,0,0,0,0,0,0,0,0,0,0,0,0,0,0,0,5
580,39G9Mcs99KhOEtVuthwztS,Sik World,468090,53,0,0,0,0,0,0,0,0,0,0,0,0,0,1,0,0,0,0,0,0,0,0,0,0,0,0,0,0,0,0,0,0,1
582,73jBynjsVtofjRpdpRAJGk,Dimitri Vegas & Like Mike,3409065,69,0,0,0,0,0,0,0,0,1,0,0,0,0,0,0,0,0,0,0,0,1,0,0,0,0,0,0,0,0,0,0,0,9
583,1Cs0zKBU1kc0i8ypK3B9ai,David Guetta,26420266,87,0,0,0,0,0,0,0,0,1,0,0,0,0,0,0,0,0,0,0,0,1,0,0,0,0,0,0,0,0,0,0,0,9
584,4VMYDCV2IEDYJArk749S6m,Daddy Yankee,33526452,86,0,0,0,0,0,0,0,0,0,0,0,0,0,1,0,0,0,0,0,0,0,0,0,1,0,0,0,0,0,0,0,0,7
585,3wtMPMvPtiFylbnNXF6CAj,Afro Bros,53098,63,0,0,0,0,0,0,0,0,1,0,0,0,0,1,0,0,0,0,0,0,0,0,0,0,0,0,0,0,0,0,0,0,2
586,1GDbiv3spRmZ1XdM1jQbT7,NATTI NATASHA,9280844,71,0,0,0,0,0,0,0,0,0,0,0,0,0,1,0,0,0,0,0,0,1,0,0,1,0,0,0,0,0,0,0,0,7
587,2HkAI0YrEcgoR8QdaURqhO,Dimitri Vegas,239353,61,0,0,0,0,0,0,0,0,1,0,0,0,0,0,0,0,0,0,0,0,0,0,0,0,0,0,0,0,0,0,0,0,2
588,4pwXiI7Z5ZStkgKowZyoKi,Like Mike,151326,51,0,0,0,0,0,0,0,0,1,0,0,0,0,0,0,0,0,0,0,0,0,0,0,0,0,0,0,0,0,0,0,0,2
589,6DPYiyq5kWVQS4RGwxzPC7,Dr. Dre,10187122,78,0,0,0,0,0,0,0,0,0,0,0,1,0,1,0,0,0,0,0,0,0,0,0,0,0,0,0,0,0,0,0,0,1
590,2HPiMwJktBXqakN0hnON2R,Lous and The Yakuza,205330,50,0,0,0,0,0,0,0,0,0,0,0,0,0,0,0,0,0,0,0,0,1,0,0,0,0,0,0,0,0,0,0,0,0
591,4SGDDnlwi5G42HTGzYl2Fc,2WEI,244963,60,0,0,0,0,0,0,0,0,1,0,0,0,0,0,0,0,0,0,0,0,0,0,0,0,0,0,0,0,0,0,0,0,2
593,2q3GG88dVwuQPF4FmySr9I,The Score,1320721,67,0,0,0,0,0,0,0,0,0,0,0,0,0,0,1,0,0,0,0,0,0,0,0,0,1,0,0,0,0,0,0,0,4
595,0vRvGUQVUjytro0xpb26bs,Arizona Zervas,725030,64,0,0,0,0,0,0,0,0,0,0,0,0,0,1,0,0,0,0,0,0,1,0,0,0,0,0,0,0,0,0,0,0,8
596,6Xgp2XMz1fhVYe7i6yNAax,Trippie Redd,8896570,79,0,0,0,0,0,0,0,0,0,0,0,0,0,1,0,0,0,0,0,0,0,0,0,0,0,0,0,0,0,0,0,0,1
597,5BcAKTbp20cv7tC5VqPFoC,Macklemore & Ryan Lewis,2641238,72,0,0,0,0,0,0,0,0,0,0,0,0,0,1,0,0,0,0,0,0,1,0,0,0,0,0,0,0,0,0,0,0,8
598,4e0nWw2r4BoQSKPQ2zpU13,Ray Dalton,53550,72,0,0,0,0,0,0,0,0,0,0,0,0,0,0,0,0,0,0,0,0,1,0,0,0,0,0,0,0,0,0,0,0,0
599,35l9BRT7MXmM8bv2WDQiyB,beabadoobee,2312571,74,0,0,0,0,0,0,0,0,0,0,0,0,1,0,1,0,0,0,0,0,1,0,0,0,0,0,0,0,0,0,0,0,6
601,47z7ZrgFoBvVpCnElCE3Zh,Yellow Claw,1047502,61,0,0,0,0,0,0,0,0,1,0,0,0,0,0,0,0,0,0,0,0,1,0,0,0,0,0,0,0,0,0,0,0,9
602,5dHt1vcEm9qb8fCyLcB3HL,A$AP Ferg,3628689,69,0,0,0,0,0,0,0,0,0,0,0,0,0,1,0,0,0,0,0,0,1,0,0,0,0,0,0,0,0,0,0,0,8
603,2GaynEwi8XdZuZ372KKsgc,Creek Boyz,12560,29,0,0,0,0,0,0,0,0,0,0,0,0,0,1,0,0,0,0,0,0,0,0,0,0,0,0,0,0,0,0,0,0,1
604,6C1ohJrd5VydigQtaGy5Wa,Joyner Lucas,2061285,69,0,0,0,0,0,0,0,0,0,0,0,0,0,1,0,0,0,0,0,0,1,0,0,0,0,0,0,0,0,0,0,0,8
605,0JnNzCUsHuDcUcBatOzuGP,Sonya Belousova,18082,51,0,0,0,0,0,0,0,0,0,0,0,0,0,0,0,0,0,0,0,0,0,0,0,0,0,0,0,0,1,0,0,0,3
608,7HkdQ0gt53LP4zmHsL0nap,Ella Mai,5119834,68,0,0,0,0,0,0,0,0,0,0,0,0,0,1,0,0,0,0,0,0,0,0,1,0,0,0,0,0,0,0,0,0,1
609,0BEYTctVmnYa5yStp4Jpab,Destructo,59823,42,0,0,0,0,0,0,0,0,1,0,0,0,0,0,0,0,0,0,0,0,0,0,0,0,0,0,0,0,0,0,0,0,2
610,29DWvZyWy1yvU8jpIePBYi,Loge21,17714,26,0,0,0,0,0,0,0,0,1,0,0,0,0,0,0,0,0,0,0,0,0,0,0,0,0,0,0,0,0,0,0,0,2
614,6SSmy635N3a4oWmPk85xpK,Brennan Savage,381141,57,0,0,0,0,0,0,0,0,0,1,0,0,0,1,0,0,0,0,0,0,0,0,0,0,0,0,0,0,0,0,0,0,1
615,23ostNBoB9z6GMXLtHdg7y,Prismo,173497,49,0,0,0,0,0,0,0,0,1,0,0,0,0,0,0,0,0,0,0,0,0,0,0,0,0,0,0,0,0,0,0,0,2
616,6TIYQ3jFPwQSRmorSezPxX,Machine Gun Kelly,5116951,76,0,0,0,0,0,0,0,0,0,0,0,0,0,1,0,0,0,0,0,0,1,0,0,0,0,0,0,0,0,0,0,0,8
617,26VFTg2z8YR0cCuwLzESi2,Halsey,20667873,80,0,0,0,0,0,0,0,0,1,0,0,0,0,0,0,0,0,0,0,0,1,0,0,0,0,0,0,0,0,0,0,0,9
618,5fSVkkuijRIpxuvSqysYiP,Snøw,145647,62,0,0,1,0,0,0,0,0,0,0,0,0,0,1,0,0,0,0,0,0,0,0,0,0,0,0,0,0,0,0,0,0,1
620,6WSTevYt4rGwm8QPKQr7dU,K.A.A.N.,261486,47,0,0,0,0,0,0,0,0,0,0,0,0,0,1,0,0,0,0,0,0,1,0,0,0,0,0,0,0,0,0,0,0,8
621,46ZKkiF5p7EUjBL0JknTxQ,Konata Small,14047,36,0,0,0,0,0,0,0,0,0,0,0,0,0,1,0,0,0,0,0,0,0,0,0,0,0,0,0,0,0,0,0,0,1
623,0r25HIHVcGcaEuJ8s5AK00,Lil Happy Lil Sad,196963,42,0,0,0,0,0,0,0,0,0,1,0,0,0,1,0,0,0,0,0,0,0,0,0,0,0,0,0,0,0,0,0,0,1
625,3eKw7Bys6mA68PSoKxKwR7,Lil Bo Weep,140767,41,0,0,0,0,0,0,0,0,0,1,0,0,0,1,0,0,0,0,0,0,0,0,0,0,0,0,0,0,0,0,0,0,1
627,3y24n3XhZ96wgwRXjvS17T,Coolio,961874,67,0,0,0,0,0,0,0,0,0,0,0,1,0,1,0,0,0,0,0,0,0,0,0,0,0,0,0,0,0,0,0,0,1
629,7u710e44HW3K7A5eTnRqHC,Fabri Fibra,1375254,65,0,0,0,0,0,0,0,0,0,0,0,0,0,1,0,0,0,0,0,0,1,0,0,0,0,0,0,0,0,0,0,0,8
630,3ddT1Q3KQAm1G7UcIfz5KJ,convolk,200933,49,0,0,0,0,0,0,0,0,0,1,0,0,0,1,0,0,0,0,0,0,0,0,0,0,0,0,0,0,0,0,0,0,1
631,7ow7nXWCZuMoU09aRki7GB,halberd,29561,44,0,0,1,0,0,0,0,0,0,0,0,0,0,0,0,0,0,0,0,0,0,0,0,0,0,0,0,0,0,0,0,0,5
632,6zqcGQ6MH6yetBUoquMnL7,guardin,202088,52,0,0,0,0,0,0,0,0,0,1,0,0,0,1,0,0,0,0,0,0,0,0,0,0,0,0,0,0,0,0,0,0,1
633,4zxMVHfIt3uZ5e5PTgl0ax,Jakkyboí,5986,34,0,0,0,0,0,0,0,0,0,1,0,0,0,0,0,0,0,0,0,0,0,0,0,0,0,0,0,0,0,0,0,0,5
634,597FEAQwddF3kZJ3u9gKFC,9tails,25023,38,0,0,0,0,0,0,0,0,0,1,0,0,0,0,0,0,0,0,0,0,0,0,0,0,0,0,0,0,0,0,0,0,5
635,6yhD1KjhLxIETFF7vIRf8B,Against The Current,467324,62,0,0,0,0,0,0,0,0,0,0,0,0,0,0,1,0,0,0,0,0,1,0,0,0,0,0,0,0,0,0,0,0,6
636,5he5w2lnU9x7JFhnwcekXX,Skrillex,8228717,76,0,0,0,0,0,0,0,0,1,0,0,0,0,0,0,0,0,0,0,0,1,0,0,0,0,0,0,0,0,0,0,0,9
637,4e7qJTThm5uI3CplqZObfT,Birdy Nam Nam,126202,48,0,0,0,0,0,0,0,0,1,0,0,0,0,1,0,0,0,0,0,0,0,0,0,0,0,0,0,0,0,0,0,0,2
639,7yNqUSyJGymfJQghNU0zcH,Грибы,142499,43,0,0,0,0,0,0,0,0,1,0,0,0,0,1,0,0,0,0,0,0,0,0,0,0,0,0,0,0,0,0,0,0,2
640,4UOlRVifrFdQHW9qu5ep8t,Tech N9ne Collabos,526634,50,0,0,0,0,0,0,1,0,0,0,0,0,0,1,0,0,0,0,0,0,0,0,0,0,0,0,0,0,0,0,0,0,1
641,7mAqCk75DUBWgcC0sqhzwX,John 5,93288,38,0,0,0,0,0,0,0,0,0,0,0,0,0,0,0,0,0,0,0,0,0,0,0,0,1,0,0,0,0,0,0,0,4
642,711MCceyCBcFnzjGY4Q7Un,AC/DC,27031010,79,0,0,0,0,0,0,0,0,0,0,0,0,0,0,0,0,0,0,0,0,0,0,0,0,1,0,0,0,0,0,0,0,4
644,2Eg0o1Mok66akOkuOiGdEv,Zack Hemsey,149235,47,0,0,0,0,0,0,0,0,1,0,0,0,0,0,0,0,0,0,0,0,0,0,0,0,0,0,0,0,0,0,0,0,2
645,3rExe3A3FzAmYDlQuvW2Wx,Vinnie Paz,265368,51,0,0,0,0,0,0,0,0,0,0,0,0,0,1,0,0,0,0,0,0,0,0,0,0,0,0,0,0,0,0,0,0,1
646,4TCqgEIWd5RsCKItJqt8PL,Chris Rivers,22516,33,0,0,0,0,0,0,0,0,0,0,0,0,0,1,0,0,0,0,0,0,0,0,0,0,0,0,0,0,0,0,0,0,1
648,1hHYi4Vy83BGo6TqKd98hu,Boro,320075,56,0,0,0,0,0,0,0,0,0,0,0,0,0,1,0,0,0,0,0,0,1,0,0,0,0,0,0,0,0,0,0,0,8
649,3WrMBQYO99lzSOhYGPiVoQ,Don Joe,86035,50,0,0,0,0,0,0,0,0,0,0,0,0,0,1,0,0,0,0,0,0,0,0,0,0,0,0,0,0,0,0,0,0,1
650,4BFn4jmfqSNaHtPWHTcy41,MamboLosco,787798,62,0,0,0,0,0,0,0,0,0,0,0,0,0,1,0,0,0,0,0,0,1,0,0,0,0,0,0,0,0,0,0,0,8
651,6D6rjLdxyE5vwhMlkuQq0E,Chaos Chaos,83463,40,0,0,0,0,0,0,0,0,0,0,0,0,0,0,1,0,0,0,0,0,0,0,0,0,0,0,0,0,0,0,0,0,4
653,4r1DHaB2yIhddOkTF92d1d,NASKA,69246,54,0,0,0,0,0,0,0,0,0,1,0,0,0,0,0,0,0,0,0,0,0,0,0,0,0,0,0,0,0,0,0,0,5
654,26T3LtbuGT1Fu9m0eRq5X3,Cage The Elephant,3332403,71,0,0,0,0,0,0,0,0,0,0,0,0,0,0,1,0,0,0,0,0,0,1,0,0,1,0,0,0,0,0,0,0,4
655,6289Bbkkk3gaCbh1K7Rv8F,Izi,915074,57,0,0,0,0,0,0,0,0,0,0,0,0,0,1,1,0,0,0,0,0,1,0,0,0,0,0,0,0,0,0,0,0,6
656,4qWnlmXWuGv2TtuxtIWlJX,BANNERS,603343,63,0,0,0,0,0,0,0,0,0,0,0,0,0,0,0,0,0,0,0,0,1,0,0,0,0,0,0,0,0,0,0,0,0
657,4Z8W4fKeB5YxbusRsdQVPb,Radiohead,8511351,78,0,0,0,0,0,0,0,0,1,0,0,0,0,0,1,0,0,0,0,0,0,0,0,0,1,0,0,0,0,0,0,0,4
658,4PLGCdwxxGsxNXX7G7Spug,STEFAN,8702,34,0,0,0,0,0,0,0,0,0,0,0,0,0,0,0,0,0,0,0,0,1,0,0,0,0,0,0,0,0,0,0,0,0
660,60rpJ9SgigSd16DOAG7GSa,Billy Ray Cyrus,235805,61,0,0,0,0,0,0,1,0,0,0,0,0,0,0,0,0,0,0,0,0,0,0,0,0,0,0,0,0,0,0,0,0,5
661,4Umo1uO9VemTgnkjeUhx8c,Enrico Nigiotti,209569,38,0,0,0,0,0,0,0,0,0,0,0,0,0,0,0,0,0,0,0,0,1,0,0,0,0,0,0,0,0,0,0,0,0
662,1R2iRWvuwwokMKGHirNGTD,Serhat Durmus,354151,56,0,0,0,0,0,0,0,0,0,0,0,0,0,1,0,0,0,0,0,0,0,0,0,0,0,0,0,0,0,0,0,0,1
663,0QJ3p787u7KD0ZhD5vzrCA,Anastasio,112454,35,0,0,0,0,0,0,0,0,0,0,0,0,0,1,0,0,0,0,0,0,1,0,0,0,0,0,0,0,0,0,0,0,8
664,0NWbwDZY1VkRqFafuQm6wk,Mike WiLL Made-It,1522214,64,0,0,0,0,0,0,0,0,0,0,0,0,0,1,0,0,0,0,0,0,0,0,0,0,0,0,0,0,0,0,0,0,1
665,0hCNtLu0JehylgoiP8L4Gh,Nicki Minaj,28998634,86,0,0,0,0,0,0,0,0,0,0,0,0,0,1,0,0,0,0,0,0,1,0,0,0,0,0,0,0,0,0,0,0,8
666,75fIuwXxhZ1atNzWLMrgF0,Tyler Bates,72595,53,0,0,0,0,0,0,0,0,0,0,0,0,0,0,0,0,0,0,0,0,0,0,0,0,0,0,0,0,1,0,0,0,3
667,4exLIFE8sISLr28sqG1qNX,Travis Barker,427674,68,0,0,0,0,0,0,0,0,0,0,0,0,0,0,0,0,0,0,0,0,0,0,0,0,1,0,0,0,0,0,0,0,4
670,1CoZyIx7UvdxT5c8UkMzHd,Jorja Smith,3199774,72,0,0,0,0,0,0,0,0,0,0,0,0,0,0,0,0,0,0,0,0,0,0,1,0,0,0,0,0,0,0,0,0,5
671,3LvwPiJQJ0da0GurKMToV0,Baby Gang,981765,71,0,0,0,0,0,0,0,0,0,0,0,0,0,1,0,0,0,0,0,0,0,0,0,0,0,0,0,0,0,0,0,0,1
672,1h6Cn3P4NGzXbaXidqURXs,Swedish House Mafia,3757079,74,0,0,0,0,0,0,0,0,1,0,0,0,0,0,0,0,0,0,0,0,1,0,0,0,0,0,0,0,0,0,0,0,9
674,2NjfBq1NflQcKSeiDooVjY,Tones And I,3017072,68,0,0,0,0,0,0,0,0,0,0,0,0,0,0,0,0,0,0,0,0,1,0,0,0,0,0,0,0,0,0,0,0,0
675,4IWBUUAFIplrNtaOHcJPRM,James Arthur,12762701,80,0,0,0,0,0,0,0,0,0,0,0,0,0,0,0,0,0,0,0,0,1,0,0,0,0,0,0,0,0,0,0,0,0
676,0J7U24vlOOIeMpuaO6Q85A,LP,2616705,65,0,1,0,0,0,0,0,0,0,0,0,0,0,0,0,0,0,0,0,0,1,0,0,0,0,0,0,0,0,0,0,0,0
677,311uEW9rt5g2NmzjGEKS2E,Mae Stephens,128087,65,0,0,0,0,0,0,0,0,0,0,0,0,0,0,0,0,0,0,0,0,0,0,0,0,0,0,1,0,0,0,0,0,5
678,6JL8zeS1NmiOftqZTRgdTz,Meghan Trainor,13617845,76,0,0,0,0,0,0,0,0,0,0,0,0,0,0,0,0,0,0,0,0,1,0,0,0,0,0,0,0,0,0,0,0,0
679,5XKFrudbV4IiuE5WuTPRmT,Stephen Sanchez,776152,74,0,0,0,0,0,0,0,0,0,0,0,0,0,0,0,0,0,0,0,0,0,0,0,0,0,0,1,0,0,0,0,0,5
680,4LOM7NzyrZvlGSYPFDsnTk,Dylan,158499,49,0,0,0,0,0,0,0,0,0,0,0,0,0,0,0,0,0,0,0,0,1,0,0,0,1,0,0,0,0,0,0,0,0
681,7EQ0qTo7fWT7DPxmxtSYEc,Bastille,5423487,72,0,0,0,0,0,0,0,0,1,0,0,0,0,0,0,0,0,0,0,0,1,0,0,0,1,0,0,0,0,0,0,0,9
682,1bqxdqvUtPWZri43cKHac8,MAX,825993,65,0,1,0,0,0,0,0,0,0,0,0,0,0,0,0,0,0,0,0,0,0,0,0,0,0,0,1,0,0,0,0,0,5
683,4GvEc3ANtPPjt1ZJllr5Zl,Bazzi,5493647,69,0,0,0,0,0,0,0,0,0,0,0,0,0,0,0,0,0,0,0,0,1,0,0,0,0,0,0,0,0,0,0,0,0
685,5JZ7CnR6gTvEMKX4g70Amv,Lauv,5862889,74,0,0,0,0,0,0,0,0,0,0,0,0,0,0,0,0,0,0,0,0,1,0,0,0,0,0,0,0,0,0,0,0,0
686,49jTY62Cpw3RYo4dLuG43W,Cian Ducrot,320710,66,0,0,0,0,0,0,0,0,0,0,0,0,0,0,0,0,0,0,0,0,1,0,0,0,0,0,1,0,0,0,0,0,0
687,7KMqksf0UMdyA0UCf4R3ux,James Blunt,2839813,69,0,0,0,0,0,0,0,0,0,0,0,0,0,0,0,0,0,0,0,0,1,0,0,0,1,0,0,0,0,0,0,0,0
691,2KFv9jOFkybE6VjzZ4Ishe,Still Charles,2859,26,0,0,0,0,0,0,0,0,0,1,0,0,0,0,0,0,0,0,0,0,0,0,0,0,0,0,0,0,0,0,0,0,5
694,23zg3TcAtWQy7J6upgbUnj,Usher,10661224,77,0,0,0,0,0,0,0,0,0,0,0,0,0,1,0,0,0,0,0,0,1,0,1,0,0,0,0,0,0,0,0,0,8
695,57LYzLEk2LcFghVwuWbcuS,Summer Walker,5277107,77,0,0,0,0,0,0,0,0,0,0,0,0,0,1,0,0,0,0,0,0,0,0,1,0,0,0,0,0,0,0,0,0,1
696,2LRoIwlKmHjgvigdNGBHNo,Feid,6643251,89,0,0,0,0,0,0,0,0,0,0,0,0,0,1,0,0,0,0,0,0,1,0,0,1,0,0,0,0,0,0,0,0,7
697,2nm38smINjms1LtczR0Cei,Goodboys,49252,68,0,0,0,0,0,0,0,0,1,0,0,0,0,0,0,0,0,0,0,0,1,0,0,0,0,0,0,0,0,0,0,0,9
698,4Ws2otunReOa6BbwxxpCt6,Benny Benassi,548811,65,0,0,0,0,0,0,0,0,1,0,0,0,0,0,0,0,0,0,0,0,1,0,0,0,0,0,0,0,0,0,0,0,9
700,7nDsS0l5ZAzMedVRKPP8F1,Ella Henderson,1582671,73,0,0,0,0,0,0,0,0,0,0,0,0,0,0,0,0,0,0,0,0,1,0,0,0,0,0,0,0,0,0,0,0,0
701,5rGrDvrLOV2VV8SCFVGWlj,Imanbek,190302,71,0,0,0,0,0,0,0,0,1,0,0,0,0,0,0,0,0,0,0,0,1,0,0,0,0,0,0,0,0,0,0,0,9
702,77AiFEVeAVj2ORpC85QVJs,Steve Aoki,3776578,71,0,0,0,0,0,0,0,0,1,0,0,0,0,0,0,0,0,0,0,0,1,0,0,0,0,0,0,0,0,0,0,0,9
703,6WGE3kO8ULME2ErBcOksSR,KAAZE,183768,53,0,0,0,0,0,0,0,0,1,0,0,0,0,0,0,0,0,0,0,0,0,0,0,0,0,0,0,0,0,0,0,0,2
704,2auikkNYqigWStoHWK1Grq,John Martin,44472,65,0,0,0,0,0,0,0,0,0,0,0,0,0,0,0,0,0,0,0,0,1,0,0,0,0,0,0,0,0,0,0,0,0
705,6xlRSRMLgZbsSNd0BMobwy,DENNIS,2139219,71,0,0,0,0,0,0,1,0,0,0,0,1,0,0,0,0,0,0,0,0,0,0,0,0,0,0,0,0,0,0,0,0,5
706,2UMj7NCbuqy1yUZmiSYGjJ,MC Kevin o Chris,3037879,77,0,0,0,0,0,0,0,0,0,0,0,1,0,0,0,0,0,0,0,0,0,0,0,0,0,0,0,0,0,0,0,0,5
707,790FomKkXshlbRYZFtlgla,KAROL G,37816584,87,0,0,0,0,0,0,0,0,0,0,0,0,0,1,0,0,0,0,0,0,0,0,0,1,0,0,0,0,0,0,0,0,7
708,1U1el3k54VvEUzo3ybLPlM,Kali Uchis,4984327,83,0,0,0,0,0,0,0,0,0,0,0,0,0,0,0,0,0,0,0,0,1,0,0,0,0,0,0,0,0,0,0,0,0
709,2oQX8QiMXOyuqbcZEFsZfm,El Alfa,3014369,76,0,0,0,0,0,0,0,0,0,0,0,0,0,1,0,0,0,1,0,0,0,0,0,1,0,0,0,0,0,0,0,0,7
711,1SupJlEpv7RS2tPNRaHViT,Nicky Jam,19105032,80,0,0,0,0,0,0,0,0,0,0,0,0,0,1,0,0,0,0,0,0,0,0,0,1,0,0,0,0,0,0,0,0,7
712,77ziqFxp5gaInVrF2lj4ht,Sech,11824058,79,0,0,0,0,0,0,0,0,0,0,0,0,0,1,0,0,0,0,0,0,1,0,0,1,0,0,0,0,0,0,0,0,7
713,6XkjpgcEsYab502Vr1bBeW,Grupo Frontera,1455823,85,0,0,0,0,0,0,0,0,0,0,0,0,0,0,0,0,0,1,0,0,0,0,0,0,0,0,0,0,0,0,0,0,5
714,1dKdetem2xEmjgvyymzytS,Grupo Firme,10542727,78,0,0,0,0,0,0,0,0,0,0,0,0,0,0,0,0,0,1,0,0,0,0,0,0,0,0,0,0,0,0,0,0,5
715,13LaDWlkqsIjVkIA9Hdciy,Astol,246069,42,0,0,0,0,0,0,0,0,0,0,0,0,0,0,0,0,0,0,0,0,1,0,0,0,0,0,0,0,0,0,0,0,0
718,6icQOAFXDZKsumw3YXyusw,Lil Yachty,9162692,75,0,0,0,0,0,0,0,0,0,0,0,0,0,1,0,0,0,0,0,0,0,0,0,0,0,0,0,0,0,0,0,0,1
719,7H9GIU0D6O5oHYTTlKrsAs,MAGENTA FLORA,756,8,0,0,0,0,0,0,0,0,0,0,0,0,0,0,0,0,0,0,0,0,1,0,0,0,0,0,0,0,0,0,0,0,0
722,49tQo2QULno7gxHutgccqF,LANY,5595322,70,0,0,0,0,0,0,0,0,0,0,0,0,0,0,0,0,0,0,0,0,1,0,0,0,0,0,0,0,0,0,0,0,0
723,5NhgsV7qPWHZqYEMKzbYvo,Faouzia,612777,61,0,0,0,0,0,0,0,0,0,0,0,0,0,0,0,0,0,0,0,0,1,0,0,0,1,0,0,0,0,0,0,0,0
724,7BMR0fwtEvzGtK4rNGdoiQ,Nia Archives,107500,58,0,0,0,0,0,0,0,0,1,0,0,0,0,0,0,0,0,0,0,0,0,0,0,0,0,0,0,0,0,0,0,0,2
726,2Ny7KtAFxJ0Ac3FPBiClWW,Yunes LaGrintaa,30820,43,0,0,0,0,0,0,0,0,0,0,0,0,0,1,0,0,0,0,0,0,0,0,0,0,0,0,0,0,0,0,0,0,1
729,7jg5p3qrEEKY7fqNzgoJ9K,Baby Sosa,1840,23,0,0,0,0,0,0,0,0,0,0,0,0,0,1,0,0,0,0,0,0,0,0,0,0,0,0,0,0,0,0,0,0,1
730,2ZZkOaLciQrKPqQ9lYm0Yi,Bubu Doc,14516,24,0,0,0,0,0,0,0,0,0,0,0,0,0,1,0,0,0,0,0,0,0,0,0,0,0,0,0,0,0,0,0,0,1
731,2QoU3awHVdcHS8LrZEKvSM,Wilco,711717,58,0,0,0,0,0,0,1,0,0,0,1,0,0,0,1,0,0,0,0,0,0,0,0,0,1,0,0,0,0,0,0,0,4
732,3M0H4efyA5YcijrKlaKbYn,Miles Kane,276727,56,0,0,0,0,0,0,0,0,0,0,0,0,0,0,1,0,0,0,0,0,1,0,0,0,1,0,0,0,0,0,0,0,6
733,5Mr3g9Iu3I1jnGYi2ATlH3,Machweo,1270,16,0,0,0,0,0,0,0,0,1,0,0,0,0,0,0,0,1,0,0,0,0,0,0,0,0,0,0,0,0,0,0,0,2
734,6bguntfj9ZnX1lFvSYl72d,Numcha,42123,40,0,0,0,0,0,0,0,0,0,0,0,0,0,0,0,0,0,0,0,0,1,0,0,0,0,0,0,0,0,0,0,0,0
744,72A0Z8q8NiochyK9gUHpCR,The Kolors,339777,63,0,0,0,0,0,0,0,0,0,0,0,0,0,0,0,0,0,0,0,0,1,0,0,0,0,0,0,0,0,0,0,0,0
746,2aya6KuqjXEhHBqYKsTPLs,Rose Villain,52222,63,0,0,0,0,0,0,0,0,0,0,0,0,0,1,1,0,0,0,0,0,1,0,0,0,0,0,0,0,0,0,0,0,6
747,3pgCLfNbw5ozIfoNsvDU7i,Fedez,2026718,65,0,0,0,0,0,0,0,0,0,0,0,0,0,0,0,0,0,0,0,0,1,0,0,0,0,0,0,0,0,0,0,0,0
748,0EqkKYDK9EkKY5N7zU3FPv,Annalisa,1128257,68,0,0,0,0,0,0,0,0,0,0,0,0,0,0,0,0,0,0,0,0,1,0,0,0,0,0,0,0,0,0,0,0,0
749,1Ij5ZIGlPTkoZibay58zHe,Articolo 31,558419,62,0,0,0,0,0,0,0,0,0,0,0,0,0,1,0,0,0,0,0,0,1,0,0,0,0,0,0,0,0,0,0,0,8
750,0gzwXezN4IUHAwLufA6YcX,Emma,885289,62,0,0,0,0,0,0,0,0,0,0,0,0,0,0,0,0,0,0,0,0,1,0,0,0,0,0,0,0,0,0,0,0,0
751,76UCIJTB0jcJvBaL0CdIqx,Takagi & Ketra,487984,66,0,0,0,0,0,0,0,0,0,0,0,0,0,0,0,0,0,0,0,0,1,0,0,0,0,0,0,0,0,0,0,0,0
752,1A6HBLulvBFzNtlMb7b08f,Angelina Mango,58961,60,0,0,0,0,0,0,0,0,0,0,0,0,0,0,0,0,0,0,0,0,1,0,0,0,0,0,0,0,0,0,0,0,0
754,5rRcnWrevHgbuWjl7Lhft7,Merk & Kremont,96445,61,0,0,0,0,0,0,0,0,1,0,0,0,0,0,0,0,0,0,0,0,0,0,0,0,0,0,0,0,0,0,0,0,2
755,3xGlLcG9CUrs5MvFkSLOS5,Marco Mengoni,1840013,67,0,0,0,0,0,0,0,0,0,0,0,0,0,0,0,0,0,0,0,0,1,0,0,0,0,0,0,0,0,0,0,0,0
756,7GgpsUpkj3olseoaTY7TEY,Elodie,692936,64,0,0,0,0,0,0,0,0,0,0,0,0,0,0,0,0,0,0,0,0,1,0,0,0,0,0,0,0,0,0,0,0,0
757,0L1f9i3L3fkMNENljDOsjG,Rocco Hunt,1637218,66,0,0,0,0,0,0,0,0,0,0,0,0,0,1,0,0,0,0,0,0,1,0,0,0,0,0,0,0,0,0,0,0,8
758,716NhGYqD1jl2wI1Qkgq36,Bizarrap,11923983,85,0,0,0,0,0,0,0,0,0,0,0,0,0,1,0,0,0,0,0,0,1,0,0,0,0,0,0,0,0,0,0,0,8
759,52iwsT98xCoGgiGntTiR7K,Quevedo,2490571,85,0,0,0,0,0,0,0,0,0,0,0,0,0,1,0,0,0,0,0,0,0,0,0,0,0,0,0,0,0,0,0,0,1
761,1i8SpTcr7yvPOmcqrbnVXY,Ozuna,37615237,86,0,0,0,0,0,0,0,0,0,0,0,0,0,1,0,0,0,0,0,0,1,0,0,1,0,0,0,0,0,0,0,0,7
762,0GOx72r5AAEKRGQFn3xqXK,GIMS,4034789,71,0,0,0,0,0,0,0,0,0,0,0,0,0,1,0,0,0,0,0,0,1,0,1,0,0,0,0,0,0,0,0,0,8
763,2R4kNOwHUUsuDYhKsESVbF,Artie 5ive,65377,63,0,0,0,0,0,0,0,0,0,0,0,0,0,1,0,0,0,0,0,0,0,0,0,0,0,0,0,0,0,0,0,0,1
764,7FeObngbQ0GY3SojNwKdKn,Bresh,182701,67,0,0,0,0,0,0,0,0,0,0,0,0,0,1,0,0,0,0,0,0,1,0,0,0,0,0,0,0,0,0,0,0,8
765,1mcTU81TzQhprhouKaTkpq,Rauw Alejandro,17824833,88,0,0,0,0,0,0,0,0,0,0,0,0,0,1,0,0,0,0,0,0,1,0,0,1,0,0,0,0,0,0,0,0,7
766,4az97MtWmBQ5Db3GfDh9j9,Morad,1853950,77,0,0,0,0,0,0,0,0,0,0,0,0,0,1,0,0,0,0,0,0,0,0,0,0,0,0,0,0,0,0,0,0,1
767,3IW7ScrzXmPvZhB27hmfgy,Jul,7868316,80,0,0,0,0,0,0,0,0,0,0,0,0,0,1,0,0,0,0,0,0,1,0,0,0,0,0,0,0,0,0,0,0,8
768,3HL1CyOnDLFJo1Rr8YBlKy,Mina,765492,62,0,1,0,0,0,0,0,0,0,0,0,0,0,0,0,0,0,0,0,0,1,0,0,0,0,0,0,0,0,0,0,0,0
769,1zNqDE7qDGCsyzJwohVaoX,Anne-Marie,11063833,79,0,0,0,0,0,0,0,0,0,0,0,0,0,0,0,0,0,0,0,0,1,0,0,0,0,0,0,0,0,0,0,0,0
770,6AMd49uBDJfhf30Ak2QR5s,Coi Leray,615857,78,0,0,0,0,0,0,0,0,0,0,0,0,0,1,0,0,0,0,0,0,0,0,0,0,0,0,0,0,0,0,0,0,1
771,2mLA48B366zkELXYx7hcDN,Peggy Gou,691228,73,0,0,0,0,0,0,0,0,1,0,0,0,0,0,0,0,0,0,0,0,0,0,0,0,0,0,0,0,0,0,0,0,2
772,59MLbXG0jLVwJup3KAd6m1,Mr.Rain,1029657,61,0,0,0,0,0,0,0,0,0,0,0,0,0,0,0,0,0,0,0,0,1,0,0,0,0,0,0,0,0,0,0,0,0
773,7dL0nOHwnSAsNAwpkPSGWP,sangiovanni,824898,61,0,0,0,0,0,0,0,0,0,0,0,0,0,0,0,0,0,0,0,0,1,0,0,0,0,0,0,0,0,0,0,0,0
774,24oVOFAARWAYUb1LaedbI0,Icy Subzero,116165,59,0,0,0,0,0,0,0,0,0,0,0,0,0,1,0,0,0,0,0,0,0,0,0,0,0,0,0,0,0,0,0,0,1
775,3lbFUmlaNMa9ZVSabLlkhn,Medy,180846,63,0,0,0,0,0,0,0,0,0,0,0,0,0,1,0,0,0,0,0,0,0,0,0,0,0,0,0,0,0,0,0,0,1
776,3LZZPxNDGDFVSIPqf4JuEf,Ice Spice,1703299,81,0,0,0,0,0,0,0,0,0,0,0,0,0,1,0,0,0,0,0,0,0,0,0,0,0,0,0,0,0,0,0,0,1
777,6kBjAFKyd0he7LiA5GQ3Gz,Aqua,542409,76,0,0,0,0,0,0,0,0,1,0,0,0,0,0,0,0,0,0,0,0,1,0,0,0,0,0,0,0,0,0,0,0,9
778,7BgEOZ9w3Y4IMShXTMu1nN,Frah Quintale,602769,64,0,0,0,0,0,0,0,0,0,0,0,0,0,1,1,0,0,0,0,0,1,0,0,0,0,0,0,0,0,0,0,0,6
779,5YV5crRpcdknHgEzystZHr,SHUNE,5168,63,0,0,0,0,0,0,0,0,0,0,0,0,0,1,0,0,0,0,0,0,0,0,0,0,0,0,0,0,0,0,0,0,1
780,44DWomjW1oDuxIoBIRpmQ4,Rhove,520248,66,0,0,0,0,0,0,0,0,0,0,0,0,0,1,0,0,0,0,0,0,0,0,0,0,0,0,0,0,0,0,0,0,1
781,1ZDu0fOcpCIjDwyl2cvk08,Vale Pain,319566,60,0,0,0,0,0,0,0,0,0,0,0,0,0,1,0,0,0,0,0,0,0,0,0,0,0,0,0,0,0,0,0,0,1
783,2KLafS2cc489GVGuYm5aE2,Don Pero,36074,54,0,0,0,0,0,0,0,0,0,0,0,0,0,1,0,0,0,0,0,0,0,0,0,0,0,0,0,0,0,0,0,0,1
784,1McMsnEElThX1knmY4oliG,Olivia Rodrigo,26793926,84,0,0,0,0,0,0,0,0,0,0,0,0,0,0,0,0,0,0,0,0,1,0,0,0,0,0,0,0,0,0,0,0,0
785,0niAkxgT6y57bRbT0Ge94z,LiL CaKe,137069,67,0,0,0,0,0,0,0,0,0,0,0,0,0,1,0,0,0,0,0,0,0,0,0,0,0,0,0,0,0,0,0,0,1
786,48R2gYdPKtfnfKAzhSVPUx,Migrantes,302438,69,0,0,0,0,0,0,0,0,0,0,0,0,0,0,0,0,0,1,0,0,0,0,0,0,0,0,0,0,0,0,0,0,5
788,6yGn8XOk9ZS6vUFf10sP96,Ntò,111068,46,0,0,0,0,0,0,0,0,0,0,0,0,0,1,0,0,0,0,0,0,0,0,0,0,0,0,0,0,0,0,0,0,1
790,2HHmvvSQ44ePDH7IKVzgK0,Jain,876201,71,0,0,0,0,0,0,0,0,0,0,0,0,0,0,0,0,0,0,0,0,1,0,0,0,0,0,0,0,0,0,0,0,0
791,06HL4z0CvFAxyc27GXpf02,Taylor Swift,81851122,100,0,0,0,0,0,0,0,0,0,0,0,0,0,0,0,0,0,0,0,0,1,0,0,0,0,0,0,0,0,0,0,0,0
792,7iK8PXO48WeuP03g8YR51W,Myke Towers,12004434,87,0,0,0,0,0,0,0,0,0,0,0,0,0,1,0,0,0,0,0,0,0,0,0,1,0,0,0,0,0,0,0,0,7
793,5RXnKYBIxi8zcFNCz03T71,Ludwig,86384,51,0,0,0,0,0,0,0,0,0,0,0,0,0,0,0,0,0,0,0,0,1,0,0,0,0,0,0,0,0,0,0,0,0
794,25uiPmTg16RbhZWAqwLBy5,Charli XCX,2924070,76,0,0,0,0,0,0,0,0,1,0,0,0,0,0,0,0,0,0,0,0,1,0,0,0,0,0,0,0,0,0,0,0,9
795,7gW0r5CkdEUMm42w9XpyZO,Laufey,1186408,75,0,0,0,0,0,0,0,0,0,0,0,0,0,0,0,0,0,0,0,0,0,0,0,0,0,0,1,0,0,0,0,0,5
796,07PdYoE4jVRF6Ut40GgVSP,Cartel De Santa,14976816,76,0,0,0,0,0,0,0,0,0,0,0,0,0,1,0,0,0,0,0,0,0,0,0,0,0,0,0,0,0,0,0,0,1
798,4gzpq5DPGxSnKTe4SA8HAU,Coldplay,46208991,87,0,0,0,0,0,0,0,0,0,0,0,0,0,0,0,0,0,0,0,0,1,0,0,0,1,0,0,0,0,0,0,0,0
800,0Vxqvpm9tpZcz6d4egDtjX,MC PR,67332,63,0,0,0,0,0,0,0,0,0,0,0,1,0,0,0,0,0,0,0,0,0,0,0,0,0,0,0,0,0,0,0,0,5
802,56oDRnqbIiwx4mymNEv7dS,Lizzo,5626695,75,0,0,0,0,0,0,0,0,0,0,0,0,0,1,0,0,0,0,0,0,1,0,0,0,0,0,0,0,1,0,0,0,8
803,582KhTHEVOONNQLmQ5612r,Calcutta ,631878,57,0,0,0,0,0,0,0,0,0,0,0,0,0,0,1,0,0,0,0,0,1,0,0,0,0,0,0,0,0,0,0,0,6
807,3YwqjMyrRfuixi2pbgTGCE,Heuss L'enfoiré,1442243,69,0,0,0,0,0,0,0,0,0,0,0,0,0,1,0,0,0,0,0,0,1,0,0,0,0,0,0,0,0,0,0,0,8
809,4RVnAU35WRWra6OZ3CbbMA,Kylie Minogue,1751276,71,0,0,0,0,0,0,0,0,1,0,0,0,0,0,0,0,0,0,0,1,1,0,0,0,0,0,0,0,0,0,0,0,9
810,4eSMsVzRJHhN1aq0IvZcyn,Gigi D'Alessio,481720,57,0,0,0,0,0,0,0,0,0,0,0,0,0,0,0,0,0,0,0,0,1,0,0,0,0,0,0,0,0,0,0,0,0
811,0aEGIwEOdAGXZ3lyWdyRs7,Ciccio Merolla,3177,46,0,0,0,0,0,0,0,0,0,0,0,0,0,0,1,0,0,0,0,0,0,0,0,0,0,0,0,0,0,0,0,0,4
813,6USv9qhCn6zfxlBQIYJ9qs,Dominic Fike,1218844,77,0,0,0,0,0,0,0,0,0,0,0,0,0,0,1,0,0,0,0,0,1,0,0,0,0,0,0,0,0,0,0,0,6
814,4X89u81dkCXBSGo8i2DhMW,LIBERATO,531173,56,0,0,0,0,0,0,0,0,0,0,0,0,0,1,1,0,0,0,0,0,1,0,1,0,0,0,0,0,0,0,0,0,6
815,6W8rk6H6C3Mcj0lALuLVg1,Robert Grace,154856,54,0,0,0,0,0,0,0,0,0,0,0,0,0,0,0,0,0,0,0,0,0,0,0,0,0,0,1,0,0,0,0,0,5
816,6Ip8FS7vWT1uKkJSweANQK,Dave,3397556,80,0,0,0,0,0,0,0,0,0,0,0,0,0,1,0,0,0,0,0,0,0,0,0,0,0,0,0,0,0,0,0,0,1
817,4E2rKHVDssGJm2SCDOMMJB,Doechii,306641,72,0,0,0,0,0,0,0,0,0,0,0,0,0,0,0,0,0,0,0,0,0,0,1,0,0,0,0,0,0,0,0,0,5
818,1QvK8bFc2WREH4LDlJcJbi,Blackway,38199,60,0,0,0,0,0,0,0,0,0,0,0,0,0,1,0,0,0,0,0,0,0,0,0,0,0,0,0,0,0,0,0,0,1
819,1wqW0IQWC7V7jktcjVHID6,Black Caviar,49629,60,0,0,0,0,0,0,0,0,0,0,0,0,0,0,0,0,0,0,0,0,1,0,0,0,0,0,0,0,0,0,0,0,0
820,2o5jDhtHVPhrJdv3cEQ99Z,Tiësto,7037865,82,0,0,0,0,0,0,0,0,1,0,0,0,0,0,0,0,0,0,0,0,1,0,0,0,0,0,0,0,0,0,0,0,9
821,49aaHxvAJ0tCh0F15OnwIl,Loreen,945591,70,0,0,0,0,0,0,0,0,0,0,0,0,0,0,0,0,0,0,0,0,1,0,0,0,0,0,0,0,0,0,0,0,0
822,4GJ6xDCF5jaUqD6avOuQT6,FIFTY FIFTY,1094928,77,0,0,0,0,0,0,0,0,0,0,0,0,0,0,0,0,0,0,0,0,1,0,0,0,0,0,0,0,0,0,0,0,0
823,3JhNCzhSMTxs9WLGJJxWOY,Macklemore,2102544,75,0,0,0,0,0,0,0,0,0,0,0,0,0,1,0,0,0,0,0,0,1,0,0,0,0,0,0,0,0,0,0,0,8
824,4myTppRgh0rojLxx8RycOp,Ryan Lewis,19387,72,0,0,0,0,0,0,0,0,0,0,0,0,0,0,0,0,0,0,0,0,1,0,0,0,0,0,0,0,0,0,0,0,0
826,6KImCVD70vtIoJWnq6nGn3,Harry Styles,28705440,86,0,0,0,0,0,0,0,0,0,0,0,0,0,0,0,0,0,0,0,0,1,0,0,0,0,0,0,0,0,0,0,0,0
827,49faW2w8eguUIAG5c85KcD,Venerus,103136,52,0,0,0,0,0,0,0,0,0,0,0,0,0,1,1,0,0,0,0,0,1,0,1,0,1,0,0,0,0,0,0,0,6
828,2KkO9uXHF9BVNJASjLekAc,Franco126,332320,57,0,0,0,0,0,0,0,0,0,0,0,0,0,1,1,0,0,0,0,0,1,0,0,0,0,0,0,0,0,0,0,0,6
829,3bf7Y2it29DeOjXpIibCOe,Zero Assoluto,268581,51,0,0,0,0,0,0,0,0,0,0,0,0,0,0,0,0,0,0,0,0,1,0,0,0,0,0,0,0,0,0,0,0,0
830,064Wlx4YXsDEqEG0o5Hjxg,Stefano Lentini,16053,48,0,0,0,0,0,0,0,0,0,0,0,0,0,0,0,0,0,0,0,0,0,0,0,0,0,0,0,0,1,0,0,0,3
832,4p5WgeiPSPpqPDs7T6OkWf,ANOTR,62661,61,0,0,0,0,0,0,0,0,1,0,0,0,0,0,0,0,0,0,0,0,0,0,0,0,0,0,0,0,0,0,0,0,2
834,2ih5M0aTrQ97JX1nZuxDQY,Iniko,512349,64,0,0,0,0,0,0,0,0,1,0,0,0,0,0,0,0,0,0,0,0,0,0,0,0,0,0,0,0,0,0,0,0,2
835,0EmeFodog0BfCgMzAIvKQp,Shakira,30634583,86,0,0,0,0,0,0,0,0,0,0,0,0,0,0,0,0,0,0,0,0,1,0,0,0,0,0,0,0,0,0,0,0,0
836,5YGY8feqx7naU7z4HrwZM6,Miley Cyrus,21687658,84,0,0,0,0,0,0,0,0,0,0,0,0,0,0,0,0,0,0,0,0,1,0,0,0,0,0,0,0,0,0,0,0,0
837,0qpMYTgbXRi1ZcX6vend3T,Jack Black,97623,59,0,0,0,0,0,1,0,0,0,0,0,0,0,0,0,0,0,0,0,0,0,0,0,0,0,0,0,0,0,0,0,0,5
838,1NNRWkhwmcXRimFYSBpB1y,Yng Lvcas,162537,76,0,0,0,0,0,0,0,0,0,0,0,0,0,0,0,0,0,0,0,0,0,0,0,1,0,0,0,0,0,0,0,0,7
839,12GqGscKJx3aE4t07u7eVZ,Peso Pluma,6006176,92,0,0,0,0,0,0,0,0,0,0,0,0,0,0,0,0,0,1,0,0,0,0,0,0,0,0,0,0,0,0,0,0,5
840,3ZpEKRjHaHANcpk10u6Ntq,Ayra Starr,1676029,72,0,0,0,0,0,0,0,0,0,0,0,0,0,0,0,0,0,0,0,0,0,0,0,0,0,0,0,0,0,0,1,0,5
844,5PlfkPxwCpRRWQJBxCa0By,HUGEL,152104,67,0,0,0,0,0,0,0,0,1,0,0,0,0,0,0,0,0,0,0,0,0,0,0,0,0,0,0,0,0,0,0,0,2
845,1Vr7DTbtTpOp4tn4hAGOYo,Lirico En La Casa,215124,60,0,0,0,0,0,0,0,0,0,0,0,0,0,1,0,0,0,1,0,0,0,0,0,0,0,0,0,0,0,0,0,0,1
847,1GmsPCcpKgF9OhlNXjOsbS,Lizzy McAlpine,627760,70,0,0,0,0,0,0,0,0,0,0,1,0,0,0,0,0,0,0,0,0,1,0,0,0,1,0,0,0,0,0,0,0,0
848,78rUTD7y6Cy67W1RVzYs7t,PinkPantheress,2275189,77,0,0,0,0,0,0,0,0,0,0,0,0,0,0,0,0,0,0,0,0,1,0,0,0,0,0,0,0,0,0,0,0,0
849,3MyFDtqB80WZvbtCZRsekM,Bakermat,396535,66,0,0,0,0,0,0,0,0,1,0,0,0,0,0,0,0,0,0,0,0,0,0,0,0,0,0,0,0,0,0,0,0,2
850,7zpN81tVvPwlHcJSkSCyRa,Young Marco,25490,45,0,0,0,0,0,0,0,0,1,0,0,0,0,0,0,0,0,0,0,0,0,0,0,0,0,0,0,0,0,0,0,0,2
851,1HY2Jd0NmPuamShAr6KMms,Lady Gaga,27444588,83,0,0,0,0,0,0,0,0,0,0,0,0,0,0,0,0,0,0,0,0,1,0,0,0,0,0,0,0,0,0,0,0,0
852,0EUR8jz8L936AEbV2Spkca,Kid Yugi,54064,63,0,0,0,0,0,0,0,0,0,0,0,0,0,1,0,0,0,0,0,0,0,0,0,0,0,0,0,0,0,0,0,0,1
853,4mAsWDGLUIEdo6imU77WG6,Boomdabash,698804,63,0,0,0,0,0,0,0,0,0,0,0,0,0,0,0,0,0,0,0,0,1,0,0,1,0,0,0,0,0,0,0,0,0
854,6sXWE3eSY59H6zy1tiRPue,Paola & Chiara,39625,57,0,0,0,0,0,0,0,0,0,0,0,0,0,0,0,0,0,0,0,0,1,0,0,0,0,0,0,0,0,0,0,0,0
855,0huGjMyP507tBCARyzSkrv,Cordae,1957908,69,0,0,0,0,0,0,0,0,0,0,0,0,0,1,0,0,0,0,0,0,1,0,0,0,0,0,0,0,0,0,0,0,8
856,6Ha4aES39QiVjR0L2lwuwq,Yo Gotti,4333986,64,0,0,0,0,0,0,0,0,0,0,0,0,0,1,0,0,0,0,0,0,0,0,0,0,0,0,0,0,0,0,0,0,1
857,7z5WFjZAIYejWy0NI5lv4T,Dan + Shay,3018308,71,0,1,0,0,0,0,1,0,0,0,0,0,0,0,0,0,0,0,0,0,0,0,0,0,0,0,0,0,0,0,0,0,5
858,0fiWOxhsBsQQvFDtxUQWo0,Brett Young,1008806,66,0,1,0,0,0,0,1,0,0,0,0,0,0,0,0,0,0,0,0,0,0,0,0,0,0,0,0,0,0,0,0,0,5
859,3DGlTwdM5Dim9XQipb3jMf,Jordan Ward,94055,56,0,0,0,0,0,0,0,0,0,0,0,0,0,1,0,0,0,0,0,0,0,0,1,0,0,0,0,0,0,0,0,0,1
860,0LOK81e9H5lr61HlGGHqwA,XG,727322,66,0,0,0,0,0,0,0,0,0,0,0,0,0,0,0,0,0,0,0,0,1,0,0,0,0,0,0,0,0,0,0,0,0
861,4XC335ouK6pXyq4QiIb8bP,Eliza Rose,41866,60,0,0,0,0,0,0,0,0,1,0,0,0,0,0,0,0,0,0,0,0,0,0,0,0,0,0,0,0,0,0,0,0,2
862,7B1LLuCQk13H4Mb6CFBftU,The Martinez Brothers,200528,53,0,0,0,0,0,0,0,0,1,0,0,0,0,0,0,0,0,0,0,0,0,0,0,0,0,0,0,0,0,0,0,0,2
863,5JKePhHHAtaMvBoWuULgm6,Bennett Coast,19814,48,0,0,0,0,0,0,0,0,0,0,0,0,0,0,0,0,0,0,0,0,1,0,0,0,0,0,0,0,0,0,0,0,0
864,74slMAMk8L6oMf6OhNyZ8Q,Brenn!,76911,56,0,0,0,0,0,0,0,0,0,0,0,0,0,0,0,0,0,0,0,0,0,0,0,0,0,0,1,0,0,0,0,0,5
866,68McnNC9twEtiynOAJRRgZ,Uncle Waffles,281182,50,0,0,0,0,0,0,0,0,1,0,0,0,0,1,0,0,0,0,0,0,0,0,0,0,0,0,0,0,0,0,0,0,2
868,6omm7OGZMQZ2XODf4JVKnQ,Manana,23441,37,0,0,0,0,0,0,0,0,0,0,0,0,0,0,0,0,0,0,0,0,1,0,0,0,0,0,0,0,0,0,0,0,0
870,40LHVA5BTQp9RxHOQ9JPYj,Lauren Daigle,2477587,67,0,0,0,0,1,0,0,0,0,0,0,0,0,0,0,0,0,0,0,0,0,0,0,0,1,0,0,0,0,0,0,1,4
871,7FY5V3XMwlNBPitEjXowHQ,Darius Rucker,2461680,66,0,1,0,1,0,0,1,0,0,0,0,0,0,0,0,0,0,0,0,0,0,0,0,0,0,0,0,0,0,0,0,0,5
873,2KC9Qb60EaY0kW4eH68vr3,ITZY,5692292,70,0,0,0,0,0,0,0,0,0,0,0,0,0,0,0,0,0,0,0,0,1,0,0,0,0,0,0,0,0,0,0,0,0
874,6fxyWrfmjcbj5d12gXeiNV,Denzel Curry,2363020,69,0,0,0,0,0,0,0,0,0,0,0,0,0,1,0,0,0,0,0,0,1,0,0,0,0,0,0,0,0,0,0,0,8
875,04zbRSHjzlQYvV31SW7qZ4,ICECOLDBISHOP,13234,39,0,0,0,0,0,0,0,0,0,0,0,0,0,1,0,0,0,0,0,0,0,0,0,0,0,0,0,0,0,0,0,0,1
876,2YOYua8FpudSEiB9s88IgQ,Yung Gravy,1605986,68,0,0,0,0,0,1,0,0,0,0,0,0,0,1,0,0,0,0,0,0,0,0,0,0,0,0,0,0,0,0,0,0,1
877,41X1TR6hrK8Q2ZCpp2EqCz,bbno$,1245827,70,0,0,0,0,0,1,0,0,0,0,0,0,0,1,0,0,0,0,0,0,0,0,0,0,0,0,0,0,0,0,0,0,1
878,0dlDsD7y6ccmDm8tuWCU6F,Freddie Dredd,1573369,72,0,0,0,0,0,0,0,0,0,0,0,0,0,1,0,0,0,0,0,0,0,0,0,0,0,0,0,0,0,0,0,0,1
880,1MXZ0hsGic96dWRDKwAwdr,Tyla Yaweh,523504,58,0,0,0,0,0,0,0,0,0,0,0,0,0,1,0,0,0,0,0,0,0,0,0,0,0,0,0,0,0,0,0,0,1
881,5szdY7KaSi7epwyffrbV8c,Poolside,258294,58,0,0,0,0,0,0,0,1,1,0,0,0,0,0,0,0,0,0,0,0,0,0,0,0,0,0,0,1,0,0,0,0,2
882,6ft7JnxMyZhp7N52qzHymY,Vansire,290326,65,0,0,0,0,0,0,0,0,0,0,0,0,0,0,1,0,0,0,0,0,1,0,0,0,0,0,0,0,0,0,0,0,6
883,4o0pNHbyj36LPvukNqEug0,The Maine,558151,58,0,0,0,0,0,0,0,0,0,0,0,0,0,0,1,0,0,0,0,0,1,0,0,0,0,0,0,0,0,0,0,0,6
884,3KNIG74xSTc3dj0TRy7pGX,Yung Bleu,1380056,64,0,0,0,0,0,0,0,0,0,0,0,0,0,1,0,0,0,0,0,0,0,0,0,0,0,0,0,0,0,0,0,0,1
885,4jwROPSUkTkohLCRiyjiZZ,DESTIN CONRAD,81904,57,0,0,0,0,0,0,0,0,0,0,0,0,0,0,0,0,0,0,0,0,0,0,1,0,0,0,0,0,0,0,0,0,5
886,2tBWWgGv7H5ymPtJrT1rNu,Σtella,24346,50,0,0,0,0,0,0,0,0,0,0,0,0,0,0,1,0,0,0,0,0,0,0,0,0,0,0,0,0,0,0,0,0,4
887,25jJ6vyXwTRa0e6XCcdR6U,Ari Abdul,236533,65,0,1,0,0,0,0,0,0,0,0,0,0,0,0,0,0,0,0,0,0,0,0,1,0,0,0,0,0,0,0,0,0,5
889,5ictveRyhWRs8Gt8Dvt1hS,The Front Bottoms,658088,61,0,0,0,0,0,0,0,0,0,1,0,0,0,0,1,0,0,0,0,0,0,0,0,0,0,0,0,0,0,0,0,0,4
890,2NdeV5rLm47xAvogXrYhJX,Ciara,6240602,68,0,0,0,0,0,0,0,0,0,0,0,0,0,0,0,0,0,0,0,0,1,0,1,0,0,0,0,0,0,0,0,0,0
891,42yf4QkiE9a252krn9OUCb,Sauce Walka,336054,52,0,0,0,0,0,0,0,0,0,0,0,0,0,1,0,0,0,0,0,0,0,0,0,0,0,0,0,0,0,0,0,0,1
892,1IQ4CjwKkdARjL5KtYiMt4,Ez Mil,105675,52,0,0,0,0,0,0,0,0,0,0,0,0,0,1,0,0,0,0,0,0,0,0,0,0,0,0,0,0,0,0,0,0,1
893,59wfkuBoNyhDMQGCljbUbA,Diddy,1511436,70,0,0,0,0,0,0,0,0,0,0,0,0,0,1,0,0,0,0,0,0,1,0,0,0,0,0,0,0,0,0,0,0,8
894,6roDXEmZ6AARdOUv6x5U2v,Felix Cartal,98754,52,0,0,0,0,0,0,0,0,1,0,0,0,0,0,0,0,0,0,0,0,1,0,0,0,0,0,0,0,0,0,0,0,9
895,1QOHbhVRpDoNtRkz79si6b,Karen Harding,54343,56,0,0,0,0,0,0,0,0,1,0,0,0,0,0,0,0,0,0,0,0,1,0,0,0,0,0,0,0,0,0,0,0,9
896,384r9G0NILqkGrQL8IPMkC,Bathe Alone,9262,47,0,0,0,0,0,0,0,0,0,0,0,0,1,0,0,0,0,0,0,0,0,0,0,0,1,0,0,0,0,0,0,0,4
898,69tiO1fG8VWduDl3ji2qhI,Mt. Joy,386310,67,0,0,0,0,0,0,0,0,0,0,1,0,0,0,1,0,0,0,0,0,0,0,0,0,0,0,0,0,0,0,0,0,4
899,0OEYE03fBF2VoTBxGuaUxL,Chri$tian Gate$,226954,63,0,0,0,0,0,0,0,0,0,0,0,0,0,1,0,0,0,0,0,0,0,0,0,0,0,0,1,0,0,0,0,0,1
902,1A9o3Ljt67pFZ89YtPPL5X,Snoh Aalegra,1047210,64,0,0,0,0,0,0,0,0,0,0,0,0,0,0,0,0,0,0,0,0,0,0,1,0,0,0,0,1,0,0,0,0,5
903,1HcAkAeL4xf02wzAnl7mIV,Michaël Brun,43034,50,0,0,0,0,0,0,0,0,0,0,0,0,0,0,0,0,0,0,0,0,0,0,0,0,0,0,0,0,0,0,1,0,5
904,1XavfPKBpNjkOfxHINlMHF,Joeboy,1363852,62,0,0,0,0,0,0,0,0,0,0,0,0,0,0,0,0,0,0,0,0,1,0,0,0,0,0,0,0,0,0,1,0,0
905,24V5UY0nChKpnb1TBPJhCw,Jai Wolf,287511,52,0,0,0,0,0,0,0,0,1,0,0,0,0,0,0,0,0,0,0,0,0,0,0,0,0,0,0,0,0,0,0,0,2
906,2xe8IXgCTpwHE3eA9hTs4n,BANKS,1049752,56,0,0,0,0,0,0,0,0,1,0,0,0,0,0,0,0,0,0,0,0,1,0,0,0,0,0,0,0,0,0,0,0,9
907,7Gi6gjaWy3DxyilpF1a8Is,Junior H,9175738,87,0,0,0,0,0,0,0,0,0,0,0,0,0,0,0,0,0,1,0,0,0,0,0,0,0,0,0,0,0,0,0,0,5
908,3g2yaL04Uapb5fxmwsUZgV,Kylie Morgan,92037,56,0,0,0,0,0,0,1,0,0,0,0,0,0,0,0,0,0,0,0,0,0,0,0,0,0,0,0,0,0,0,0,0,5
911,1bdnGJxkbIIys5Jhk1T74v,Brandon Lake,281632,66,0,0,0,0,1,0,0,0,0,0,0,0,0,0,0,0,0,0,0,0,0,0,0,0,0,0,0,0,0,0,0,1,5
912,3gPZCcrc8KG2RuVl3rtbQ2,✝✝✝ (Crosses),240060,48,0,0,0,0,0,0,0,0,0,0,0,0,0,0,0,0,0,0,0,0,0,0,0,0,1,0,0,0,0,0,0,0,4
913,1jBoSSrbz9n4ehQWA4cZgB,Rob49,43889,68,0,0,0,0,0,0,0,0,0,0,0,0,0,1,0,0,0,0,0,0,0,0,0,0,0,0,0,0,0,0,0,0,1
914,1GVenmuuAtusi17LY6FvgI,Skilla Baby,43029,55,0,0,0,0,0,0,0,0,0,0,0,0,0,1,0,0,0,0,0,0,0,0,0,0,0,0,0,0,0,0,0,0,1
915,1bPS827zEKbtWhNcWUMTpO,Tay B,23263,40,0,0,0,0,0,0,0,0,0,0,0,0,0,1,0,0,0,0,0,0,0,0,0,0,0,0,0,0,0,0,0,0,1
916,47TMF0JlFsz01KilGzc5Ly,Kalan.FrFr,95653,51,0,1,0,0,0,0,0,0,0,0,0,0,0,1,0,0,0,0,0,0,0,0,0,0,0,0,0,0,0,0,0,0,1
917,5LHRHt1k9lMyONurDHEdrp,Tyga,6876810,78,0,0,0,0,0,0,0,0,0,0,0,0,0,1,0,0,0,0,0,0,1,0,0,0,0,0,0,0,0,0,0,0,8
918,6DARBhWbfcS9E4yJzcliqQ,Karan Aujla,5621859,72,0,0,0,0,0,0,0,0,0,0,0,0,0,1,0,0,0,0,0,0,1,0,0,0,0,0,0,0,0,0,0,0,8
919,3nqS8jzqmsPKFJTp0BOIel,Ikky,35282,66,0,0,0,0,0,0,0,0,0,0,0,0,0,0,0,0,0,0,0,0,1,0,0,0,0,0,0,0,0,0,0,0,0
921,0iqCNJHozJhcjPDoX1EJ6a,marinelli,9193,34,0,0,0,0,0,0,0,0,0,0,0,0,0,0,0,0,0,0,0,0,1,0,0,0,0,0,0,0,0,0,0,0,0
922,3ajf12ub55b51qcS94d9Co,Orla Gartland,230380,50,0,0,0,0,0,0,0,0,0,0,0,0,0,0,0,0,0,0,0,0,1,0,0,0,0,0,0,0,0,0,0,0,0
923,5tOWIviwLM1EIqGAbF8VSU,SebastiAn,128237,44,0,0,0,0,0,0,0,0,1,0,0,0,0,0,0,0,0,0,0,0,0,0,0,0,0,0,0,0,0,0,0,0,2
924,5ae3MM8dgOn3QPHzqFDJlY,Kevin Ross,104865,53,0,0,0,0,0,0,0,0,0,0,0,0,0,0,0,0,0,0,0,0,1,0,0,0,0,0,0,0,0,0,0,0,0
925,7ibAWtDtmEfaVhc1FJ3Vl9,Eric Bellinger,814605,60,0,0,0,0,0,0,0,0,0,0,0,0,0,0,0,0,0,0,0,0,1,0,1,0,0,0,0,0,0,0,0,0,0
926,6kf69CwzgodrETRgzcjX95,BAMBII,10834,36,0,0,0,0,0,0,0,0,0,0,0,0,0,0,0,0,0,0,0,0,0,0,0,1,0,0,0,0,0,0,0,0,7
927,5ITI6SEoUZMIXXkzCfr4oE,Aluna,62916,62,0,0,0,0,0,0,0,0,0,0,0,0,0,0,0,0,0,0,0,0,1,0,0,0,0,0,0,0,0,0,0,0,0
928,2d6ggH1oVt4z2zCuY2u5DW,Durand Bernarr,68815,46,0,0,0,0,0,0,0,0,0,0,0,0,0,0,0,0,0,0,0,0,0,0,1,0,0,0,0,0,0,0,0,0,5
930,2hejA1Dkf8v8R0koF44FvW,Gera MX,4348762,74,0,0,0,0,0,0,0,0,0,0,0,0,0,1,0,0,0,0,0,0,0,0,0,0,0,0,0,0,0,0,0,0,1
931,1Q6SZxTvaE3HhslV0iXbI6,Herencia de Patrones,1682658,66,0,0,0,0,0,0,0,0,0,0,0,0,0,0,0,0,0,1,0,0,0,0,0,0,0,0,0,0,0,0,0,0,5
932,6XpXnnKHIhCOUbOLOJGe6o,REASON,199084,51,0,0,0,0,0,0,0,0,0,0,0,0,0,1,0,0,0,0,0,0,0,0,0,0,0,0,0,0,0,0,0,0,1
933,4s8ZGMVf3OiPktSP4ulpqU,9th Wonder,196990,53,0,0,0,0,0,0,0,0,0,0,0,0,0,1,0,0,0,0,0,0,0,0,0,0,0,0,0,0,0,0,0,0,1
934,5rDXcEIODl8TgGTgrntnjX,Rexx Life Raj,150724,50,0,0,0,0,0,0,0,0,0,0,0,0,0,1,0,0,0,0,0,0,0,0,0,0,0,0,0,0,0,0,0,0,1
935,4JG781pl96pL2h0AoERgOA,Keyon Harrold,12797,39,0,0,0,0,0,0,0,0,0,0,0,0,0,0,0,0,1,0,0,0,0,0,0,0,0,0,0,0,0,0,0,0,5
937,5rjz63sgMaAUAyBMyCUK5D,Avery Anna,88665,50,0,0,0,0,0,0,1,0,0,0,0,0,0,0,0,0,0,0,0,0,0,0,0,0,0,0,1,0,0,0,0,0,5
938,6BpvASijzSWj7gnZD4Dvf1,Priscilla Block,101677,58,0,0,0,0,0,0,1,0,0,0,0,0,0,0,0,0,0,0,0,0,0,0,0,0,0,0,0,0,0,0,0,0,5
939,6meTcQ79DrfkIuSLPZkpBg,The Story So Far,426586,57,0,0,0,0,0,0,0,0,0,1,0,0,0,0,0,0,0,0,0,0,1,0,0,0,0,0,0,0,0,0,0,0,0
940,13dTrWNNrnZ3AkgNyQNKP5,The Linda Lindas,124628,39,0,0,0,0,0,0,0,0,0,0,0,0,0,0,0,0,0,0,0,0,0,1,0,0,0,0,0,0,0,0,0,0,5
943,3YYbAExunnHv5pW7GUZefk,DC The Don,274124,55,0,0,0,0,0,0,0,0,0,0,0,0,0,1,0,0,0,0,0,0,0,0,0,0,0,0,0,0,0,0,0,0,1
944,7hf5PZjVOqTQ2id3PF7I5Y,B-Lovee,138346,55,0,0,0,0,0,0,0,0,0,0,0,0,0,1,0,0,0,0,0,0,0,0,0,0,0,0,0,0,0,0,0,0,1
945,1K15GRZZATsCJyGJ4bYiEz,Luh Tyler,147775,62,0,0,0,0,0,0,0,0,0,0,0,0,0,1,0,0,0,0,0,0,0,0,0,0,0,0,0,0,0,0,0,0,1
946,7aFTOGFDEqDtJUCziLVsVC,Nao,628971,55,0,0,0,0,0,0,0,0,0,0,0,0,0,0,0,0,0,0,0,0,0,0,1,0,0,0,0,0,0,0,0,0,5
947,5FkUhnHQ0KC63549LHHtst,Skillibeng,289819,57,0,0,0,0,0,0,0,0,0,0,0,0,0,1,0,0,0,0,0,0,0,0,0,1,0,0,0,0,0,0,0,0,7
948,7DgpPXntG6DkNR4hCi4PjP,Chesca,25412,41,0,0,0,0,0,0,0,0,0,0,0,0,0,1,0,0,0,0,0,0,0,0,0,0,0,0,0,0,0,0,0,0,1
949,0KKUc4amZyvswV2YL6WTar,Mariah Angeliq,462432,62,0,0,0,0,0,0,0,0,0,0,0,0,0,1,0,0,0,0,0,0,0,0,0,0,0,0,0,0,0,0,0,0,1
950,6hfwwpXqZPRC9CsKI7qtv1,Alina Baraz,1344854,63,0,0,0,0,0,0,0,0,1,0,0,0,0,0,0,0,0,0,0,0,0,0,0,0,0,0,0,0,0,0,0,0,2
953,4YJQjp0wW8B5luWzPOcHrG,María Centeno,7798,27,0,0,0,0,0,0,0,0,0,0,0,0,0,0,1,0,0,0,0,0,0,0,0,0,0,0,0,0,0,0,0,0,4
954,3kN2uYBnEM2IqRxa69sxkr,Noa Sainz,19508,34,0,0,0,0,0,0,0,0,0,0,0,0,0,0,0,0,0,0,0,0,0,0,1,0,0,0,0,0,0,0,0,0,5
955,4eYE8Z6cfEHEdG22lTyucP,Morgan Wade,100734,55,0,0,0,0,0,0,1,0,0,0,0,0,0,0,0,0,0,0,0,0,0,0,0,0,0,0,0,0,0,0,0,0,5
956,1IdbSuYtF7RSaFarmctwoE,King Calaway,11561,32,0,0,0,0,0,0,1,0,0,0,0,0,0,0,0,0,0,0,0,0,0,0,0,0,0,0,0,0,0,0,0,0,5
957,4e9TBaTlI3LVQz3tkTYC0I,Hailey Whitters,58352,57,0,0,0,0,0,0,1,0,0,0,0,0,0,0,0,0,0,0,0,0,0,0,0,0,0,0,0,0,0,0,0,0,5
958,2o8gT0fQmFxGNbowbdgeZe,DPR IAN,825440,62,0,0,0,0,0,0,0,0,0,0,0,0,0,1,0,0,0,0,0,0,0,0,0,0,0,0,0,0,0,0,0,0,1
